{
"type": "FeatureCollection",
"name": "biwako",
"features": [
{ "type": "Feature", "properties": { "W09_001": "琵琶湖", "W09_002": "25201,25202,25203,25204,25206,25207,25210,25212,25214,25301,25403,25464,25483,25484,25501,25502,25504", "W09_003": "104", "W09_004": "84" }, "geometry": { "type": "Polygon", "coordinates": [ [ [ 136.16065583, 35.49142167 ], [ 136.160552779999989, 35.49181028 ], [ 136.160449449999987, 35.4920525 ], [ 136.16024278, 35.4924075 ], [ 136.16011888, 35.4926725 ], [ 136.15998805000001, 35.49287528 ], [ 136.15984361, 35.49302167 ], [ 136.159513049999987, 35.49328667 ], [ 136.15938917, 35.493405 ], [ 136.15931361, 35.49351778 ], [ 136.15926528, 35.49363028 ], [ 136.15925833, 35.49381639 ], [ 136.15931361, 35.49398527 ], [ 136.15936861, 35.49416583 ], [ 136.15936861, 35.49443583 ], [ 136.15934805, 35.49450916 ], [ 136.159341110000014, 35.49474583 ], [ 136.15942361, 35.49503889 ], [ 136.15943056, 35.49529806 ], [ 136.15937667, 35.49548083 ], [ 136.15922833, 35.49551194 ], [ 136.15926861, 35.49592416 ], [ 136.1595125, 35.49620666 ], [ 136.159636940000013, 35.49625611 ], [ 136.15980223, 35.4963575 ], [ 136.16008444, 35.49650417 ], [ 136.16026194, 35.49664917 ], [ 136.16065667, 35.49673777 ], [ 136.16103333, 35.49681888 ], [ 136.161704719999989, 35.49694584 ], [ 136.161798330000011, 35.49693806 ], [ 136.1620325, 35.49693806 ], [ 136.16217694, 35.49696056 ], [ 136.162321670000011, 35.49703945 ], [ 136.162548609999988, 35.49720806 ], [ 136.16276222, 35.49740528 ], [ 136.16287222, 35.49755195 ], [ 136.162906670000012, 35.49763639 ], [ 136.1628925, 35.49798583 ], [ 136.16290834, 35.49809723 ], [ 136.16293416, 35.49823389 ], [ 136.16296806, 35.49835195 ], [ 136.16303167, 35.49851194 ], [ 136.16315916, 35.49873084 ], [ 136.16326389, 35.49875027 ], [ 136.16331833000001, 35.49878528 ], [ 136.16334194, 35.49883305 ], [ 136.16334194, 35.498865 ], [ 136.16338472000001, 35.4989 ], [ 136.16341194, 35.49893833 ], [ 136.16341583, 35.4989925 ], [ 136.16340806, 35.4990275 ], [ 136.16341972, 35.49907222 ], [ 136.163427500000012, 35.49912334 ], [ 136.16340806, 35.49917416 ], [ 136.16337694, 35.49921889 ], [ 136.16331833000001, 35.49926028 ], [ 136.163259720000013, 35.49927723 ], [ 136.1631975, 35.49949722 ], [ 136.16315444, 35.49964833 ], [ 136.16322334, 35.49999166 ], [ 136.163237220000013, 35.50016083 ], [ 136.16325778, 35.50027917 ], [ 136.16354694, 35.50069611 ], [ 136.16367084, 35.50089888 ], [ 136.16372583, 35.50106222 ], [ 136.16373972, 35.50107362 ], [ 136.16378083, 35.501175 ], [ 136.163884169999989, 35.50137222 ], [ 136.16408389, 35.50167667 ], [ 136.16413194, 35.501795 ], [ 136.16414583, 35.501885 ], [ 136.1641525, 35.50193 ], [ 136.164153340000013, 35.50197861 ], [ 136.164157780000011, 35.50205056 ], [ 136.164153340000013, 35.50214417 ], [ 136.164173330000011, 35.50216667 ], [ 136.1641525, 35.50217944 ], [ 136.164156389999988, 35.50223361 ], [ 136.16419278, 35.50230806 ], [ 136.16419944, 35.50235778 ], [ 136.16417611, 35.5024125 ], [ 136.164144169999986, 35.50246111 ], [ 136.16413361, 35.50251306 ], [ 136.16410195, 35.50253 ], [ 136.16404889, 35.50254445 ], [ 136.16400861, 35.50259306 ], [ 136.16396778, 35.50262527 ], [ 136.16393611, 35.50265111 ], [ 136.1638975, 35.50265111 ], [ 136.16386222, 35.50264833 ], [ 136.16382694, 35.50263084 ], [ 136.16380584, 35.50259639 ], [ 136.16376361, 35.50259333 ], [ 136.16372112, 35.50259056 ], [ 136.16368583, 35.50257334 ], [ 136.163661389999987, 35.50253583 ], [ 136.16362945, 35.50248111 ], [ 136.16362945, 35.50244667 ], [ 136.16361889, 35.50242361 ], [ 136.163587220000011, 35.50238611 ], [ 136.16357667, 35.50235723 ], [ 136.16357667, 35.50232834 ], [ 136.16360139, 35.50229389 ], [ 136.1636225, 35.50226778 ], [ 136.16363306, 35.50223611 ], [ 136.16366833, 35.50221584 ], [ 136.1637, 35.50221027 ], [ 136.16372834, 35.50220722 ], [ 136.16372583, 35.50218944 ], [ 136.163705279999988, 35.50208806 ], [ 136.16367084, 35.50202611 ], [ 136.1636225, 35.50199777 ], [ 136.16349194, 35.50196972 ], [ 136.16327166, 35.50196389 ], [ 136.16310639, 35.50200917 ], [ 136.16305806, 35.50204861 ], [ 136.162899720000013, 35.50231333 ], [ 136.16283778, 35.50235278 ], [ 136.162727780000012, 35.50239223 ], [ 136.16251444, 35.50241473 ], [ 136.162383620000014, 35.50246556 ], [ 136.16230084, 35.50252723 ], [ 136.16222528, 35.50260056 ], [ 136.16213556, 35.50278083 ], [ 136.16206695, 35.5030175 ], [ 136.16205722, 35.50317528 ], [ 136.162081120000011, 35.5033275 ], [ 136.162081120000011, 35.50348528 ], [ 136.16217083, 35.50375 ], [ 136.16248084, 35.50440945 ], [ 136.16252916, 35.50454472 ], [ 136.162570280000011, 35.50478694 ], [ 136.162728890000011, 35.50513056 ], [ 136.16280472, 35.50537861 ], [ 136.162901119999987, 35.50558695 ], [ 136.16292195, 35.50564889 ], [ 136.16292861, 35.50585167 ], [ 136.162901119999987, 35.50597 ], [ 136.162901119999987, 35.5062575 ], [ 136.16293556, 35.5063475 ], [ 136.163045829999987, 35.50651111 ], [ 136.163101110000014, 35.50661805 ], [ 136.16312167000001, 35.50693361 ], [ 136.163156109999989, 35.50710278 ], [ 136.163156109999989, 35.50724917 ], [ 136.162894169999987, 35.50785778 ], [ 136.16280472, 35.50818472 ], [ 136.162715, 35.50843806 ], [ 136.16247389, 35.50883806 ], [ 136.16236361, 35.50912555 ], [ 136.16230167, 35.50926639 ], [ 136.16223972, 35.50955389 ], [ 136.16215695, 35.50973417 ], [ 136.16201222, 35.509965 ], [ 136.16190889, 35.51009472 ], [ 136.16147472, 35.51052306 ], [ 136.161233610000011, 35.51088944 ], [ 136.16109556, 35.51112027 ], [ 136.16090972, 35.51135111 ], [ 136.160781390000011, 35.51157444 ], [ 136.16075111, 35.51162723 ], [ 136.160565, 35.51199917 ], [ 136.16051, 35.51214556 ], [ 136.16048222, 35.51235973 ], [ 136.16044111, 35.51243306 ], [ 136.160351389999988, 35.51252333 ], [ 136.16016417, 35.51261527 ], [ 136.16028972, 35.51270362 ], [ 136.16031722, 35.5127375 ], [ 136.160351389999988, 35.51291778 ], [ 136.160399719999987, 35.51301361 ], [ 136.16048222, 35.5130925 ], [ 136.16060639, 35.51316 ], [ 136.16092333, 35.51331222 ], [ 136.161026670000012, 35.51334611 ], [ 136.161185280000012, 35.51334611 ], [ 136.161288610000014, 35.51331778 ], [ 136.16145389, 35.51323889 ], [ 136.16169528, 35.51309806 ], [ 136.161791670000014, 35.51309806 ], [ 136.16187445, 35.51313194 ], [ 136.16191583, 35.51316556 ], [ 136.16199834, 35.51332333 ], [ 136.16202611, 35.51339111 ], [ 136.16203973, 35.51341361 ], [ 136.162287780000014, 35.51330667 ], [ 136.16242555, 35.51327833 ], [ 136.16261139, 35.51327 ], [ 136.16279778, 35.51326139 ], [ 136.16284611, 35.51323333 ], [ 136.16297, 35.51323333 ], [ 136.16314917, 35.51333472 ], [ 136.16321806, 35.513425 ], [ 136.16323194, 35.5134475 ], [ 136.16323889, 35.51373472 ], [ 136.16330084, 35.51394333 ], [ 136.163328330000013, 35.51401083 ], [ 136.16357639, 35.51438833 ], [ 136.16363861, 35.51447278 ], [ 136.163680559999989, 35.51454777 ], [ 136.16371444, 35.51460805 ], [ 136.16374166, 35.51478278 ], [ 136.16376222, 35.51499695 ], [ 136.163796670000011, 35.51509833 ], [ 136.16390694, 35.51531805 ], [ 136.16394139, 35.515425 ], [ 136.16398277, 35.51579694 ], [ 136.16402416, 35.51594916 ], [ 136.16407916, 35.51605611 ], [ 136.16421028, 35.51619139 ], [ 136.164454439999986, 35.51631889 ], [ 136.16473389, 35.5163775 ], [ 136.16487862, 35.5164675 ], [ 136.16496139, 35.51650139 ], [ 136.16474084, 35.51624778 ], [ 136.16446362, 35.51615055 ], [ 136.16421028, 35.51599416 ], [ 136.164148329999989, 35.51589833 ], [ 136.16413445, 35.51576333 ], [ 136.164161940000014, 35.51561667 ], [ 136.164161940000014, 35.51550389 ], [ 136.164106940000011, 35.51536861 ], [ 136.16396222, 35.51519972 ], [ 136.163934719999986, 35.51512083 ], [ 136.16390694, 35.51479972 ], [ 136.16391389, 35.51466444 ], [ 136.163934719999986, 35.51459667 ], [ 136.16398277, 35.51454611 ], [ 136.16408611, 35.51451222 ], [ 136.16452722, 35.51450083 ], [ 136.16470639, 35.51450083 ], [ 136.164933889999986, 35.51459111 ], [ 136.165044169999987, 35.51461361 ], [ 136.1656575, 35.51460805 ], [ 136.16590556, 35.51457417 ], [ 136.16613973, 35.51457417 ], [ 136.16625, 35.51459667 ], [ 136.16649111000001, 35.51460805 ], [ 136.166815, 35.5146475 ], [ 136.16706333, 35.51470944 ], [ 136.16711139, 35.51473194 ], [ 136.16749028000001, 35.51483334 ], [ 136.16800694, 35.51491806 ], [ 136.16812416, 35.51494611 ], [ 136.16848250000001, 35.51501361 ], [ 136.168854720000013, 35.5150475 ], [ 136.16910278, 35.51505889 ], [ 136.169185559999988, 35.51503639 ], [ 136.169075279999987, 35.51500806 ], [ 136.16892361, 35.51498556 ], [ 136.16853083, 35.51492361 ], [ 136.16837917, 35.51487861 ], [ 136.16804833, 35.51481639 ], [ 136.16772444, 35.51476584 ], [ 136.16750389, 35.51472055 ], [ 136.167083889999986, 35.51458555 ], [ 136.16700111, 35.51456861 ], [ 136.16664972, 35.51445583 ], [ 136.16656028, 35.51438833 ], [ 136.16654778, 35.51435445 ], [ 136.166535, 35.51431112 ], [ 136.166426660000013, 35.51428083 ], [ 136.167683610000012, 35.51176889 ], [ 136.16835389, 35.51044111 ], [ 136.16835889, 35.51030695 ], [ 136.16836527000001, 35.51008361 ], [ 136.168310279999986, 35.50984667 ], [ 136.168310279999986, 35.50970583 ], [ 136.168358610000013, 35.50951444 ], [ 136.16851695, 35.50917055 ], [ 136.168682499999989, 35.50890583 ], [ 136.16883389, 35.50869722 ], [ 136.168909719999988, 35.50857334 ], [ 136.16893055, 35.50848889 ], [ 136.168909719999988, 35.50809445 ], [ 136.16893722, 35.50786916 ], [ 136.1689925, 35.50773389 ], [ 136.16909583, 35.50756472 ], [ 136.16922, 35.507345 ], [ 136.16924056, 35.50721555 ], [ 136.16922666, 35.50714222 ], [ 136.16922666, 35.5069225 ], [ 136.16922666, 35.50674194 ], [ 136.169192220000014, 35.50668 ], [ 136.16913028, 35.5066125 ], [ 136.16884084, 35.50638695 ], [ 136.16874445, 35.50624611 ], [ 136.16871694, 35.50610528 ], [ 136.16871694, 35.50581777 ], [ 136.168847770000013, 35.50557 ], [ 136.16892361, 35.50542361 ], [ 136.168968330000013, 35.50513111 ], [ 136.168978610000011, 35.50506306 ], [ 136.16899945, 35.50478694 ], [ 136.16902583000001, 35.50467388 ], [ 136.16903389, 35.50464055 ], [ 136.16912334, 35.50448833 ], [ 136.16924056, 35.50424583 ], [ 136.16929556, 35.50408806 ], [ 136.16931639, 35.50390222 ], [ 136.16931639, 35.50373305 ], [ 136.169288880000011, 35.50347389 ], [ 136.169288880000011, 35.50329361 ], [ 136.169300279999987, 35.50323083 ], [ 136.16926444, 35.50317528 ], [ 136.169303609999986, 35.50312305 ], [ 136.169404719999989, 35.50295 ], [ 136.16954917000001, 35.50274695 ], [ 136.1695975, 35.50265111 ], [ 136.169941669999986, 35.50228528 ], [ 136.170058610000012, 35.50217806 ], [ 136.17038222, 35.50185139 ], [ 136.17079528, 35.50153 ], [ 136.1710775, 35.50140056 ], [ 136.17142167, 35.50132167 ], [ 136.171525, 35.50130472 ], [ 136.17154083, 35.50131555 ], [ 136.171715, 35.50120083 ], [ 136.17184917, 35.5011025 ], [ 136.17206805, 35.50092889 ], [ 136.17227667, 35.50073861 ], [ 136.172421390000011, 35.50061195 ], [ 136.17263667, 35.50045806 ], [ 136.17290333, 35.50031528 ], [ 136.17307778, 35.50021444 ], [ 136.173256939999987, 35.50010167 ], [ 136.17332194, 35.50002889 ], [ 136.17334194, 35.49989055 ], [ 136.17341778, 35.49968778 ], [ 136.17358972, 35.49948472 ], [ 136.173720550000013, 35.49940027 ], [ 136.173834160000013, 35.49934361 ], [ 136.17388472, 35.49931889 ], [ 136.17392917, 35.49924694 ], [ 136.17394361, 35.49923667 ], [ 136.17399444, 35.49921361 ], [ 136.1740025, 35.49917888 ], [ 136.174024159999988, 35.49916972 ], [ 136.17403611, 35.49918084 ], [ 136.17404778, 35.49917556 ], [ 136.174058050000014, 35.49914834 ], [ 136.174069159999988, 35.49914778 ], [ 136.17406528, 35.49918 ], [ 136.174075, 35.49918694 ], [ 136.17411694, 35.49915361 ], [ 136.17416, 35.49910084 ], [ 136.17424139, 35.49906917 ], [ 136.174331669999987, 35.49906222 ], [ 136.17437472, 35.49904472 ], [ 136.174435, 35.49899556 ], [ 136.17447777000001, 35.49897778 ], [ 136.174615280000012, 35.49897111 ], [ 136.17466084, 35.49894555 ], [ 136.17469584, 35.49894361 ], [ 136.17474639, 35.49890667 ], [ 136.174821110000011, 35.49889333 ], [ 136.17488945, 35.49888861 ], [ 136.174955, 35.49889333 ], [ 136.174996670000013, 35.49883167 ], [ 136.17506805, 35.49879778 ], [ 136.17515361, 35.49877111 ], [ 136.1751925, 35.49876916 ], [ 136.17528445, 35.49880222 ], [ 136.17532528000001, 35.4988 ], [ 136.175384720000011, 35.49878361 ], [ 136.17543916, 35.49877555 ], [ 136.175506109999986, 35.49879805 ], [ 136.175538890000013, 35.49881611 ], [ 136.17561056, 35.49881861 ], [ 136.17561805, 35.49879166 ], [ 136.17577111, 35.49875194 ], [ 136.17581306, 35.49875528 ], [ 136.175901110000012, 35.49878306 ], [ 136.175945, 35.49878722 ], [ 136.17596945, 35.49877389 ], [ 136.17604194, 35.49877972 ], [ 136.17607611, 35.49878834 ], [ 136.176145, 35.49883722 ], [ 136.17618861, 35.49882583 ], [ 136.176248609999988, 35.49880111 ], [ 136.176317219999987, 35.4988 ], [ 136.17637889, 35.49881611 ], [ 136.17640083, 35.49882612 ], [ 136.17648111, 35.49888611 ], [ 136.17651056, 35.49892 ], [ 136.1766025, 35.49892833 ], [ 136.176699719999988, 35.49896389 ], [ 136.17676111, 35.49898083 ], [ 136.17680195, 35.49901111 ], [ 136.17689889, 35.49905083 ], [ 136.17691389, 35.49908111 ], [ 136.17696278, 35.49914584 ], [ 136.17704361, 35.49918639 ], [ 136.17707611, 35.4992325 ], [ 136.17708667, 35.49925944 ], [ 136.17710723, 35.49932694 ], [ 136.177320830000014, 35.49972723 ], [ 136.17747222, 35.50006528 ], [ 136.17761667, 35.50035806 ], [ 136.17787139, 35.50099472 ], [ 136.177960829999989, 35.50127084 ], [ 136.17816056, 35.50164278 ], [ 136.17824277, 35.50177805 ], [ 136.178394450000013, 35.50194695 ], [ 136.17858722, 35.50211056 ], [ 136.178835, 35.50230223 ], [ 136.17939944, 35.50277555 ], [ 136.17962667, 35.50300055 ], [ 136.17971889, 35.50311528 ], [ 136.179758060000012, 35.50317528 ], [ 136.17982694, 35.50318222 ], [ 136.17999694, 35.50338389 ], [ 136.18004528, 35.50345139 ], [ 136.18021056, 35.50360917 ], [ 136.18034834, 35.50372195 ], [ 136.180458609999988, 35.5037725 ], [ 136.18066528, 35.50380084 ], [ 136.18143694, 35.50396972 ], [ 136.18171944, 35.50406556 ], [ 136.18191944, 35.50411083 ], [ 136.18224306, 35.50412194 ], [ 136.18245694, 35.50411639 ], [ 136.18258778, 35.50407694 ], [ 136.18288417, 35.50394722 ], [ 136.18300111, 35.50389083 ], [ 136.18313139, 35.50385611 ], [ 136.18427139, 35.50317528 ], [ 136.18511111, 35.50264666 ], [ 136.18557722, 35.50237167 ], [ 136.18576861, 35.50220111 ], [ 136.18583695, 35.5021475 ], [ 136.18605417, 35.50198944 ], [ 136.18625889, 35.50176778 ], [ 136.18638833, 35.50160195 ], [ 136.18652945, 35.50138833 ], [ 136.18669861, 35.50109333 ], [ 136.1868675, 35.50076611 ], [ 136.18701583, 35.50035833 ], [ 136.18708888, 35.50017389 ], [ 136.18715667, 35.50008166 ], [ 136.18723555, 35.49996638 ], [ 136.18735389, 35.49985584 ], [ 136.18746639, 35.49976361 ], [ 136.187646660000013, 35.49966222 ], [ 136.187888890000011, 35.49954694 ], [ 136.18810528, 35.49943444 ], [ 136.18827722, 35.49936861 ], [ 136.188344730000011, 35.49933166 ], [ 136.188382499999989, 35.49930444 ], [ 136.18850056, 35.49920278 ], [ 136.18866472, 35.49903972 ], [ 136.18895389, 35.49867334 ], [ 136.18911222, 35.49842528 ], [ 136.189263610000012, 35.49827917 ], [ 136.18956639000001, 35.4980425 ], [ 136.18989667, 35.49781139 ], [ 136.19006195, 35.4976875 ], [ 136.190199729999989, 35.49763111 ], [ 136.19032361, 35.49760277 ], [ 136.19036111, 35.49758194 ], [ 136.19064583, 35.49719612 ], [ 136.190834450000011, 35.49693417 ], [ 136.1909325, 35.49682416 ], [ 136.19119778000001, 35.49658861 ], [ 136.19128722, 35.49645333 ], [ 136.191301110000012, 35.4964025 ], [ 136.191356109999987, 35.4961325 ], [ 136.19141112, 35.49594083 ], [ 136.19141805000001, 35.49590694 ], [ 136.1913975, 35.495845 ], [ 136.19128028, 35.49571527 ], [ 136.19128722, 35.49565334 ], [ 136.19133556, 35.49556889 ], [ 136.19136305, 35.495445 ], [ 136.191466389999988, 35.49532083 ], [ 136.191466389999988, 35.49518556 ], [ 136.19143195, 35.49506166 ], [ 136.19139056, 35.49465028 ], [ 136.19137666, 35.49372084 ], [ 136.19139056, 35.49359695 ], [ 136.1913975, 35.49328694 ], [ 136.19132861, 35.49302778 ], [ 136.191239450000012, 35.49280222 ], [ 136.19118416, 35.49268945 ], [ 136.191083060000011, 35.49248611 ], [ 136.1910225, 35.49250111 ], [ 136.19094945, 35.49241722 ], [ 136.190964439999988, 35.49238889 ], [ 136.190964439999988, 35.49237472 ], [ 136.19095194, 35.49235723 ], [ 136.19094945, 35.49232805 ], [ 136.19091806, 35.49230083 ], [ 136.19090723, 35.49225667 ], [ 136.19088889, 35.49219861 ], [ 136.19088889, 35.49213861 ], [ 136.190893890000012, 35.49212028 ], [ 136.19090972, 35.49210195 ], [ 136.19090972, 35.49206056 ], [ 136.19090055, 35.49204223 ], [ 136.19088889, 35.49200889 ], [ 136.19088889, 35.49189861 ], [ 136.19086223, 35.49182944 ], [ 136.19086139, 35.49177972 ], [ 136.19087306, 35.49172861 ], [ 136.19086722, 35.49165917 ], [ 136.1908425, 35.491615 ], [ 136.19084417, 35.491575 ], [ 136.19086139, 35.49153278 ], [ 136.19085972, 35.49150139 ], [ 136.19083722, 35.49150083 ], [ 136.190805, 35.49146639 ], [ 136.190813889999987, 35.4914025 ], [ 136.19084611, 35.49136778 ], [ 136.19087584, 35.49136 ], [ 136.19088889, 35.49131916 ], [ 136.19095361, 35.491245 ], [ 136.19098723, 35.49120889 ], [ 136.19103472, 35.49119833 ], [ 136.19109472, 35.491095 ], [ 136.19124639, 35.49088667 ], [ 136.191315, 35.49073445 ], [ 136.19140472, 35.49044694 ], [ 136.19153527, 35.49023861 ], [ 136.19172139, 35.49003555 ], [ 136.191803889999989, 35.48990611 ], [ 136.19186584, 35.48975389 ], [ 136.19189333, 35.4896075 ], [ 136.191909720000012, 35.48907861 ], [ 136.191864720000012, 35.48913223 ], [ 136.191837779999986, 35.48911612 ], [ 136.19182722, 35.48908111 ], [ 136.191805, 35.48898972 ], [ 136.19180472, 35.48895194 ], [ 136.19182612, 35.48892861 ], [ 136.19180861000001, 35.48889889 ], [ 136.19177528, 35.488885 ], [ 136.191755840000013, 35.48884695 ], [ 136.19173583, 35.48867722 ], [ 136.19175862, 35.48864195 ], [ 136.19170166, 35.48857861 ], [ 136.19168167, 35.4885175 ], [ 136.191680280000014, 35.48847556 ], [ 136.19168389, 35.48846472 ], [ 136.191733340000013, 35.48841611 ], [ 136.191618049999988, 35.48827222 ], [ 136.19132194, 35.48793389 ], [ 136.19108806, 35.48769722 ], [ 136.19095722, 35.48760167 ], [ 136.19077139, 35.48751695 ], [ 136.19038583, 35.48738167 ], [ 136.19031695000001, 35.48733667 ], [ 136.19027111, 35.48730445 ], [ 136.19024195, 35.48733333 ], [ 136.19016639, 35.48734277 ], [ 136.19009889, 35.48729 ], [ 136.19008111, 35.48721695 ], [ 136.19008416, 35.48718389 ], [ 136.19005834, 35.48712167 ], [ 136.19004805, 35.48708834 ], [ 136.19006556, 35.48702389 ], [ 136.19006527, 35.486965 ], [ 136.19003833, 35.48694056 ], [ 136.19004306, 35.48687027 ], [ 136.19006889, 35.48684806 ], [ 136.190055840000014, 35.48680222 ], [ 136.19002222, 35.48673389 ], [ 136.190027500000014, 35.48663389 ], [ 136.19000806, 35.4866 ], [ 136.190009440000011, 35.48655917 ], [ 136.190017219999987, 35.48651584 ], [ 136.190035279999989, 35.48649 ], [ 136.19004555, 35.486475 ], [ 136.19004805, 35.48645861 ], [ 136.19003695, 35.48642945 ], [ 136.190016390000011, 35.48639305 ], [ 136.190037780000011, 35.48634778 ], [ 136.190055, 35.48628777 ], [ 136.190056379999987, 35.4862575 ], [ 136.1900675, 35.48625805 ], [ 136.19007861, 35.486215 ], [ 136.1900875, 35.48618944 ], [ 136.190091669999987, 35.48615417 ], [ 136.19015778, 35.48610528 ], [ 136.190159169999987, 35.48609444 ], [ 136.19016222, 35.48604194 ], [ 136.19028222, 35.48595583 ], [ 136.19052333, 35.48583222 ], [ 136.19112223, 35.48557305 ], [ 136.1913625, 35.4854275 ], [ 136.19145278, 35.48537028 ], [ 136.19155612, 35.48528583 ], [ 136.19168, 35.48511666 ], [ 136.19172806, 35.48500389 ], [ 136.19173612, 35.48491111 ], [ 136.19172139, 35.48482362 ], [ 136.1916525, 35.48455888 ], [ 136.19161111, 35.484435 ], [ 136.19156972, 35.48419833 ], [ 136.19156972, 35.48391667 ], [ 136.19159722, 35.48379277 ], [ 136.19160417, 35.48362361 ], [ 136.19148027, 35.48331944 ], [ 136.19145278, 35.48327417 ], [ 136.19137695, 35.48307139 ], [ 136.19116362, 35.48271638 ], [ 136.19095028000001, 35.48220361 ], [ 136.19090889, 35.48202889 ], [ 136.190901950000011, 35.481905 ], [ 136.19097083, 35.48163473 ], [ 136.19097778, 35.48149944 ], [ 136.19096389, 35.48144306 ], [ 136.19086778, 35.48128527 ], [ 136.19027583, 35.48067111 ], [ 136.19008306, 35.48051334 ], [ 136.18994555, 35.48042306 ], [ 136.18936722, 35.47997223 ], [ 136.18914, 35.47983139 ], [ 136.188940269999989, 35.47967361 ], [ 136.188899170000013, 35.47962306 ], [ 136.18887167, 35.47956084 ], [ 136.18887167, 35.47938611 ], [ 136.18896805, 35.47905945 ], [ 136.18900917, 35.47898611 ], [ 136.189085, 35.47891861 ], [ 136.18933972, 35.47879472 ], [ 136.18947056, 35.47869889 ], [ 136.18981889, 35.47850722 ], [ 136.189855279999989, 35.47846611 ], [ 136.18988889, 35.47843417 ], [ 136.18994472, 35.47840666 ], [ 136.19002, 35.47837944 ], [ 136.19005361, 35.47836805 ], [ 136.19010361, 35.47832611 ], [ 136.19013361, 35.47826277 ], [ 136.19017611000001, 35.47824083 ], [ 136.190241390000011, 35.47824223 ], [ 136.19027055, 35.47823167 ], [ 136.19029167, 35.47821028 ], [ 136.190325, 35.47815083 ], [ 136.19036694, 35.47812361 ], [ 136.19041722, 35.4781075 ], [ 136.19048584, 35.4780825 ], [ 136.19051306, 35.47802806 ], [ 136.19053778, 35.47798528 ], [ 136.19057945, 35.47795389 ], [ 136.190647500000011, 35.47791583 ], [ 136.19083973, 35.47769666 ], [ 136.19085722, 35.47766583 ], [ 136.19090361, 35.47761027 ], [ 136.190988049999987, 35.47756222 ], [ 136.191035840000012, 35.47753528 ], [ 136.1910475, 35.47746278 ], [ 136.191106389999987, 35.47740528 ], [ 136.191131109999986, 35.47737667 ], [ 136.191159449999986, 35.47734972 ], [ 136.19118667, 35.47728083 ], [ 136.191261950000012, 35.47721084 ], [ 136.19128777, 35.47716417 ], [ 136.19130472, 35.47712777 ], [ 136.191353889999988, 35.47706695 ], [ 136.19138361, 35.4770475 ], [ 136.19137889000001, 35.47690306 ], [ 136.19140639, 35.47686472 ], [ 136.19147583, 35.47682944 ], [ 136.19149139000001, 35.47681389 ], [ 136.191508340000013, 35.47677806 ], [ 136.19151722, 35.47673917 ], [ 136.19158639, 35.47663112 ], [ 136.19168722, 35.47651278 ], [ 136.191969449999988, 35.47634945 ], [ 136.192389170000013, 35.4760225 ], [ 136.19243527, 35.47598639 ], [ 136.192531949999989, 35.47591028 ], [ 136.192545, 35.47585806 ], [ 136.1925675, 35.47582667 ], [ 136.19260917, 35.47578806 ], [ 136.19263528, 35.47576639 ], [ 136.192652220000014, 35.4757225 ], [ 136.19267889, 35.47566694 ], [ 136.19269, 35.47564111 ], [ 136.19270583, 35.47561695 ], [ 136.19278861, 35.47536333 ], [ 136.1928575, 35.47498 ], [ 136.19286417, 35.47492362 ], [ 136.192850560000011, 35.474905 ], [ 136.192865, 35.47483472 ], [ 136.192891659999987, 35.47480306 ], [ 136.19291278, 35.47479056 ], [ 136.19289527, 35.4747275 ], [ 136.19290167, 35.47468722 ], [ 136.19293417, 35.47464583 ], [ 136.19295139, 35.47463945 ], [ 136.192936949999989, 35.47456694 ], [ 136.192963060000011, 35.47450472 ], [ 136.192979439999988, 35.4744725 ], [ 136.19298389, 35.47442444 ], [ 136.193076670000011, 35.47432555 ], [ 136.193079719999986, 35.47430251 ], [ 136.193079719999986, 35.47429139 ], [ 136.19306389, 35.47425916 ], [ 136.19309833, 35.474135 ], [ 136.19310528, 35.47406194 ], [ 136.193112219999989, 35.47388139 ], [ 136.19309833, 35.47383639 ], [ 136.19305694, 35.47372945 ], [ 136.192885, 35.47338556 ], [ 136.19274028000001, 35.47314334 ], [ 136.192499450000014, 35.47260806 ], [ 136.19246611, 35.47259833 ], [ 136.19239722, 35.47254028 ], [ 136.19237222000001, 35.47246583 ], [ 136.19241222, 35.47240028 ], [ 136.19239, 35.47238222 ], [ 136.19235694, 35.47234444 ], [ 136.19234333, 35.47229278 ], [ 136.19233, 35.47222973 ], [ 136.19232722000001, 35.4721725 ], [ 136.19231194, 35.47209805 ], [ 136.19229417, 35.47202639 ], [ 136.1923075, 35.47197584 ], [ 136.19229417, 35.47193389 ], [ 136.19229862, 35.47187917 ], [ 136.19232083, 35.471785 ], [ 136.19233444, 35.47175195 ], [ 136.1923325, 35.47172694 ], [ 136.192314720000013, 35.47171333 ], [ 136.192315549999989, 35.47165166 ], [ 136.1923275, 35.47159 ], [ 136.19235833, 35.47155028 ], [ 136.19240167000001, 35.47153639 ], [ 136.19240417, 35.47147222 ], [ 136.192410560000013, 35.47142167 ], [ 136.19241306, 35.47139611 ], [ 136.192425, 35.47138917 ], [ 136.19250638, 35.47116555 ], [ 136.19253389, 35.47103028 ], [ 136.19250638, 35.47091195 ], [ 136.19241, 35.47068084 ], [ 136.19221027, 35.47014 ], [ 136.19220334, 35.47002166 ], [ 136.19227222, 35.46987499 ], [ 136.19256138, 35.46948639 ], [ 136.19270583, 35.46933972 ], [ 136.19294695, 35.46914833 ], [ 136.19315444, 35.46893611 ], [ 136.193234170000011, 35.46884806 ], [ 136.19327055, 35.46876973 ], [ 136.19330972, 35.46877222 ], [ 136.19332222, 35.468725 ], [ 136.19333, 35.46871472 ], [ 136.19340555, 35.46861639 ], [ 136.19343195, 35.46859973 ], [ 136.19346583, 35.46858556 ], [ 136.19347278, 35.46854638 ], [ 136.19350083, 35.46849944 ], [ 136.19356611, 35.46845667 ], [ 136.19360111, 35.46843027 ], [ 136.193587220000012, 35.46840472 ], [ 136.19372472, 35.46815111 ], [ 136.19396889, 35.46792195 ], [ 136.19402305, 35.46784972 ], [ 136.19408972, 35.46770584 ], [ 136.19431, 35.467255 ], [ 136.194337499999989, 35.46714222 ], [ 136.194330549999989, 35.46705222 ], [ 136.19427556, 35.46699028 ], [ 136.19422056, 35.46696194 ], [ 136.19407583, 35.46693944 ], [ 136.19401389, 35.46691694 ], [ 136.19395194, 35.46686612 ], [ 136.19393806, 35.46677612 ], [ 136.193844719999987, 35.46662056 ], [ 136.193745549999988, 35.46645473 ], [ 136.19362833, 35.46632528 ], [ 136.19363528, 35.46624083 ], [ 136.193649169999986, 35.46619 ], [ 136.19385555, 35.4661225 ], [ 136.19407583, 35.46608306 ], [ 136.19422056, 35.46599277 ], [ 136.19428917, 35.46593639 ], [ 136.19444084, 35.46568278 ], [ 136.194502770000014, 35.46549722 ], [ 136.19453723, 35.4653675 ], [ 136.19455084, 35.46509139 ], [ 136.19459916, 35.46484917 ], [ 136.19461972, 35.46481528 ], [ 136.19461972, 35.46478138 ], [ 136.19466111, 35.46468556 ], [ 136.19490861, 35.46417278 ], [ 136.19497055, 35.46400389 ], [ 136.195005, 35.46385166 ], [ 136.1949775, 35.46348527 ], [ 136.19491556, 35.46314722 ], [ 136.19489472, 35.46284306 ], [ 136.19487417, 35.46273028 ], [ 136.1948375, 35.46262778 ], [ 136.194847220000014, 35.462545 ], [ 136.19487222, 35.46252305 ], [ 136.19487805, 35.46245417 ], [ 136.194831380000011, 35.46240361 ], [ 136.19485223, 35.46234278 ], [ 136.19485333, 35.46226417 ], [ 136.19488417, 35.46219805 ], [ 136.194881110000011, 35.46213639 ], [ 136.19487917, 35.46206666 ], [ 136.194971110000012, 35.46200167 ], [ 136.1950575, 35.46198584 ], [ 136.195173329999989, 35.46202472 ], [ 136.19529, 35.46206944 ], [ 136.19532389, 35.4620775 ], [ 136.195365829999986, 35.46207167 ], [ 136.19539667, 35.46206555 ], [ 136.195444720000012, 35.46205278 ], [ 136.19552805, 35.4620375 ], [ 136.19567945, 35.46198666 ], [ 136.19594805, 35.46185694 ], [ 136.196113340000011, 35.46173306 ], [ 136.19632667, 35.46153584 ], [ 136.196443609999989, 35.46140055 ], [ 136.196698340000012, 35.46101166 ], [ 136.197090839999987, 35.4603525 ], [ 136.19712223, 35.46030527 ], [ 136.19716556, 35.46024528 ], [ 136.1971625, 35.46011473 ], [ 136.19719695, 35.46002306 ], [ 136.197210829999989, 35.45996583 ], [ 136.197239450000012, 35.45993111 ], [ 136.19733111, 35.4598575 ], [ 136.197346110000012, 35.45983166 ], [ 136.19738167, 35.45981194 ], [ 136.19741112, 35.45978334 ], [ 136.19744861, 35.45976556 ], [ 136.19751166, 35.45973222 ], [ 136.19751778, 35.45970639 ], [ 136.197553340000013, 35.45967972 ], [ 136.19759667, 35.45964222 ], [ 136.197690279999989, 35.45958917 ], [ 136.19771445, 35.45957306 ], [ 136.19774695000001, 35.4595525 ], [ 136.19780806, 35.45954361 ], [ 136.19784639, 35.45953167 ], [ 136.19791472, 35.45951278 ], [ 136.19798583, 35.45949055 ], [ 136.198013339999989, 35.45947361 ], [ 136.19815083, 35.45941167 ], [ 136.19840555, 35.45927083 ], [ 136.19850889, 35.45915806 ], [ 136.19859139, 35.45897778 ], [ 136.19859834, 35.45890444 ], [ 136.19856389, 35.45883694 ], [ 136.198495, 35.45827333 ], [ 136.198481390000012, 35.45821139 ], [ 136.198371110000011, 35.45731527 ], [ 136.19831584, 35.45667888 ], [ 136.19833639, 35.45656611 ], [ 136.19839861, 35.45651389 ], [ 136.19833, 35.45575222 ], [ 136.198335, 35.45554916 ], [ 136.19862361, 35.45553305 ], [ 136.19880889, 35.45555472 ], [ 136.19898278, 35.455135 ], [ 136.19898416, 35.45513166 ], [ 136.19914139, 35.45514639 ], [ 136.19917639, 35.45505583 ], [ 136.19918334, 35.45475722 ], [ 136.19921083, 35.45452056 ], [ 136.19921083, 35.45434028 ], [ 136.19920388, 35.45430083 ], [ 136.19915583, 35.45418805 ], [ 136.19896556, 35.45425167 ], [ 136.19880723, 35.45435889 ], [ 136.198680560000014, 35.45446916 ], [ 136.198634160000012, 35.45466834 ], [ 136.19861333, 35.45480111 ], [ 136.1984, 35.45479028 ], [ 136.19849778, 35.45415139 ], [ 136.19848278, 35.45370583 ], [ 136.19841861, 35.45355223 ], [ 136.198305839999989, 35.45338778 ], [ 136.19823722000001, 35.45329556 ], [ 136.19803167, 35.45312333 ], [ 136.197873609999988, 35.45300555 ], [ 136.19712444000001, 35.45262472 ], [ 136.19591777, 35.45198639 ], [ 136.19584889, 35.45195028 ], [ 136.19501917, 35.45151583 ], [ 136.19469583, 35.45135139 ], [ 136.19442639, 35.45125111 ], [ 136.19392, 35.45109056 ], [ 136.19346973, 35.45098222 ], [ 136.19317084, 35.45091805 ], [ 136.19264055, 35.45081444 ], [ 136.192065, 35.45072444 ], [ 136.19176250000001, 35.45066694 ], [ 136.19112945, 35.45058389 ], [ 136.19080723, 35.4504775 ], [ 136.190587779999987, 35.45038194 ], [ 136.190512500000011, 35.45034833 ], [ 136.19042056, 35.45036223 ], [ 136.19002111, 35.45026056 ], [ 136.18992472, 35.45024389 ], [ 136.18957389, 35.45015361 ], [ 136.18938806, 35.45008611 ], [ 136.18753333, 35.45010361 ], [ 136.18752361, 35.44997612 ], [ 136.18874917, 35.4499525 ], [ 136.18872, 35.44927611 ], [ 136.18761306, 35.44930444 ], [ 136.18759083, 35.44912306 ], [ 136.187289170000014, 35.449115 ], [ 136.18727944, 35.44896389 ], [ 136.18714333, 35.44894 ], [ 136.18712444, 35.44873388 ], [ 136.18712389, 35.44869416 ], [ 136.18710445, 35.44857834 ], [ 136.18707139, 35.44844778 ], [ 136.187069720000011, 35.44841111 ], [ 136.18706834, 35.44837889 ], [ 136.18713695, 35.44827167 ], [ 136.18715083, 35.44819277 ], [ 136.187130270000011, 35.44812527 ], [ 136.187130270000011, 35.44800111 ], [ 136.18718528, 35.44791667 ], [ 136.18723333, 35.44788861 ], [ 136.187309160000012, 35.44788278 ], [ 136.18746055, 35.44762944 ], [ 136.18745361, 35.44761806 ], [ 136.1874125, 35.44759556 ], [ 136.1874125, 35.44751111 ], [ 136.18755694, 35.4471675 ], [ 136.18762583, 35.44709417 ], [ 136.187901110000013, 35.44694778 ], [ 136.18798389, 35.44691388 ], [ 136.18823167, 35.446835 ], [ 136.18834861, 35.4468125 ], [ 136.188541390000012, 35.44679 ], [ 136.18873416, 35.44675611 ], [ 136.188823609999986, 35.44671666 ], [ 136.188885559999989, 35.44666584 ], [ 136.188933889999987, 35.44655889 ], [ 136.188933889999987, 35.4464125 ], [ 136.188885559999989, 35.44626028 ], [ 136.188871940000013, 35.4461025 ], [ 136.18877555, 35.44589973 ], [ 136.18873416, 35.44574167 ], [ 136.18874111, 35.44556722 ], [ 136.18878917, 35.44540944 ], [ 136.188885559999989, 35.44526278 ], [ 136.18894056, 35.44509945 ], [ 136.18899583000001, 35.44504306 ], [ 136.18912666, 35.44498111 ], [ 136.189181670000011, 35.44492472 ], [ 136.18924361, 35.44480111 ], [ 136.18930555, 35.44475584 ], [ 136.18934694, 35.44473889 ], [ 136.18940889000001, 35.44467139 ], [ 136.18945, 35.44453611 ], [ 136.18945, 35.44434445 ], [ 136.1893675, 35.44385417 ], [ 136.189291669999989, 35.44334139 ], [ 136.189291669999989, 35.44285694 ], [ 136.18932611, 35.44242333 ], [ 136.18936055, 35.44217528 ], [ 136.18942945, 35.44187084 ], [ 136.18928194, 35.44178416 ], [ 136.18910028, 35.44167722 ], [ 136.18885111, 35.44160055 ], [ 136.18876167, 35.44152722 ], [ 136.188768610000011, 35.44145389 ], [ 136.18881, 35.44136389 ], [ 136.18885806, 35.44125666 ], [ 136.18891305, 35.44104834 ], [ 136.18892695, 35.44075528 ], [ 136.18896139, 35.44067056 ], [ 136.188988880000011, 35.44063111 ], [ 136.189050830000014, 35.44058611 ], [ 136.18919528, 35.44054666 ], [ 136.18924361, 35.44051861 ], [ 136.18930555, 35.44045083 ], [ 136.18949139, 35.440175 ], [ 136.18954639, 35.44011861 ], [ 136.18962222, 35.44007361 ], [ 136.18967722, 35.44006222 ], [ 136.18996611, 35.44005111 ], [ 136.19000055, 35.44003417 ], [ 136.19008306, 35.44002277 ], [ 136.19018639, 35.43997222 ], [ 136.19033083, 35.43983695 ], [ 136.19037917, 35.43978611 ], [ 136.190468610000011, 35.43973555 ], [ 136.19066945, 35.43968083 ], [ 136.190750830000013, 35.43964528 ], [ 136.19082666, 35.43960028 ], [ 136.19090917, 35.43957778 ], [ 136.19114389, 35.43938389 ], [ 136.19117472, 35.43933389 ], [ 136.19120528, 35.43929027 ], [ 136.19118445, 35.43924528 ], [ 136.19118445, 35.4391775 ], [ 136.191218889999988, 35.43912139 ], [ 136.19126028, 35.43909305 ], [ 136.19152195, 35.43907612 ], [ 136.19165278, 35.43905362 ], [ 136.19181111, 35.43897472 ], [ 136.191862500000013, 35.43893584 ], [ 136.191900550000014, 35.43890722 ], [ 136.191983060000013, 35.4388 ], [ 136.192031390000011, 35.43866472 ], [ 136.192031390000011, 35.4382875 ], [ 136.19199694, 35.437955 ], [ 136.19199694, 35.43779167 ], [ 136.19203805, 35.43772973 ], [ 136.19210695000001, 35.43766194 ], [ 136.19232722000001, 35.437555 ], [ 136.19241, 35.43747611 ], [ 136.19247194, 35.43738584 ], [ 136.19256833, 35.43725055 ], [ 136.192671389999987, 35.43716055 ], [ 136.19274028000001, 35.43713222 ], [ 136.19287805, 35.43713222 ], [ 136.19304306, 35.43714362 ], [ 136.19322639, 35.43713722 ], [ 136.19329778, 35.43712667 ], [ 136.19341473, 35.43708167 ], [ 136.19346278, 35.43704778 ], [ 136.19355250000001, 35.43692388 ], [ 136.19364889, 35.43667584 ], [ 136.19372445, 35.4363325 ], [ 136.19372445, 35.4361125 ], [ 136.19369694, 35.4360675 ], [ 136.19364889, 35.4360675 ], [ 136.19358695, 35.43608445 ], [ 136.193476659999988, 35.43612945 ], [ 136.19300167, 35.43612945 ], [ 136.19293972, 35.43609583 ], [ 136.192898609999986, 35.43603361 ], [ 136.192823049999987, 35.43580833 ], [ 136.192823049999987, 35.43570139 ], [ 136.19291944, 35.4356225 ], [ 136.193022219999989, 35.43558861 ], [ 136.193084160000012, 35.43554917 ], [ 136.1931325, 35.43549834 ], [ 136.19320833, 35.43531805 ], [ 136.19327694, 35.43525055 ], [ 136.19335278, 35.43521667 ], [ 136.19344222, 35.43521667 ], [ 136.19353166, 35.43525611 ], [ 136.19361444, 35.43531805 ], [ 136.19373833, 35.43531805 ], [ 136.19378638, 35.43530111 ], [ 136.19394472, 35.43518833 ], [ 136.19403417, 35.43519417 ], [ 136.19411, 35.43521667 ], [ 136.19422028, 35.43521667 ], [ 136.19433028, 35.43516028 ], [ 136.194420830000013, 35.43507612 ], [ 136.194585, 35.43492361 ], [ 136.19479139, 35.43478278 ], [ 136.194998059999989, 35.43460805 ], [ 136.19515639, 35.43452361 ], [ 136.19544556, 35.43441111 ], [ 136.195576390000014, 35.43434917 ], [ 136.19571389, 35.43425889 ], [ 136.19577584000001, 35.43419139 ], [ 136.19592056, 35.43394889 ], [ 136.196126670000012, 35.43364472 ], [ 136.196353890000012, 35.43339667 ], [ 136.19650528, 35.43323333 ], [ 136.19658805, 35.43301361 ], [ 136.19660166, 35.43277694 ], [ 136.19665695, 35.43268667 ], [ 136.19680833000001, 35.43257972 ], [ 136.196863330000014, 35.43252361 ], [ 136.19696667, 35.43230389 ], [ 136.19702167, 35.43206139 ], [ 136.19702167, 35.43171222 ], [ 136.19699416, 35.43156555 ], [ 136.196945840000012, 35.43145861 ], [ 136.19689084, 35.43139083 ], [ 136.19678083, 35.43130083 ], [ 136.19657417, 35.4311825 ], [ 136.196491939999987, 35.431125 ], [ 136.19645028, 35.43107528 ], [ 136.196285, 35.43086112 ], [ 136.1961475, 35.43070333 ], [ 136.19592750000001, 35.43037083 ], [ 136.195879170000012, 35.43026944 ], [ 136.195803610000013, 35.42998806 ], [ 136.19574139, 35.42984722 ], [ 136.19563833, 35.42970611 ], [ 136.195294170000011, 35.429385 ], [ 136.19525972, 35.42934 ], [ 136.19525972, 35.42923277 ], [ 136.19535611, 35.42920472 ], [ 136.19550056, 35.42918777 ], [ 136.195576390000014, 35.42915389 ], [ 136.19564528, 35.429075 ], [ 136.19572084, 35.42895112 ], [ 136.195872220000012, 35.42882722 ], [ 136.195962220000013, 35.42872361 ], [ 136.19597527, 35.42870888 ], [ 136.19602361, 35.42859056 ], [ 136.19607166, 35.42837639 ], [ 136.19606472000001, 35.42828611 ], [ 136.19603027, 35.42823556 ], [ 136.195954730000011, 35.42813972 ], [ 136.195940830000012, 35.42810583 ], [ 136.19596166, 35.42806667 ], [ 136.19601666, 35.42802167 ], [ 136.19620945, 35.42802167 ], [ 136.19631472, 35.42798361 ], [ 136.19621333, 35.42766584 ], [ 136.19614277, 35.42767389 ], [ 136.19606611, 35.42726944 ], [ 136.19613277, 35.42726249 ], [ 136.19608111, 35.42680528 ], [ 136.196090840000011, 35.42641473 ], [ 136.196145, 35.42622528 ], [ 136.19592028, 35.42620695 ], [ 136.19565194, 35.4261675 ], [ 136.195404169999989, 35.42615083 ], [ 136.195349169999986, 35.42612805 ], [ 136.19525972, 35.42600973 ], [ 136.19517694000001, 35.42597028 ], [ 136.19513584, 35.42593083 ], [ 136.19506694, 35.42580139 ], [ 136.1950875, 35.42575056 ], [ 136.195218329999989, 35.42559861 ], [ 136.19528028, 35.42550306 ], [ 136.195411119999989, 35.42536777 ], [ 136.19544556, 35.42529444 ], [ 136.195466110000012, 35.42510861 ], [ 136.195466110000012, 35.42459555 ], [ 136.19554195, 35.42444361 ], [ 136.195631389999988, 35.42431945 ], [ 136.19587195, 35.42409416 ], [ 136.19589944, 35.42404333 ], [ 136.19589944, 35.42395889 ], [ 136.19589278, 35.42386306 ], [ 136.19602361, 35.42366056 ], [ 136.1961475, 35.42351389 ], [ 136.19643639, 35.42324917 ], [ 136.19648472, 35.42318722 ], [ 136.196532780000013, 35.42308583 ], [ 136.19656722, 35.42291666 ], [ 136.19666361, 35.42277028 ], [ 136.19671889, 35.42271389 ], [ 136.19680139, 35.42266305 ], [ 136.19697362, 35.42265167 ], [ 136.197042219999986, 35.42261805 ], [ 136.19721444000001, 35.42245445 ], [ 136.197393330000011, 35.42223473 ], [ 136.19744055000001, 35.4221625 ], [ 136.19748972, 35.42206 ], [ 136.19752416, 35.42191944 ], [ 136.19761362, 35.42177306 ], [ 136.19788917, 35.42146305 ], [ 136.19830889, 35.42101778 ], [ 136.19841917, 35.42086584 ], [ 136.19848778, 35.4207925 ], [ 136.19854278, 35.42075862 ], [ 136.198673609999986, 35.42075862 ], [ 136.19888694, 35.42077555 ], [ 136.19899722, 35.42077555 ], [ 136.19916222, 35.42069667 ], [ 136.1993, 35.42057278 ], [ 136.199609720000012, 35.42016166 ], [ 136.19979834, 35.41989222 ], [ 136.199961949999988, 35.41998888 ], [ 136.200035, 35.41988361 ], [ 136.20005722, 35.41985167 ], [ 136.20014778, 35.41973389 ], [ 136.2000825, 35.41970778 ], [ 136.19991305, 35.41964167 ], [ 136.20010639, 35.41920917 ], [ 136.20021639, 35.4189725 ], [ 136.20029223, 35.41883722 ], [ 136.20027833, 35.41880917 ], [ 136.20023028, 35.41876972 ], [ 136.20014083, 35.41872445 ], [ 136.200078889999986, 35.41864 ], [ 136.200078889999986, 35.41854416 ], [ 136.200202780000012, 35.41831333 ], [ 136.200202780000012, 35.41802028 ], [ 136.20022333, 35.41790195 ], [ 136.20024389, 35.41785139 ], [ 136.20031972000001, 35.41774417 ], [ 136.20045722, 35.41763139 ], [ 136.20053278, 35.41752444 ], [ 136.200560270000011, 35.41744 ], [ 136.20060834, 35.41734972 ], [ 136.200856109999989, 35.4171525 ], [ 136.20125445, 35.41683695 ], [ 136.201357769999987, 35.41673556 ], [ 136.20146083, 35.416555 ], [ 136.201488329999989, 35.41644278 ], [ 136.20150222, 35.41627917 ], [ 136.20155028, 35.41613278 ], [ 136.20159834, 35.41607639 ], [ 136.20175667, 35.41598611 ], [ 136.201791109999988, 35.41595805 ], [ 136.20183222, 35.41594111 ], [ 136.20183916, 35.41592973 ], [ 136.20197667, 35.41585666 ], [ 136.20214166, 35.41574389 ], [ 136.20234806, 35.41549027 ], [ 136.20244416, 35.41542834 ], [ 136.20263, 35.41537195 ], [ 136.20276056, 35.41529305 ], [ 136.20296, 35.41509583 ], [ 136.20309056, 35.41499445 ], [ 136.20329, 35.41488722 ], [ 136.20336583, 35.41482528 ], [ 136.20337278, 35.41466778 ], [ 136.20355111, 35.41454389 ], [ 136.20364056, 35.41441417 ], [ 136.203709440000011, 35.41428445 ], [ 136.20379195000001, 35.4141775 ], [ 136.20396861, 35.41399611 ], [ 136.204121390000012, 35.41408972 ], [ 136.20424723, 35.41412833 ], [ 136.20437278, 35.41396417 ], [ 136.20429916, 35.41386833 ], [ 136.20447945, 35.41371527 ], [ 136.204506939999987, 35.41367027 ], [ 136.20450028, 35.41354639 ], [ 136.20442444, 35.41338278 ], [ 136.20443139, 35.41332639 ], [ 136.204451940000013, 35.41329278 ], [ 136.204520839999986, 35.41325889 ], [ 136.204692779999988, 35.41321389 ], [ 136.20487139, 35.41312916 ], [ 136.20496778, 35.413045 ], [ 136.20502278, 35.41296056 ], [ 136.20509167, 35.41272944 ], [ 136.20515333, 35.41266167 ], [ 136.20529111, 35.41258861 ], [ 136.20557306, 35.41248695 ], [ 136.20578611, 35.4123125 ], [ 136.20588917, 35.41225611 ], [ 136.20604028, 35.41221666 ], [ 136.20619167000001, 35.41221083 ], [ 136.206327499999986, 35.412175 ], [ 136.206425, 35.41220583 ], [ 136.207316670000012, 35.411765 ], [ 136.20731945, 35.41170945 ], [ 136.20753944, 35.4115125 ], [ 136.20760139, 35.41144472 ], [ 136.207883329999987, 35.41121944 ], [ 136.20828223, 35.41095444 ], [ 136.208467500000012, 35.41083612 ], [ 136.20887362, 35.41065556 ], [ 136.209120829999989, 35.41053166 ], [ 136.20940277, 35.41034583 ], [ 136.20982916, 35.41000195 ], [ 136.20989777, 35.40992333 ], [ 136.21015917, 35.40966417 ], [ 136.21032417, 35.40947833 ], [ 136.21041362, 35.40936 ], [ 136.210606109999986, 35.40905 ], [ 136.210778049999988, 35.40872306 ], [ 136.21081917, 35.40868916 ], [ 136.21087416, 35.40868916 ], [ 136.21097305, 35.40872806 ], [ 136.21096362, 35.40867222 ], [ 136.21091528, 35.40861611 ], [ 136.210785, 35.40852028 ], [ 136.210778049999988, 35.40843 ], [ 136.210798610000012, 35.40837917 ], [ 136.21089472, 35.40821028 ], [ 136.21087416, 35.40806945 ], [ 136.21089472, 35.40801861 ], [ 136.21094277, 35.40796778 ], [ 136.21105972, 35.40790611 ], [ 136.211101109999987, 35.40786111 ], [ 136.21115611, 35.40774278 ], [ 136.21119722, 35.40772583 ], [ 136.21126611, 35.40772583 ], [ 136.211410550000011, 35.40783861 ], [ 136.21148611000001, 35.40783861 ], [ 136.211527499999988, 35.40781611 ], [ 136.21156194, 35.40777666 ], [ 136.21156194, 35.40766944 ], [ 136.2115, 35.40755667 ], [ 136.21149306, 35.40747222 ], [ 136.21156861, 35.40724694 ], [ 136.211665, 35.40704945 ], [ 136.211781949999988, 35.40690861 ], [ 136.21187139, 35.40686916 ], [ 136.21195389, 35.406875 ], [ 136.21200889, 35.4068975 ], [ 136.21208445, 35.40701 ], [ 136.21216055, 35.40706112 ], [ 136.21221, 35.40707166 ], [ 136.21224639, 35.40707583 ], [ 136.212293890000012, 35.40705639 ], [ 136.21230834, 35.40702334 ], [ 136.21229778, 35.40699333 ], [ 136.21222889, 35.40685806 ], [ 136.21222889, 35.40681861 ], [ 136.21224583, 35.40676389 ], [ 136.21228611, 35.40669667 ], [ 136.21229083, 35.40664389 ], [ 136.212276949999989, 35.40661 ], [ 136.2121425, 35.40645888 ], [ 136.21213834, 35.40641889 ], [ 136.21214778, 35.40638195 ], [ 136.21216973, 35.40635361 ], [ 136.21219667, 35.40633889 ], [ 136.21232527, 35.406345 ], [ 136.21249834, 35.40635083 ], [ 136.21257277, 35.40631139 ], [ 136.212586390000013, 35.40628889 ], [ 136.212586390000013, 35.40624361 ], [ 136.21252472, 35.40616473 ], [ 136.21251777, 35.40609723 ], [ 136.21253556, 35.40606473 ], [ 136.212565, 35.40605361 ], [ 136.21259778000001, 35.40605388 ], [ 136.21268278, 35.4060975 ], [ 136.212744719999989, 35.4060975 ], [ 136.21277222, 35.406075 ], [ 136.21277834, 35.40604334 ], [ 136.21277222, 35.40602416 ], [ 136.21262084, 35.40592278 ], [ 136.21255889, 35.40586083 ], [ 136.2125575, 35.40581583 ], [ 136.212586390000013, 35.40575917 ], [ 136.21267583, 35.40565777 ], [ 136.212861659999987, 35.40556195 ], [ 136.212889170000011, 35.40552834 ], [ 136.21289583, 35.40549445 ], [ 136.212875270000012, 35.40539861 ], [ 136.21290278, 35.40536472 ], [ 136.21302667, 35.40531417 ], [ 136.213116109999987, 35.40524639 ], [ 136.213129720000012, 35.40510556 ], [ 136.21315, 35.40503806 ], [ 136.21321889, 35.40499861 ], [ 136.21332888, 35.40499861 ], [ 136.21339083, 35.40501528 ], [ 136.213617770000013, 35.40503222 ], [ 136.21372778, 35.40500972 ], [ 136.213768890000011, 35.40496472 ], [ 136.21389278, 35.40478444 ], [ 136.21397528, 35.40460972 ], [ 136.21402333, 35.40444611 ], [ 136.214045559999988, 35.404275 ], [ 136.21450778, 35.40452194 ], [ 136.214571119999988, 35.40438556 ], [ 136.21463472, 35.40426667 ], [ 136.21431166, 35.40408972 ], [ 136.21440861, 35.40398444 ], [ 136.21459416, 35.40366305 ], [ 136.214614719999986, 35.40356722 ], [ 136.21471111, 35.40346583 ], [ 136.21487611, 35.40322916 ], [ 136.214931119999989, 35.40309972 ], [ 136.21497917, 35.40295945 ], [ 136.21513, 35.40287667 ], [ 136.21517445, 35.4028225 ], [ 136.21545389, 35.40217945 ], [ 136.215505, 35.40199945 ], [ 136.21613083, 35.40052916 ], [ 136.216241669999988, 35.40055472 ], [ 136.216266389999987, 35.40049861 ], [ 136.21627722, 35.40047389 ], [ 136.21618139, 35.40041666 ], [ 136.21672111, 35.39921194 ], [ 136.21695972, 35.39865611 ], [ 136.217000829999989, 35.39862556 ], [ 136.21703527, 35.39858028 ], [ 136.21704222, 35.39834945 ], [ 136.21706278, 35.39815778 ], [ 136.21712473, 35.39798889 ], [ 136.21715889, 35.3978425 ], [ 136.21717972, 35.39738583 ], [ 136.21728972, 35.39689555 ], [ 136.21732416, 35.39634333 ], [ 136.21738584, 35.39579111 ], [ 136.21740667, 35.39554333 ], [ 136.21739277, 35.39549833 ], [ 136.217330839999988, 35.39519972 ], [ 136.217330839999988, 35.39499667 ], [ 136.21737916, 35.39482195 ], [ 136.21736528, 35.39470361 ], [ 136.21734472, 35.3944725 ], [ 136.21726917, 35.39398223 ], [ 136.21714527, 35.39344694 ], [ 136.21712473, 35.3934075 ], [ 136.21697333, 35.39294 ], [ 136.216835839999987, 35.39255667 ], [ 136.21664334, 35.39204389 ], [ 136.21642305, 35.39157611 ], [ 136.21617555, 35.39113666 ], [ 136.21580445, 35.39055083 ], [ 136.21573584, 35.39051139 ], [ 136.215398889999989, 35.39042111 ], [ 136.215281940000011, 35.39039305 ], [ 136.2150775, 35.39033722 ], [ 136.21497251, 35.39030861 ], [ 136.21492167, 35.39028028 ], [ 136.2150825, 35.39026916 ], [ 136.21522694, 35.39024639 ], [ 136.21562583, 35.39015639 ], [ 136.2161, 35.39007167 ], [ 136.21631306, 35.39004361 ], [ 136.216485, 35.39000972 ], [ 136.21667083, 35.38996472 ], [ 136.217200279999986, 35.38989139 ], [ 136.21745528, 35.38988139 ], [ 136.21749361, 35.38998 ], [ 136.21818861, 35.39015833 ], [ 136.218565, 35.38980861 ], [ 136.21884083, 35.38958833 ], [ 136.218979170000011, 35.38950389 ], [ 136.21876778, 35.38936722 ], [ 136.21864417, 35.38929972 ], [ 136.21838277, 35.38918694 ], [ 136.21777111, 35.38903472 ], [ 136.21720722, 35.38888278 ], [ 136.216347500000012, 35.38867973 ], [ 136.2161275, 35.38862333 ], [ 136.215955830000013, 35.38856139 ], [ 136.21585278, 35.388505 ], [ 136.21580445, 35.38846 ], [ 136.215838889999986, 35.3883925 ], [ 136.21591444, 35.3883025 ], [ 136.21630638, 35.38795305 ], [ 136.216780840000013, 35.38757556 ], [ 136.21715222, 35.38727112 ], [ 136.21723472, 35.38718112 ], [ 136.21741333, 35.38704 ], [ 136.21781916, 35.38673583 ], [ 136.217922499999986, 35.38667333 ], [ 136.21813556, 35.38654444 ], [ 136.21863722, 35.38635861 ], [ 136.21889167, 35.38627972 ], [ 136.21904306, 35.38627389 ], [ 136.219304169999987, 35.38634722 ], [ 136.2196275, 35.38649389 ], [ 136.219875, 35.38658944 ], [ 136.220218890000012, 35.38665723 ], [ 136.220583330000011, 35.38665723 ], [ 136.220899440000011, 35.38661778 ], [ 136.22109194, 35.38657278 ], [ 136.221201939999986, 35.3865275 ], [ 136.22136695, 35.38648806 ], [ 136.22159389, 35.38644861 ], [ 136.221999720000014, 35.38644861 ], [ 136.22235722, 35.38649944 ], [ 136.22258417, 35.38656139 ], [ 136.22310667, 35.38663473 ], [ 136.22331306000001, 35.38670778 ], [ 136.22382861, 35.38687695 ], [ 136.22424139, 35.38703472 ], [ 136.22466778, 35.3871475 ], [ 136.22496333, 35.38732222 ], [ 136.225176659999988, 35.38741222 ], [ 136.22532777, 35.38746306 ], [ 136.2254375, 35.38748 ], [ 136.22569889, 35.38747444 ], [ 136.22598083, 35.38741806 ], [ 136.22646056, 35.38722944 ], [ 136.226090269999986, 35.38837333 ], [ 136.22489417, 35.3886325 ], [ 136.22490528, 35.38917916 ], [ 136.226973609999988, 35.38871444 ], [ 136.22687806, 35.38789417 ], [ 136.22702611, 35.38799277 ], [ 136.22716361, 35.38802667 ], [ 136.22741111, 35.38803222 ], [ 136.227645, 35.38799834 ], [ 136.22835305000001, 35.3878125 ], [ 136.22834611, 35.38797584 ], [ 136.228415, 35.38800972 ], [ 136.22866944, 35.38800972 ], [ 136.2288, 35.38797584 ], [ 136.228820829999989, 35.38795889 ], [ 136.228889439999989, 35.38794222 ], [ 136.229439719999988, 35.38771667 ], [ 136.22965277, 35.38761528 ], [ 136.22976972, 35.38755333 ], [ 136.23003111, 35.38744611 ], [ 136.23012723, 35.387435 ], [ 136.230333339999987, 35.38739556 ], [ 136.23071167, 35.387345 ], [ 136.23103472, 35.38729416 ], [ 136.23113111, 35.38727166 ], [ 136.23134417, 35.38717584 ], [ 136.231488610000014, 35.38715334 ], [ 136.231729449999989, 35.38713639 ], [ 136.2319425, 35.38710834 ], [ 136.23208695, 35.38709694 ], [ 136.2323825, 35.38705194 ], [ 136.23264361, 35.38698444 ], [ 136.23281555, 35.38696167 ], [ 136.232905, 35.386945 ], [ 136.23300805, 35.38692222 ], [ 136.233152499999989, 35.38689417 ], [ 136.23337945, 35.38684333 ], [ 136.23353083, 35.38679833 ], [ 136.23373028, 35.38675888 ], [ 136.23424583, 35.38671945 ], [ 136.23458305, 35.38670806 ], [ 136.2348375, 35.38664056 ], [ 136.23491306, 35.38660111 ], [ 136.2349475, 35.38659556 ], [ 136.234975, 35.38657861 ], [ 136.23506445000001, 35.38656166 ], [ 136.235246389999986, 35.38653056 ], [ 136.235621110000011, 35.38646028 ], [ 136.23599916, 35.38639833 ], [ 136.236274439999988, 35.38636444 ], [ 136.236473890000013, 35.38634223 ], [ 136.23701028, 35.38633639 ], [ 136.237099449999988, 35.38632528 ], [ 136.23722333, 35.38631973 ], [ 136.23764945, 35.3862125 ], [ 136.23781444, 35.38619 ], [ 136.23797278, 35.38615611 ], [ 136.23813084, 35.38616194 ], [ 136.23822722, 35.38619 ], [ 136.23858472, 35.38633639 ], [ 136.23872222, 35.38637583 ], [ 136.238956120000012, 35.38642666 ], [ 136.239313610000011, 35.38643806 ], [ 136.239678059999989, 35.38642666 ], [ 136.24093639, 35.38640973 ], [ 136.24108056, 35.38639278 ], [ 136.24121833, 35.38646056 ], [ 136.241410839999986, 35.38646611 ], [ 136.241582779999987, 35.38648306 ], [ 136.241775280000013, 35.38652806 ], [ 136.24180861, 35.38654333 ], [ 136.24205028, 35.38663528 ], [ 136.24229778, 35.38673111 ], [ 136.24251111, 35.38676472 ], [ 136.24268278, 35.38681555 ], [ 136.242820279999989, 35.38684361 ], [ 136.24312278, 35.386855 ], [ 136.24315027, 35.38684361 ], [ 136.24332917000001, 35.3868325 ], [ 136.24341167, 35.3869 ], [ 136.24343722, 35.38694833 ], [ 136.24343916, 35.387165 ], [ 136.24333611, 35.38722695 ], [ 136.24315027, 35.38722695 ], [ 136.24279278, 35.38721 ], [ 136.24257972, 35.38720445 ], [ 136.24232806, 35.38718861 ], [ 136.24231167, 35.38719889 ], [ 136.242270280000014, 35.38724389 ], [ 136.242256669999989, 35.38730028 ], [ 136.24226361, 35.38757084 ], [ 136.24227277, 35.3878125 ], [ 136.24229111, 35.38782972 ], [ 136.24231722, 35.38783001 ], [ 136.24239416, 35.38776777 ], [ 136.24248361, 35.38776777 ], [ 136.24260695000001, 35.38783527 ], [ 136.24267583, 35.38783527 ], [ 136.242833890000014, 35.38776222 ], [ 136.24296472, 35.38776222 ], [ 136.24304028, 35.38780167 ], [ 136.24322612, 35.38797056 ], [ 136.243246660000011, 35.38797611 ], [ 136.24332222000001, 35.38796499 ], [ 136.24339777, 35.38790333 ], [ 136.24343916, 35.38780167 ], [ 136.24344611, 35.38762139 ], [ 136.24348723, 35.38740722 ], [ 136.24351472, 35.38734528 ], [ 136.24359722, 35.38724945 ], [ 136.24364556, 35.38722139 ], [ 136.24379667, 35.3871875 ], [ 136.24383834, 35.38715083 ], [ 136.243831949999986, 35.38691222 ], [ 136.24388528, 35.38684778 ], [ 136.24396528, 35.38682222 ], [ 136.24403055, 35.38681555 ], [ 136.24432639, 35.38676472 ], [ 136.24445667, 35.38672611 ], [ 136.244649439999989, 35.38666888 ], [ 136.244768060000013, 35.38667389 ], [ 136.24479444, 35.38666389 ], [ 136.24480945, 35.38663916 ], [ 136.24481222, 35.38660778 ], [ 136.24480083, 35.38659583 ], [ 136.24459445, 35.38638723 ], [ 136.24500694, 35.38599861 ], [ 136.24508972000001, 35.38593111 ], [ 136.24518583, 35.38608861 ], [ 136.24531639, 35.38621806 ], [ 136.24542639, 35.38626333 ], [ 136.24662361, 35.38560501 ], [ 136.24673139, 35.38572834 ], [ 136.24680306, 35.38568833 ], [ 136.24686528, 35.38565444 ], [ 136.24681112, 35.38559722 ], [ 136.24674667, 35.38551167 ], [ 136.24676416, 35.38546222 ], [ 136.24677639, 35.38542806 ], [ 136.24684278, 35.38542944 ], [ 136.24701472000001, 35.38541806 ], [ 136.24709722, 35.38539972 ], [ 136.24709722, 35.38506862 ], [ 136.24711111, 35.38506194 ], [ 136.247213609999989, 35.38498388 ], [ 136.24755972, 35.38475888 ], [ 136.24786111, 35.38452 ], [ 136.24816277, 35.38419473 ], [ 136.24836417, 35.38396889 ], [ 136.24842278, 35.38393694 ], [ 136.248589439999989, 35.38391056 ], [ 136.24891, 35.38388389 ], [ 136.249389439999987, 35.38388528 ], [ 136.24946, 35.38389334 ], [ 136.24949973, 35.38390667 ], [ 136.24957139, 35.38394723 ], [ 136.24964917, 35.38401473 ], [ 136.24990945, 35.38392611 ], [ 136.24990945, 35.38376639 ], [ 136.249955, 35.38365639 ], [ 136.24999166, 35.38361027 ], [ 136.2500875, 35.38353528 ], [ 136.250265, 35.38346083 ], [ 136.25052695, 35.3833775 ], [ 136.25101472, 35.38325695 ], [ 136.25122194, 35.38319166 ], [ 136.25153889, 35.38307417 ], [ 136.25176556, 35.38302583 ], [ 136.25205194, 35.38301056 ], [ 136.252103330000011, 35.38302556 ], [ 136.25221389, 35.38307833 ], [ 136.25243139, 35.38322639 ], [ 136.252614169999987, 35.38314944 ], [ 136.25260889, 35.38310694 ], [ 136.252563329999987, 35.3829675 ], [ 136.25256, 35.38290805 ], [ 136.25257917, 35.38284416 ], [ 136.25261945, 35.38278639 ], [ 136.25269945, 35.3827325 ], [ 136.25289306, 35.38264638 ], [ 136.25308444, 35.38259666 ], [ 136.253197230000012, 35.38257195 ], [ 136.25329305, 35.3825675 ], [ 136.25335195, 35.38258556 ], [ 136.253571670000014, 35.38267305 ], [ 136.25363083, 35.38264222 ], [ 136.25367028, 35.38260583 ], [ 136.2538625, 35.38248833 ], [ 136.253931669999986, 35.38246917 ], [ 136.25484666, 35.38194028 ], [ 136.25550139, 35.38155667 ], [ 136.255883329999989, 35.38131305 ], [ 136.256076940000014, 35.38116833 ], [ 136.25626333, 35.38102139 ], [ 136.256423610000013, 35.38087361 ], [ 136.25660111, 35.38068278 ], [ 136.25677056, 35.38047 ], [ 136.25690917, 35.38025666 ], [ 136.257036660000011, 35.38003166 ], [ 136.257225, 35.37958111 ], [ 136.25745583, 35.37899945 ], [ 136.257680560000011, 35.37837139 ], [ 136.25766055, 35.37831833 ], [ 136.25765167, 35.37823806 ], [ 136.25766639, 35.37814 ], [ 136.257713059999986, 35.37806083 ], [ 136.25776083, 35.37800194 ], [ 136.257802770000012, 35.37796917 ], [ 136.25786584, 35.37793778 ], [ 136.25793194, 35.37791639 ], [ 136.25799805, 35.37790972 ], [ 136.258079720000012, 35.37792361 ], [ 136.25819139, 35.37797028 ], [ 136.258313609999988, 35.37805639 ], [ 136.258438610000013, 35.37817167 ], [ 136.25849417, 35.37823917 ], [ 136.25856305, 35.37835194 ], [ 136.25858083, 35.37841416 ], [ 136.258581670000012, 35.37848472 ], [ 136.25875722, 35.37869194 ], [ 136.25881972, 35.37864194 ], [ 136.25888222, 35.37859195 ], [ 136.25898834, 35.37848333 ], [ 136.25929, 35.37809528 ], [ 136.259449170000011, 35.37785833 ], [ 136.25949695, 35.37776917 ], [ 136.259550280000013, 35.37758527 ], [ 136.25959, 35.37744388 ], [ 136.259836940000014, 35.37764194 ], [ 136.26050722, 35.37712362 ], [ 136.26099166, 35.37676416 ], [ 136.26017834000001, 35.37602195 ], [ 136.25994889, 35.37581805 ], [ 136.26034277, 35.37477333 ], [ 136.26065666, 35.37396028 ], [ 136.26216333, 35.37303694 ], [ 136.2634775, 35.37432528 ], [ 136.26368778, 35.37453083 ], [ 136.26400361, 35.37432416 ], [ 136.26367639, 35.37399083 ], [ 136.26321417, 35.37352083 ], [ 136.26248028, 35.372775 ], [ 136.26330138, 35.37225389 ], [ 136.264358609999988, 35.37329861 ], [ 136.264689159999989, 35.37362666 ], [ 136.26502666, 35.37346417 ], [ 136.26553389, 35.37320861 ], [ 136.26550667, 35.372485 ], [ 136.26498111, 35.37191417 ], [ 136.26517333000001, 35.37178861 ], [ 136.26475305, 35.37136444 ], [ 136.265092220000014, 35.37124445 ], [ 136.26609195, 35.37224528 ], [ 136.26611028, 35.37250139 ], [ 136.266191670000012, 35.37362889 ], [ 136.26624277, 35.37367306 ], [ 136.266273610000013, 35.37391277 ], [ 136.26635417, 35.37394 ], [ 136.266486390000011, 35.37387973 ], [ 136.26661861, 35.37381945 ], [ 136.267852229999988, 35.37325334 ], [ 136.268030829999987, 35.37316972 ], [ 136.268293340000014, 35.37305111 ], [ 136.26832945000001, 35.37296722 ], [ 136.26836361, 35.3729225 ], [ 136.26858194, 35.37278694 ], [ 136.26883055, 35.37256778 ], [ 136.26902138, 35.37239723 ], [ 136.26910389, 35.37231611 ], [ 136.26924139, 35.37211861 ], [ 136.269277499999987, 35.37202028 ], [ 136.26931528, 35.3718825 ], [ 136.26933417, 35.37186416 ], [ 136.26949528, 35.37184611 ], [ 136.26957250000001, 35.37181083 ], [ 136.26982333, 35.37162472 ], [ 136.27000528, 35.37146611 ], [ 136.270161660000014, 35.371295 ], [ 136.270468889999989, 35.37102667 ], [ 136.270582780000012, 35.37094611 ], [ 136.27070444, 35.37089417 ], [ 136.27088139, 35.37067639 ], [ 136.27088527, 35.37058416 ], [ 136.27088834, 35.37056667 ], [ 136.270931389999987, 35.37051 ], [ 136.27101889, 35.37032167 ], [ 136.27103639, 35.37022527 ], [ 136.27105555, 35.37011638 ], [ 136.27107166, 35.36997055 ], [ 136.27109416, 35.36988889 ], [ 136.271123890000013, 35.36984 ], [ 136.27122333, 35.36972889 ], [ 136.27131945, 35.36965306 ], [ 136.271480559999986, 35.3695675 ], [ 136.271669440000011, 35.36948917 ], [ 136.27174778, 35.36942833 ], [ 136.27200973, 35.36918889 ], [ 136.272092500000014, 35.369105 ], [ 136.27219028, 35.36902917 ], [ 136.27272944, 35.36831472 ], [ 136.27315527, 35.36778028 ], [ 136.27321889000001, 35.3676 ], [ 136.273238889999988, 35.36744611 ], [ 136.27325389, 35.36729083 ], [ 136.27325639, 35.36713917 ], [ 136.27325166, 35.36703195 ], [ 136.27322945, 35.36687361 ], [ 136.27320028, 35.36674306 ], [ 136.273159170000014, 35.36672056 ], [ 136.273586669999986, 35.36618584 ], [ 136.27400111, 35.36566222 ], [ 136.27419666, 35.36544111 ], [ 136.27452861, 35.36561167 ], [ 136.27481806, 35.36533694 ], [ 136.27516834, 35.36505806 ], [ 136.27548223, 35.36482916 ], [ 136.27571111, 35.36469723 ], [ 136.27587778, 35.36462278 ], [ 136.27631083, 35.36449694 ], [ 136.27639611, 35.36449361 ], [ 136.276596110000014, 35.36426583 ], [ 136.27659805, 35.36410223 ], [ 136.27661527, 35.36398973 ], [ 136.2766325, 35.36390194 ], [ 136.276680559999988, 35.36379084 ], [ 136.27677834, 35.36360833 ], [ 136.276805560000014, 35.36349389 ], [ 136.276825, 35.3633775 ], [ 136.27683278, 35.36318083 ], [ 136.276836659999987, 35.36291778 ], [ 136.27685388, 35.3628575 ], [ 136.27696638, 35.36277834 ], [ 136.27693417, 35.36274805 ], [ 136.27690139, 35.36269639 ], [ 136.27688694, 35.36261639 ], [ 136.27685194, 35.36237139 ], [ 136.27684806, 35.36219472 ], [ 136.27685194, 35.36214166 ], [ 136.276877500000012, 35.36209778 ], [ 136.27692611, 35.36206361 ], [ 136.27710389, 35.36204694 ], [ 136.27714638, 35.36201833 ], [ 136.27719, 35.36196889 ], [ 136.27730417, 35.36176917 ], [ 136.277321660000013, 35.36167556 ], [ 136.277292499999987, 35.3613225 ], [ 136.277308049999988, 35.3612875 ], [ 136.27737194, 35.36119306 ], [ 136.27754445, 35.36080583 ], [ 136.277671669999989, 35.36050306 ], [ 136.277745, 35.36025833 ], [ 136.27778945, 35.36002889 ], [ 136.27780944, 35.35987361 ], [ 136.277805, 35.35972278 ], [ 136.27778139, 35.35947833 ], [ 136.277703620000011, 35.35902667 ], [ 136.277868610000013, 35.35900167 ], [ 136.277901109999988, 35.35888639 ], [ 136.27789361, 35.358805 ], [ 136.27783305, 35.35849834 ], [ 136.27776167, 35.35815055 ], [ 136.27775778, 35.35811223 ], [ 136.27794778, 35.35809 ], [ 136.27794972, 35.35783972 ], [ 136.27794584, 35.35776083 ], [ 136.27791861, 35.35768778 ], [ 136.27779472, 35.35731805 ], [ 136.27777333, 35.3570125 ], [ 136.27798833, 35.35698416 ], [ 136.27800222, 35.35657222 ], [ 136.27799639, 35.35647555 ], [ 136.27797694, 35.35633 ], [ 136.277903329999987, 35.355955 ], [ 136.277825830000012, 35.35564528 ], [ 136.277827769999988, 35.35558638 ], [ 136.27784111, 35.3555675 ], [ 136.277936110000013, 35.35554194 ], [ 136.27795555, 35.35550556 ], [ 136.27797694, 35.35536111 ], [ 136.27798861, 35.35522361 ], [ 136.27798861, 35.35510945 ], [ 136.27795778, 35.35484916 ], [ 136.27790722, 35.35435777 ], [ 136.27784528, 35.35389472 ], [ 136.277796669999987, 35.35361028 ], [ 136.277736659999988, 35.35335944 ], [ 136.27765194, 35.35313333 ], [ 136.27761611, 35.35298973 ], [ 136.27758916, 35.35278556 ], [ 136.27758778, 35.35267056 ], [ 136.277587219999987, 35.35259611 ], [ 136.27751333, 35.35226528 ], [ 136.277453329999986, 35.35199361 ], [ 136.27745722, 35.35197306 ], [ 136.2777575, 35.35194112 ], [ 136.277771120000011, 35.35190472 ], [ 136.27773445, 35.35151667 ], [ 136.27768584, 35.35129778 ], [ 136.27752333, 35.35080889 ], [ 136.27751333, 35.35074027 ], [ 136.27751139, 35.35054194 ], [ 136.277501660000013, 35.35033195 ], [ 136.27746556, 35.35019417 ], [ 136.27734444, 35.34987556 ], [ 136.27730388, 35.34971028 ], [ 136.27731861, 35.349225 ], [ 136.27730361, 35.34907333 ], [ 136.277276660000012, 35.34892027 ], [ 136.27726084, 35.3487525 ], [ 136.27726861, 35.34870611 ], [ 136.277441110000012, 35.34835639 ], [ 136.277455, 35.34828722 ], [ 136.27745944, 35.34815834 ], [ 136.27744472, 35.34800583 ], [ 136.27736361, 35.34740277 ], [ 136.27727445, 35.34697278 ], [ 136.27724333, 35.34683528 ], [ 136.27724611, 35.34623028 ], [ 136.27722277, 35.34606333 ], [ 136.277235, 35.34594778 ], [ 136.27719944, 35.34579667 ], [ 136.27714584, 35.34556833 ], [ 136.27707583, 35.34534694 ], [ 136.277038049999987, 35.34505361 ], [ 136.277012219999989, 35.3448825 ], [ 136.276977499999987, 35.34476111 ], [ 136.276942780000013, 35.34469361 ], [ 136.27686861, 35.34454556 ], [ 136.276798609999986, 35.34438862 ], [ 136.27678778, 35.34430417 ], [ 136.27675806, 35.34412139 ], [ 136.276693060000014, 35.34381667 ], [ 136.276672780000013, 35.34365528 ], [ 136.27662389, 35.34325445 ], [ 136.276538609999989, 35.34287945 ], [ 136.276455, 35.34263833 ], [ 136.2763075, 35.34233111 ], [ 136.27615834, 35.34197417 ], [ 136.27597556, 35.34148555 ], [ 136.275904450000013, 35.3413125 ], [ 136.27563612, 35.34073528 ], [ 136.275479170000011, 35.3404125 ], [ 136.275463339999988, 35.3403275 ], [ 136.27549584, 35.34023917 ], [ 136.27548945, 35.34022778 ], [ 136.27543055000001, 35.340215 ], [ 136.275374449999987, 35.34019111 ], [ 136.27534362, 35.34016972 ], [ 136.27531223, 35.34012194 ], [ 136.275259440000013, 35.34001138 ], [ 136.27510555, 35.33967472 ], [ 136.27488667, 35.33913667 ], [ 136.27482305, 35.338995 ], [ 136.27474028, 35.33883167 ], [ 136.27461723, 35.33862222 ], [ 136.27449972, 35.33838666 ], [ 136.27434611000001, 35.33803027 ], [ 136.27427361, 35.33785639 ], [ 136.27421027, 35.33768834 ], [ 136.27419611, 35.33759611 ], [ 136.274201940000012, 35.33754305 ], [ 136.27423, 35.33744723 ], [ 136.273794439999989, 35.33653111 ], [ 136.27329862, 35.33571444 ], [ 136.273232220000011, 35.33569361 ], [ 136.27300445, 35.33552722 ], [ 136.27291806, 35.3354775 ], [ 136.27275334, 35.33542139 ], [ 136.27269139, 35.33538194 ], [ 136.27267083000001, 35.33531417 ], [ 136.27269834, 35.33522388 ], [ 136.27269834, 35.33501556 ], [ 136.27263167000001, 35.33481667 ], [ 136.27261861, 35.33472972 ], [ 136.27260694, 35.33465695 ], [ 136.27199583, 35.33374778 ], [ 136.2714875, 35.33298055 ], [ 136.270905559999989, 35.33213 ], [ 136.27074278, 35.33185444 ], [ 136.27055167, 35.33150389 ], [ 136.27011639, 35.33120666 ], [ 136.269775, 35.33102138 ], [ 136.26945361, 35.33088722 ], [ 136.26931916, 35.33084889 ], [ 136.269201110000012, 35.33084833 ], [ 136.26897556, 35.33085695 ], [ 136.26848139, 35.33076027 ], [ 136.26832223, 35.33071861 ], [ 136.26807444, 35.33062222 ], [ 136.26799639, 35.33057722 ], [ 136.26790111, 35.33050139 ], [ 136.267889450000013, 35.33046278 ], [ 136.26789444, 35.33044139 ], [ 136.2679575, 35.33044694 ], [ 136.268050280000011, 35.33046667 ], [ 136.26817556, 35.33050639 ], [ 136.268280549999986, 35.33050972 ], [ 136.26848639, 35.33049 ], [ 136.26858334, 35.33049334 ], [ 136.26864, 35.33050444 ], [ 136.26886611, 35.33032833 ], [ 136.26860638, 35.32989306 ], [ 136.267763050000013, 35.32959584 ], [ 136.26776444, 35.32955 ], [ 136.26776972, 35.32949111 ], [ 136.26844639, 35.32951333 ], [ 136.26848666, 35.32906611 ], [ 136.26780055, 35.32903305 ], [ 136.26780389000001, 35.32892278 ], [ 136.268813060000014, 35.32895194 ], [ 136.268813060000014, 35.32913945 ], [ 136.268996390000012, 35.32913388 ], [ 136.2691125, 35.32912167 ], [ 136.26953139, 35.32905417 ], [ 136.26975139000001, 35.32899195 ], [ 136.26997805, 35.32890195 ], [ 136.27012223, 35.32880055 ], [ 136.27018084, 35.32873861 ], [ 136.27023277, 35.32865084 ], [ 136.27027361, 35.32859194 ], [ 136.270403609999988, 35.32828195 ], [ 136.27045195, 35.32802305 ], [ 136.27047278, 35.32775833 ], [ 136.27039027, 35.32726222 ], [ 136.27035583, 35.32714389 ], [ 136.270321669999987, 35.32691861 ], [ 136.27028722, 35.32676639 ], [ 136.270239159999988, 35.32661417 ], [ 136.27023223, 35.32655806 ], [ 136.27020472000001, 35.32647889 ], [ 136.27017723, 35.32636639 ], [ 136.27014306, 35.32622555 ], [ 136.27006750000001, 35.32598889 ], [ 136.27006056, 35.32594944 ], [ 136.269998609999988, 35.32580278 ], [ 136.269876110000013, 35.32527583 ], [ 136.26989667, 35.32506333 ], [ 136.26969222, 35.3246125 ], [ 136.26921472, 35.32368083 ], [ 136.26855416, 35.32241889 ], [ 136.26840334, 35.32219416 ], [ 136.267917219999987, 35.32138222 ], [ 136.26752277, 35.32072667 ], [ 136.26742972, 35.32070916 ], [ 136.267313050000013, 35.32065278 ], [ 136.26727222, 35.32062473 ], [ 136.267237779999988, 35.32057389 ], [ 136.267237779999988, 35.32051194 ], [ 136.26727222, 35.32047806 ], [ 136.26746416, 35.32045556 ], [ 136.26759167, 35.32039111 ], [ 136.26765666, 35.32032027 ], [ 136.26768417, 35.32024695 ], [ 136.267711389999988, 35.3201175 ], [ 136.26776639, 35.32007222 ], [ 136.267841940000011, 35.32002722 ], [ 136.267951939999989, 35.31989778 ], [ 136.268001950000013, 35.31987889 ], [ 136.26801361, 35.31977 ], [ 136.26802361, 35.31967305 ], [ 136.26799917, 35.3195225 ], [ 136.267948890000014, 35.31938556 ], [ 136.26785472, 35.31919861 ], [ 136.26768417, 35.31894111 ], [ 136.26718333, 35.31821055 ], [ 136.26572389, 35.31607528 ], [ 136.26482972, 35.31476472 ], [ 136.26396139, 35.31354583 ], [ 136.263526109999987, 35.31311861 ], [ 136.26249389, 35.31189472 ], [ 136.26205472, 35.31137362 ], [ 136.26161611, 35.31085612 ], [ 136.26025389, 35.30926167 ], [ 136.259858619999989, 35.30880695 ], [ 136.25980195, 35.30879889 ], [ 136.259531110000012, 35.30861695 ], [ 136.259489730000013, 35.30855473 ], [ 136.25949666, 35.3084875 ], [ 136.25951028, 35.30847055 ], [ 136.25955166, 35.30844805 ], [ 136.25968334, 35.30844861 ], [ 136.25976445, 35.308465 ], [ 136.25988389, 35.30850194 ], [ 136.26013305, 35.30850056 ], [ 136.26034805, 35.30845834 ], [ 136.26055611000001, 35.30838278 ], [ 136.26068167, 35.30830167 ], [ 136.26064833, 35.30823639 ], [ 136.26058555, 35.30820611 ], [ 136.260364720000013, 35.308205 ], [ 136.260253330000012, 35.30818277 ], [ 136.260137500000013, 35.30812361 ], [ 136.260002500000013, 35.30800306 ], [ 136.25982944, 35.30769222 ], [ 136.259599720000011, 35.30722416 ], [ 136.25927083, 35.30675222 ], [ 136.25876194, 35.30621639 ], [ 136.25839778, 35.30584472 ], [ 136.25814361, 35.30556834 ], [ 136.25795111, 35.30531528 ], [ 136.25752555, 35.30483055 ], [ 136.2574225, 35.30472333 ], [ 136.25721639, 35.304515 ], [ 136.25671917, 35.30403611 ], [ 136.25621361, 35.30349445 ], [ 136.255961109999987, 35.30319889 ], [ 136.255868060000012, 35.30309473 ], [ 136.25565445, 35.30285167 ], [ 136.255431390000012, 35.30260361 ], [ 136.25536889, 35.30252945 ], [ 136.2553125, 35.30249694 ], [ 136.25512611, 35.30250639 ], [ 136.25502472, 35.30247861 ], [ 136.25497, 35.30241305 ], [ 136.254976950000014, 35.30226639 ], [ 136.25503194, 35.30208083 ], [ 136.25503167, 35.30200638 ], [ 136.25492305, 35.30188334 ], [ 136.254764169999987, 35.30169194 ], [ 136.25455806, 35.30150611 ], [ 136.25428416, 35.30128139 ], [ 136.25415945, 35.30117916 ], [ 136.253987779999989, 35.3009875 ], [ 136.25377472, 35.30063834 ], [ 136.253692230000013, 35.30048055 ], [ 136.253282500000012, 35.30031139 ], [ 136.2532675, 35.30029111 ], [ 136.25367806, 35.29968861 ], [ 136.25399, 35.29922361 ], [ 136.25401055, 35.29919083 ], [ 136.25432666, 35.29868806 ], [ 136.254588610000013, 35.29823556 ], [ 136.25462277, 35.29817584 ], [ 136.25466361, 35.29810389 ], [ 136.25469945, 35.29804055 ], [ 136.254750550000011, 35.29794306 ], [ 136.25494778, 35.29748306 ], [ 136.25510111, 35.29701861 ], [ 136.25531862, 35.29620834 ], [ 136.25534473, 35.29606555 ], [ 136.25537583, 35.29602306 ], [ 136.25717473, 35.29542861 ], [ 136.25722083, 35.295405 ], [ 136.2571725, 35.29524695 ], [ 136.25712944, 35.29510667 ], [ 136.257035550000012, 35.29501556 ], [ 136.25635111, 35.29400639 ], [ 136.25622056, 35.29382611 ], [ 136.25582888, 35.29338667 ], [ 136.255225, 35.29267472 ], [ 136.25502472, 35.29242695 ], [ 136.25480945000001, 35.29218167 ], [ 136.25462389, 35.29194888 ], [ 136.25442861, 35.29172861 ], [ 136.25428333, 35.29155528 ], [ 136.25424916, 35.29153278 ], [ 136.25400861, 35.29127361 ], [ 136.25389861, 35.29116666 ], [ 136.253589440000013, 35.29081167 ], [ 136.25343167, 35.29062555 ], [ 136.252882230000012, 35.29006222 ], [ 136.25222944, 35.28939166 ], [ 136.25078861, 35.28798944 ], [ 136.25061833, 35.28783473 ], [ 136.25008195, 35.28734833 ], [ 136.249305279999987, 35.28782805 ], [ 136.24795305, 35.28642639 ], [ 136.24711195, 35.28644417 ], [ 136.24688722, 35.28614694 ], [ 136.24645, 35.28548834 ], [ 136.24711195, 35.28548306 ], [ 136.24788695, 35.28549556 ], [ 136.24791889, 35.2852175 ], [ 136.24711195, 35.28448667 ], [ 136.246844720000013, 35.28425722 ], [ 136.24672389, 35.28417695 ], [ 136.24593833, 35.28415528 ], [ 136.24582055, 35.28407194 ], [ 136.24534, 35.28376889 ], [ 136.24533, 35.28358611 ], [ 136.24530861, 35.28322278 ], [ 136.24529055, 35.28291417 ], [ 136.24522973, 35.28276527 ], [ 136.24512667, 35.28250055 ], [ 136.24509945, 35.28241028 ], [ 136.24498945, 35.28220167 ], [ 136.244934449999988, 35.28213417 ], [ 136.244783610000013, 35.28183584 ], [ 136.24458445, 35.28161612 ], [ 136.24421333, 35.28127223 ], [ 136.243615549999987, 35.28079333 ], [ 136.2435125, 35.28072555 ], [ 136.24326528, 35.28055083 ], [ 136.242784449999988, 35.28028611 ], [ 136.24275, 35.28025806 ], [ 136.242296939999989, 35.28002694 ], [ 136.24182277, 35.27982972 ], [ 136.241733610000011, 35.27976778 ], [ 136.24166028, 35.2796575 ], [ 136.24158917, 35.27958166 ], [ 136.241417500000011, 35.27938444 ], [ 136.241211389999989, 35.27915333 ], [ 136.240771669999987, 35.27874778 ], [ 136.24000945, 35.278145 ], [ 136.239185, 35.27755889 ], [ 136.239075, 35.27746889 ], [ 136.23905, 35.27739722 ], [ 136.238765, 35.27719555 ], [ 136.23771, 35.27649028 ], [ 136.23740195, 35.27629945 ], [ 136.237296109999988, 35.27629111 ], [ 136.23688389, 35.27608806 ], [ 136.23667723, 35.27597889 ], [ 136.23656639, 35.27592111 ], [ 136.23649917, 35.27589084 ], [ 136.236355, 35.27584584 ], [ 136.236025, 35.27580639 ], [ 136.235842780000013, 35.27590138 ], [ 136.235304719999988, 35.27559333 ], [ 136.23537722, 35.27548028 ], [ 136.23525417, 35.27540527 ], [ 136.23492250000001, 35.27525556 ], [ 136.23423806, 35.27494638 ], [ 136.23383639, 35.27483194 ], [ 136.23327694, 35.27434583 ], [ 136.232260270000012, 35.27356584 ], [ 136.23153223, 35.27305917 ], [ 136.231476109999988, 35.27301584 ], [ 136.231386109999988, 35.27294555 ], [ 136.23136584, 35.27293528 ], [ 136.23093667, 35.27263944 ], [ 136.230635549999988, 35.27245083 ], [ 136.23036805000001, 35.2722775 ], [ 136.23005, 35.27206917 ], [ 136.22987666, 35.27196055 ], [ 136.22963167, 35.27180472 ], [ 136.22936223, 35.27163973 ], [ 136.22919638, 35.27152723 ], [ 136.22876416, 35.27126167 ], [ 136.22846916, 35.27107333 ], [ 136.227845, 35.27069111 ], [ 136.22734417, 35.270385 ], [ 136.22688833, 35.27013111 ], [ 136.2267675, 35.27005444 ], [ 136.22651528, 35.26988084 ], [ 136.22643666, 35.26983027 ], [ 136.22639333, 35.26977139 ], [ 136.22636333, 35.26975916 ], [ 136.22631639, 35.26974305 ], [ 136.2262575, 35.26973972 ], [ 136.225040549999989, 35.26912972 ], [ 136.223793339999986, 35.26852306 ], [ 136.22293556, 35.26813277 ], [ 136.22269667, 35.26804611 ], [ 136.22226555, 35.267865 ], [ 136.221708330000013, 35.26764361 ], [ 136.22107111, 35.267365 ], [ 136.220808330000011, 35.26725889 ], [ 136.22051084, 35.26721306 ], [ 136.220173609999989, 35.26721028 ], [ 136.219931949999989, 35.26723889 ], [ 136.2195925, 35.26735944 ], [ 136.21932222, 35.26743723 ], [ 136.219094719999987, 35.26748333 ], [ 136.21902112, 35.26752055 ], [ 136.21892639, 35.26762389 ], [ 136.218796950000012, 35.26772445 ], [ 136.21865, 35.2677875 ], [ 136.21849834, 35.26779 ], [ 136.21831278, 35.26777 ], [ 136.21797666, 35.26763222 ], [ 136.217812220000013, 35.26754334 ], [ 136.21773528, 35.26743139 ], [ 136.21772472, 35.26718334 ], [ 136.21773861, 35.26695389 ], [ 136.21776444, 35.26687805 ], [ 136.216781950000012, 35.26612805 ], [ 136.21520528, 35.26492472 ], [ 136.21514833, 35.26494223 ], [ 136.21508028, 35.26494833 ], [ 136.21498445, 35.26494972 ], [ 136.21498084000001, 35.26496473 ], [ 136.214982780000014, 35.26500666 ], [ 136.21498861, 35.26507445 ], [ 136.21503195, 35.26510194 ], [ 136.21515416, 35.26512139 ], [ 136.21504389, 35.2651375 ], [ 136.214976940000014, 35.26513917 ], [ 136.21488222, 35.26511334 ], [ 136.214825, 35.26506 ], [ 136.21478944, 35.26494056 ], [ 136.214750830000014, 35.26461472 ], [ 136.214658609999987, 35.26448083 ], [ 136.21439834, 35.26408973 ], [ 136.214297499999986, 35.26392583 ], [ 136.21416944, 35.26376861 ], [ 136.214053619999987, 35.26368417 ], [ 136.214187220000014, 35.26352972 ], [ 136.214352780000013, 35.26335861 ], [ 136.21436666, 35.26331861 ], [ 136.214365, 35.26329444 ], [ 136.21434695, 35.26328278 ], [ 136.21425861, 35.2632975 ], [ 136.214225, 35.26328917 ], [ 136.21415416, 35.26321223 ], [ 136.21415833, 35.26316166 ], [ 136.214285, 35.26309278 ], [ 136.21441472, 35.26301139 ], [ 136.21445695, 35.26294861 ], [ 136.21449306, 35.26285167 ], [ 136.21452416, 35.26263278 ], [ 136.21451694000001, 35.2625125 ], [ 136.21443, 35.2623375 ], [ 136.214018610000011, 35.26190973 ], [ 136.21386028, 35.26174 ], [ 136.213436660000013, 35.26133611 ], [ 136.21321139, 35.26114834 ], [ 136.21266584, 35.26065472 ], [ 136.21201306, 35.26017723 ], [ 136.211384720000012, 35.25974305 ], [ 136.21070305, 35.2592975 ], [ 136.20993, 35.25880861 ], [ 136.209551940000011, 35.25856833 ], [ 136.209493329999987, 35.25848417 ], [ 136.209723340000011, 35.25824278 ], [ 136.209718329999987, 35.25814222 ], [ 136.20962777, 35.25808 ], [ 136.209512499999988, 35.25799639 ], [ 136.20911945, 35.25769805 ], [ 136.20864778, 35.25737973 ], [ 136.20837361, 35.25721223 ], [ 136.20804389, 35.25700084 ], [ 136.20799445, 35.25698556 ], [ 136.20798389, 35.25698556 ], [ 136.20786195, 35.25691583 ], [ 136.20741861, 35.25665389 ], [ 136.20689416, 35.25634805 ], [ 136.20660472, 35.25617723 ], [ 136.20646222, 35.25609722 ], [ 136.20620194, 35.25593528 ], [ 136.20584722000001, 35.25573666 ], [ 136.20545167, 35.255505 ], [ 136.20508055, 35.25530083 ], [ 136.20461139, 35.25503444 ], [ 136.204241950000011, 35.25482416 ], [ 136.20401666, 35.25469611 ], [ 136.20381278, 35.25457778 ], [ 136.203267219999987, 35.25427944 ], [ 136.2027175, 35.2539675 ], [ 136.201649440000011, 35.253355 ], [ 136.20136611, 35.25320472 ], [ 136.20125278, 35.25313584 ], [ 136.20098528, 35.2530075 ], [ 136.200951120000013, 35.252985 ], [ 136.200292780000012, 35.25267667 ], [ 136.20021194, 35.25262694 ], [ 136.20013444, 35.25257916 ], [ 136.199221669999986, 35.25210583 ], [ 136.198871950000012, 35.25193111 ], [ 136.19882389, 35.25189723 ], [ 136.197622779999989, 35.25128334 ], [ 136.197465, 35.25121027 ], [ 136.197128889999988, 35.25102972 ], [ 136.197066940000013, 35.25100722 ], [ 136.196723889999987, 35.25082694 ], [ 136.19653889, 35.25071417 ], [ 136.19598306, 35.2505 ], [ 136.19590055, 35.25048889 ], [ 136.19580445, 35.250455 ], [ 136.19565361, 35.25038167 ], [ 136.195454719999987, 35.2502375 ], [ 136.19465695, 35.24983334 ], [ 136.19467695, 35.24978417 ], [ 136.19450694, 35.24969389 ], [ 136.194090280000012, 35.24954139 ], [ 136.193615560000012, 35.2493675 ], [ 136.19354, 35.2493675 ], [ 136.19345084, 35.24932223 ], [ 136.193389169999989, 35.24925473 ], [ 136.19330667, 35.24918139 ], [ 136.19302528, 35.24904611 ], [ 136.192895, 35.24895611 ], [ 136.192709720000011, 35.24877 ], [ 136.19259972, 35.24869112 ], [ 136.19239388, 35.24860112 ], [ 136.19225694, 35.24855583 ], [ 136.19183833, 35.24837556 ], [ 136.19172167, 35.24831361 ], [ 136.19161195, 35.24826861 ], [ 136.191241389999988, 35.24808834 ], [ 136.19039722, 35.247615 ], [ 136.19032167, 35.24755861 ], [ 136.190205, 35.24748528 ], [ 136.189868890000014, 35.24724861 ], [ 136.18977972, 35.24719777 ], [ 136.189731669999986, 35.24715834 ], [ 136.18967027, 35.24712916 ], [ 136.18960139, 35.24709639 ], [ 136.18933361, 35.24696111 ], [ 136.18908667, 35.24682028 ], [ 136.18861306, 35.246595 ], [ 136.18826306, 35.24642584 ], [ 136.187371109999987, 35.2459975 ], [ 136.18665055, 35.24564833 ], [ 136.186575, 35.24560306 ], [ 136.18642417, 35.24553556 ], [ 136.185991660000013, 35.24532695 ], [ 136.18564195, 35.24515805 ], [ 136.185374450000012, 35.24502833 ], [ 136.18479112, 35.24475222 ], [ 136.1847225, 35.24471278 ], [ 136.18411167, 35.24442528 ], [ 136.18383695, 35.24428445 ], [ 136.183206109999986, 35.24400278 ], [ 136.18310305, 35.24395194 ], [ 136.18310305, 35.24390694 ], [ 136.18222472, 35.24354055 ], [ 136.18101694, 35.24295472 ], [ 136.180715, 35.24279694 ], [ 136.180378889999986, 35.24263362 ], [ 136.180042500000013, 35.24245888 ], [ 136.17965806, 35.2423125 ], [ 136.17961, 35.24230111 ], [ 136.17939056, 35.24222223 ], [ 136.1793425, 35.24219416 ], [ 136.1791575, 35.24212639 ], [ 136.17856722, 35.24186167 ], [ 136.178025, 35.24161361 ], [ 136.17737305, 35.24127556 ], [ 136.17711917, 35.24114584 ], [ 136.17683111, 35.24098805 ], [ 136.17671028, 35.24089277 ], [ 136.176652780000012, 35.24084722 ], [ 136.176495, 35.24076833 ], [ 136.17517722, 35.24018806 ], [ 136.175095, 35.24015972 ], [ 136.1744775, 35.23987805 ], [ 136.17367445, 35.23952861 ], [ 136.17357777, 35.23948778 ], [ 136.17349056, 35.23945472 ], [ 136.173409170000014, 35.23941972 ], [ 136.17311195, 35.23924695 ], [ 136.172706940000012, 35.23904972 ], [ 136.17253556, 35.23897083 ], [ 136.17218556, 35.23882416 ], [ 136.17204833, 35.23875666 ], [ 136.171849439999988, 35.23867222 ], [ 136.17173944000001, 35.23861 ], [ 136.17123167, 35.23836778 ], [ 136.17093667, 35.23824945 ], [ 136.170634729999989, 35.23813666 ], [ 136.17018889, 35.23793944 ], [ 136.17010639, 35.23788889 ], [ 136.16980444, 35.23773111 ], [ 136.1694475, 35.23755055 ], [ 136.16922806, 35.23744917 ], [ 136.16843889, 35.23707722 ], [ 136.167924449999987, 35.23682944 ], [ 136.16729806, 35.23653834 ], [ 136.167135, 35.23645195 ], [ 136.16699778, 35.23638973 ], [ 136.1669225, 35.23635028 ], [ 136.166421390000011, 35.23611361 ], [ 136.1661125, 35.23597277 ], [ 136.16592028, 35.23588277 ], [ 136.16496666, 35.2354375 ], [ 136.16487056, 35.23539806 ], [ 136.16467167, 35.23529667 ], [ 136.1638225, 35.2349075 ], [ 136.16349139, 35.23475556 ], [ 136.16257195, 35.23441194 ], [ 136.16237972, 35.23432167 ], [ 136.16233334, 35.23428694 ], [ 136.162276670000011, 35.23422583 ], [ 136.162269720000012, 35.23419556 ], [ 136.162276670000011, 35.23416945 ], [ 136.16224334, 35.23414194 ], [ 136.162215, 35.23411889 ], [ 136.16215334, 35.2341075 ], [ 136.16173473, 35.23395555 ], [ 136.16165222, 35.23392723 ], [ 136.16152861, 35.23388223 ], [ 136.16098, 35.23364 ], [ 136.16076722, 35.23353834 ], [ 136.16026611, 35.23331861 ], [ 136.15951139, 35.23300861 ], [ 136.15880027, 35.23266889 ], [ 136.15868111, 35.23262 ], [ 136.158441110000012, 35.23250194 ], [ 136.15801556, 35.23234417 ], [ 136.15792639, 35.23232139 ], [ 136.15757639, 35.23220305 ], [ 136.157473329999988, 35.23215805 ], [ 136.157267499999989, 35.23205111 ], [ 136.157212500000014, 35.23200028 ], [ 136.157198889999989, 35.23197778 ], [ 136.15719, 35.23196389 ], [ 136.15718945, 35.23191389 ], [ 136.15720694, 35.23185 ], [ 136.157208340000011, 35.23180361 ], [ 136.157198889999989, 35.23178056 ], [ 136.157075279999987, 35.23167334 ], [ 136.15704777, 35.23162834 ], [ 136.15704777, 35.231555 ], [ 136.15711639, 35.231465 ], [ 136.15728805, 35.23111556 ], [ 136.15728972, 35.23108417 ], [ 136.157281110000014, 35.23105916 ], [ 136.15716444, 35.23094084 ], [ 136.15686944, 35.23072667 ], [ 136.15628639, 35.23036056 ], [ 136.156039170000014, 35.23021389 ], [ 136.155798620000013, 35.2300825 ], [ 136.15547639, 35.22990389 ], [ 136.15493444, 35.22963917 ], [ 136.154389439999989, 35.22938833 ], [ 136.154584160000013, 35.22914472 ], [ 136.154185, 35.22890389 ], [ 136.154235559999989, 35.22877083 ], [ 136.15404028, 35.22861027 ], [ 136.15386167, 35.22846306 ], [ 136.15367777, 35.22830556 ], [ 136.15336667, 35.227975 ], [ 136.15358278, 35.22780805 ], [ 136.153191389999989, 35.22756556 ], [ 136.15276583, 35.22732334 ], [ 136.15269056, 35.22728944 ], [ 136.1526225, 35.22726056 ], [ 136.15236805, 35.22712612 ], [ 136.15229362, 35.22708611 ], [ 136.15218972, 35.22704167 ], [ 136.15213583, 35.22701611 ], [ 136.15208, 35.22697388 ], [ 136.152018340000012, 35.22691195 ], [ 136.151935830000014, 35.22672028 ], [ 136.15184667, 35.22660778 ], [ 136.15178472, 35.22655139 ], [ 136.15156527, 35.22641611 ], [ 136.15133889, 35.22630889 ], [ 136.15105194, 35.22615305 ], [ 136.15092694, 35.22607805 ], [ 136.15075556, 35.22596528 ], [ 136.150494720000012, 35.22584139 ], [ 136.150213330000014, 35.22575667 ], [ 136.15006028, 35.22569666 ], [ 136.149932220000011, 35.22563834 ], [ 136.14970555, 35.22555944 ], [ 136.14953417000001, 35.225475 ], [ 136.14928028, 35.22532278 ], [ 136.14912917, 35.22524389 ], [ 136.148772220000012, 35.2250975 ], [ 136.14871555, 35.22506861 ], [ 136.148635, 35.22500166 ], [ 136.14859389, 35.22494528 ], [ 136.14853889, 35.22481 ], [ 136.14847722, 35.22469722 ], [ 136.14841278, 35.224635 ], [ 136.14833305, 35.22457333 ], [ 136.14823028, 35.22451695 ], [ 136.14789389, 35.22439861 ], [ 136.14755778, 35.22421833 ], [ 136.147324450000013, 35.22413944 ], [ 136.14724917, 35.22412249 ], [ 136.14718972, 35.22410527 ], [ 136.147130839999988, 35.22405472 ], [ 136.1470675, 35.22400083 ], [ 136.147029440000011, 35.22394806 ], [ 136.14691972, 35.22385806 ], [ 136.146850550000011, 35.22382527 ], [ 136.14679555, 35.22381028 ], [ 136.1466725, 35.22379027 ], [ 136.14664611, 35.22377666 ], [ 136.14659028, 35.22372277 ], [ 136.14646667, 35.22361555 ], [ 136.14610306, 35.22347472 ], [ 136.14582167, 35.22341833 ], [ 136.1456775, 35.22340167 ], [ 136.14565083, 35.22338611 ], [ 136.145478340000011, 35.2232325 ], [ 136.1453, 35.22310861 ], [ 136.14512166, 35.22302972 ], [ 136.1446975, 35.22289695 ], [ 136.144377780000013, 35.22278917 ], [ 136.144278609999986, 35.22273667 ], [ 136.14417778, 35.22268278 ], [ 136.144077220000014, 35.22279639 ], [ 136.143934730000012, 35.22273083 ], [ 136.14377, 35.2226125 ], [ 136.143727500000011, 35.22259222 ], [ 136.143591390000012, 35.22255056 ], [ 136.14343778, 35.22255333 ], [ 136.143378610000013, 35.222545 ], [ 136.14324833, 35.22248306 ], [ 136.143138060000013, 35.22238556 ], [ 136.143006390000011, 35.22228166 ], [ 136.14303389, 35.22223889 ], [ 136.14296889, 35.22221111 ], [ 136.14289083, 35.22218694 ], [ 136.142764160000013, 35.22235861 ], [ 136.1426175, 35.22228195 ], [ 136.14223944, 35.22206027 ], [ 136.14217778, 35.22204334 ], [ 136.141963049999987, 35.22204861 ], [ 136.141910270000011, 35.22204334 ], [ 136.14187139, 35.22202583 ], [ 136.14182111, 35.22199277 ], [ 136.14169084, 35.22182361 ], [ 136.14155333, 35.22171667 ], [ 136.14140944, 35.22162639 ], [ 136.14108, 35.22149111 ], [ 136.140668049999988, 35.22137861 ], [ 136.14057889, 35.22133916 ], [ 136.140194720000011, 35.22122639 ], [ 136.14004362, 35.22116444 ], [ 136.13941917, 35.22097278 ], [ 136.13915167, 35.22087138 ], [ 136.13874, 35.22074723 ], [ 136.13834194, 35.22063473 ], [ 136.13823222, 35.22061223 ], [ 136.13813362, 35.22061 ], [ 136.13769, 35.22063473 ], [ 136.13760973, 35.22061444 ], [ 136.137394730000011, 35.22053889 ], [ 136.13727139, 35.22047694 ], [ 136.13704472, 35.22031917 ], [ 136.13692805, 35.22025722 ], [ 136.136733060000012, 35.22022 ], [ 136.136777779999989, 35.22012723 ], [ 136.13671722, 35.22010417 ], [ 136.13660889, 35.22007056 ], [ 136.136563059999986, 35.22018 ], [ 136.13622805, 35.22008805 ], [ 136.136173609999986, 35.2200825 ], [ 136.135487219999987, 35.21990194 ], [ 136.135363610000013, 35.21990194 ], [ 136.13533639, 35.21991333 ], [ 136.13515777, 35.22000361 ], [ 136.13510306, 35.22002055 ], [ 136.13490389, 35.22000361 ], [ 136.13481472, 35.21998111 ], [ 136.134725550000013, 35.21996417 ], [ 136.13443722, 35.21989639 ], [ 136.13417944, 35.21983028 ], [ 136.133991110000011, 35.21978944 ], [ 136.13324305, 35.21958639 ], [ 136.13312638, 35.21954139 ], [ 136.13246111, 35.2193725 ], [ 136.13199445, 35.21927083 ], [ 136.13187778, 35.21925417 ], [ 136.13116389000001, 35.2191075 ], [ 136.13070416, 35.21900611 ], [ 136.130031659999986, 35.21884834 ], [ 136.12879639, 35.21856667 ], [ 136.12869362, 35.21854972 ], [ 136.12843278, 35.21848778 ], [ 136.12754056, 35.21830166 ], [ 136.12670333, 35.21814389 ], [ 136.12590889, 35.21800972 ], [ 136.12573583, 35.21798056 ], [ 136.12531722, 35.21792417 ], [ 136.12456916, 35.21779444 ], [ 136.12392417, 35.21765944 ], [ 136.12343694, 35.21759194 ], [ 136.12329972, 35.21758055 ], [ 136.12274388, 35.21752417 ], [ 136.12247639, 35.21748472 ], [ 136.12212639, 35.21741305 ], [ 136.12203778, 35.21740944 ], [ 136.12195166, 35.21738556 ], [ 136.12168028, 35.21730778 ], [ 136.121412780000014, 35.21726278 ], [ 136.121193049999988, 35.21720639 ], [ 136.121138050000013, 35.21718945 ], [ 136.1208225, 35.21713305 ], [ 136.12071278, 35.21709916 ], [ 136.12062333, 35.21709361 ], [ 136.11958722, 35.21709361 ], [ 136.11936055000001, 35.21707111 ], [ 136.11907917, 35.21703723 ], [ 136.11827666, 35.21703166 ], [ 136.1180775, 35.21700333 ], [ 136.117823609999988, 35.21699223 ], [ 136.1177, 35.21697528 ], [ 136.116732500000012, 35.21697528 ], [ 136.11643055, 35.21700916 ], [ 136.11623834, 35.21707666 ], [ 136.11588834, 35.21723416 ], [ 136.11560694, 35.21733 ], [ 136.11551083, 35.2173525 ], [ 136.115298059999986, 35.217375 ], [ 136.11525, 35.21739195 ], [ 136.115215549999988, 35.21741695 ], [ 136.1152, 35.21744861 ], [ 136.11545612, 35.21748778 ], [ 136.11551834, 35.21751861 ], [ 136.11553917, 35.21754444 ], [ 136.11551917, 35.21756111 ], [ 136.11502361, 35.21758361 ], [ 136.11485194, 35.21760611 ], [ 136.11455722, 35.21762861 ], [ 136.11441306, 35.21762861 ], [ 136.11420027, 35.21761167 ], [ 136.113960279999986, 35.21756111 ], [ 136.11371306, 35.2175275 ], [ 136.11342972, 35.21778084 ], [ 136.11335861, 35.21777472 ], [ 136.11332195, 35.21777528 ], [ 136.11324639, 35.21773584 ], [ 136.11304056, 35.21758361 ], [ 136.11293083000001, 35.21748222 ], [ 136.11292389, 35.21745972 ], [ 136.112793329999988, 35.21730195 ], [ 136.11273861, 35.21720028 ], [ 136.11211666, 35.21643806 ], [ 136.112107220000013, 35.21642639 ], [ 136.111703619999986, 35.21593111 ], [ 136.11143944, 35.21595195 ], [ 136.11108028000001, 35.21597528 ], [ 136.110743609999986, 35.21600805 ], [ 136.11041333, 35.21602195 ], [ 136.110053889999989, 35.21600805 ], [ 136.10987166000001, 35.21597528 ], [ 136.10953416000001, 35.21583444 ], [ 136.10940306, 35.2157525 ], [ 136.10904083, 35.21550305 ], [ 136.10900084, 35.21488555 ], [ 136.10906639000001, 35.21467361 ], [ 136.10909222, 35.21456139 ], [ 136.10909777, 35.21449361 ], [ 136.10906945, 35.21438834 ], [ 136.109058049999987, 35.21430166 ], [ 136.10906083, 35.21419638 ], [ 136.109075, 35.21414472 ], [ 136.10906083, 35.21404305 ], [ 136.10903223, 35.21380444 ], [ 136.10902389, 35.213635 ], [ 136.1090125, 35.21349222 ], [ 136.1090125, 35.21331917 ], [ 136.109032500000012, 35.21317861 ], [ 136.10905222, 35.21304528 ], [ 136.109095, 35.21293306 ], [ 136.10914667, 35.21278167 ], [ 136.10920389, 35.21268084 ], [ 136.10925805, 35.21255473 ], [ 136.109331950000012, 35.2124025 ], [ 136.10941778, 35.21210861 ], [ 136.10944333, 35.21201028 ], [ 136.109469170000011, 35.21189584 ], [ 136.10948889, 35.21176944 ], [ 136.10951750000001, 35.2116775 ], [ 136.109591669999986, 35.2114975 ], [ 136.10960889, 35.21141583 ], [ 136.10962028, 35.21133138 ], [ 136.10963167, 35.21123777 ], [ 136.10965167, 35.21115138 ], [ 136.10966862, 35.21102028 ], [ 136.109703059999987, 35.21090861 ], [ 136.109723050000014, 35.21081972 ], [ 136.109723050000014, 35.21076583 ], [ 136.11013778, 35.21082722 ], [ 136.110167780000012, 35.21076139 ], [ 136.110219160000014, 35.21069111 ], [ 136.11027944, 35.21062389 ], [ 136.109903050000014, 35.21057444 ], [ 136.110048049999989, 35.21046167 ], [ 136.110096660000011, 35.21040806 ], [ 136.11020528, 35.21022416 ], [ 136.11029944, 35.21003917 ], [ 136.110365, 35.20991306 ], [ 136.110390560000013, 35.20983805 ], [ 136.110416109999989, 35.20966723 ], [ 136.11042473, 35.20951139 ], [ 136.11041056, 35.20913472 ], [ 136.110416109999989, 35.20902945 ], [ 136.11043917, 35.20891972 ], [ 136.11045889, 35.20884722 ], [ 136.11051028, 35.20876139 ], [ 136.11051889, 35.20869806 ], [ 136.11051333, 35.2085975 ], [ 136.11050473, 35.20852972 ], [ 136.11053028, 35.20837694 ], [ 136.1105475, 35.20823195 ], [ 136.11053944, 35.20810277 ], [ 136.11092861, 35.20802639 ], [ 136.11090028000001, 35.20769333 ], [ 136.11089694, 35.20765389 ], [ 136.11058945, 35.20772417 ], [ 136.11038972, 35.20718139 ], [ 136.11034834, 35.20705305 ], [ 136.110347499999989, 35.20700555 ], [ 136.11019361000001, 35.20660777 ], [ 136.10998834, 35.20630389 ], [ 136.109918889999989, 35.20621362 ], [ 136.109440549999988, 35.20536695 ], [ 136.10902972, 35.204635 ], [ 136.10897111, 35.20454916 ], [ 136.10887417, 35.20445889 ], [ 136.108563339999989, 35.20425167 ], [ 136.108011940000011, 35.20397194 ], [ 136.10704639, 35.20348861 ], [ 136.10663861, 35.20335583 ], [ 136.106453890000012, 35.20329722 ], [ 136.10626806, 35.20323861 ], [ 136.106145, 35.20323055 ], [ 136.106050829999987, 35.20322527 ], [ 136.10620499, 35.20294556 ], [ 136.1060075, 35.20286166 ], [ 136.10579722, 35.20277111 ], [ 136.10570417, 35.20295778 ], [ 136.10557889, 35.20288139 ], [ 136.10515722, 35.20274 ], [ 136.104506390000012, 35.20250361 ], [ 136.1040875, 35.20237306 ], [ 136.10364389, 35.20220584 ], [ 136.10343889, 35.20211417 ], [ 136.10312833, 35.20196723 ], [ 136.10293389, 35.20190972 ], [ 136.1025325, 35.20176639 ], [ 136.10224444, 35.20166277 ], [ 136.10182361, 35.20154861 ], [ 136.10151, 35.20143 ], [ 136.10159361, 35.20128611 ], [ 136.101378329999989, 35.20121556 ], [ 136.10128583, 35.20121056 ], [ 136.10113861, 35.20120222 ], [ 136.10098333, 35.20117583 ], [ 136.10054667, 35.20114389 ], [ 136.100349169999987, 35.20109334 ], [ 136.100196939999989, 35.20102444 ], [ 136.100090279999989, 35.20096445 ], [ 136.09996722, 35.200925 ], [ 136.09968695, 35.20089028 ], [ 136.09939555, 35.20087445 ], [ 136.09913806, 35.20089417 ], [ 136.09902111, 35.20093056 ], [ 136.098992220000014, 35.20093945 ], [ 136.09884305, 35.20096055 ], [ 136.09872, 35.20095 ], [ 136.09849639, 35.20090222 ], [ 136.098335279999986, 35.20086472 ], [ 136.098115, 35.20083555 ], [ 136.097852499999988, 35.20080889 ], [ 136.097337219999986, 35.20079833 ], [ 136.09715584, 35.20076639 ], [ 136.096736670000013, 35.20069445 ], [ 136.09639, 35.20062528 ], [ 136.09632861, 35.20064916 ], [ 136.09626361, 35.20069167 ], [ 136.096176109999988, 35.20072083 ], [ 136.09602055, 35.20073417 ], [ 136.095578890000013, 35.20071278 ], [ 136.09514167, 35.20067306 ], [ 136.09498917, 35.20065972 ], [ 136.09485639, 35.20065444 ], [ 136.09476555, 35.20067306 ], [ 136.09455639, 35.20074223 ], [ 136.09432945, 35.20078723 ], [ 136.09408, 35.2008325 ], [ 136.09385305, 35.20083722 ], [ 136.09384639000001, 35.2008625 ], [ 136.09382195, 35.20089472 ], [ 136.09374889, 35.20093195 ], [ 136.09370167, 35.20093584 ], [ 136.09363527, 35.20093333 ], [ 136.093618889999988, 35.20099194 ], [ 136.09360417, 35.20101472 ], [ 136.09354083, 35.20104139 ], [ 136.093435, 35.20106305 ], [ 136.09337972, 35.20106167 ], [ 136.0933375, 35.20104166 ], [ 136.093305, 35.20103222 ], [ 136.09322862, 35.20106833 ], [ 136.0932025, 35.20107111 ], [ 136.09317805, 35.20106694 ], [ 136.09316028, 35.201055 ], [ 136.09277444, 35.20116944 ], [ 136.092624730000011, 35.20124139 ], [ 136.09252389, 35.20130556 ], [ 136.092426390000014, 35.20139611 ], [ 136.09235805, 35.20148417 ], [ 136.09232223, 35.20154806 ], [ 136.0922725, 35.20173139 ], [ 136.092249720000012, 35.201905 ], [ 136.092230269999988, 35.20201972 ], [ 136.09214889, 35.20219056 ], [ 136.09217834, 35.20220917 ], [ 136.092191109999987, 35.20227334 ], [ 136.09217834, 35.2023375 ], [ 136.09215555, 35.20236695 ], [ 136.0921, 35.20238277 ], [ 136.09212944, 35.20244278 ], [ 136.09212611, 35.2024775 ], [ 136.092096669999989, 35.20253889 ], [ 136.09207389, 35.202595 ], [ 136.092064169999986, 35.20260833 ], [ 136.09204139, 35.20262167 ], [ 136.09196223, 35.20264417 ], [ 136.091950270000012, 35.20270445 ], [ 136.09193416, 35.2027525 ], [ 136.09185611, 35.20292611 ], [ 136.09183, 35.20299806 ], [ 136.09182972, 35.2030875 ], [ 136.09184278, 35.20322083 ], [ 136.09190473000001, 35.20339444 ], [ 136.09196639000001, 35.2035025 ], [ 136.09196639000001, 35.20357195 ], [ 136.09193722, 35.20365444 ], [ 136.09188194, 35.20376417 ], [ 136.091846120000014, 35.20399334 ], [ 136.09180694, 35.20408417 ], [ 136.091728890000013, 35.20418306 ], [ 136.09170916, 35.20424528 ], [ 136.09168334, 35.20428528 ], [ 136.09161805, 35.20432 ], [ 136.091572500000012, 35.20432806 ], [ 136.091540009999989, 35.20433612 ], [ 136.0915075, 35.20438417 ], [ 136.091458609999989, 35.20443472 ], [ 136.09141972, 35.20445611 ], [ 136.09135778000001, 35.20445889 ], [ 136.091335, 35.20445889 ], [ 136.09131722, 35.20454027 ], [ 136.09128777, 35.20459639 ], [ 136.09126834, 35.20462056 ], [ 136.091240559999989, 35.204635 ], [ 136.09119333000001, 35.20464444 ], [ 136.09119, 35.20465112 ], [ 136.0912, 35.20467527 ], [ 136.09120472, 35.20471528 ], [ 136.09119833, 35.20478222 ], [ 136.0911825, 35.20483 ], [ 136.09116139, 35.20485139 ], [ 136.091068330000013, 35.20489806 ], [ 136.09109611, 35.20493417 ], [ 136.0911075, 35.20496222 ], [ 136.0911075, 35.20501722 ], [ 136.091089720000014, 35.2050625 ], [ 136.09105388, 35.20508666 ], [ 136.091039169999988, 35.2050975 ], [ 136.09104083, 35.20514694 ], [ 136.09103084, 35.20517111 ], [ 136.091027770000011, 35.20517778 ], [ 136.09099139, 35.20521139 ], [ 136.09093583, 35.20523806 ], [ 136.090895, 35.2052475 ], [ 136.0908575, 35.20524084 ], [ 136.09083639, 35.20523 ], [ 136.0907925, 35.20526222 ], [ 136.09074195, 35.20527695 ], [ 136.09068639, 35.20527945 ], [ 136.090640549999989, 35.20527945 ], [ 136.090609449999988, 35.20527278 ], [ 136.09058334, 35.20525 ], [ 136.09056222000001, 35.20521917 ], [ 136.09049862, 35.20520444 ], [ 136.09043834, 35.20517916 ], [ 136.09040250000001, 35.20514556 ], [ 136.09039583, 35.2051175 ], [ 136.09038278, 35.20504389 ], [ 136.09033722, 35.20501722 ], [ 136.09031278, 35.20500111 ], [ 136.09030611, 35.20497833 ], [ 136.09030611, 35.20493972 ], [ 136.09031583, 35.20489028 ], [ 136.09032861, 35.2048275 ], [ 136.090240560000012, 35.20476861 ], [ 136.08999917, 35.204635 ], [ 136.08995334, 35.2046725 ], [ 136.08986528, 35.20469111 ], [ 136.08980028, 35.20469389 ], [ 136.08975777, 35.20466972 ], [ 136.08972834, 35.20466166 ], [ 136.08968278, 35.2046725 ], [ 136.08964362, 35.204675 ], [ 136.08955888, 35.20465112 ], [ 136.08947722, 35.20462695 ], [ 136.08946111, 35.20460028 ], [ 136.08945778, 35.20457333 ], [ 136.08943167000001, 35.20457333 ], [ 136.089373060000014, 35.20456805 ], [ 136.089343609999986, 35.20456 ], [ 136.089281660000012, 35.20453056 ], [ 136.08924916, 35.20450389 ], [ 136.08923916, 35.20447444 ], [ 136.08923916, 35.20444778 ], [ 136.089183889999987, 35.20441556 ], [ 136.08904528, 35.20428056 ], [ 136.08896056, 35.20417083 ], [ 136.088915, 35.20406361 ], [ 136.08888083, 35.20394694 ], [ 136.0888275, 35.20385694 ], [ 136.08872917, 35.20376972 ], [ 136.08863778, 35.20371611 ], [ 136.0885725, 35.20370055 ], [ 136.088470840000014, 35.20367 ], [ 136.088315279999989, 35.20366805 ], [ 136.088243330000012, 35.20367611 ], [ 136.08822056, 35.20368416 ], [ 136.08816834000001, 35.20368416 ], [ 136.088119440000014, 35.20368416 ], [ 136.08806722, 35.20372417 ], [ 136.088028329999986, 35.20372945 ], [ 136.087959719999986, 35.20373223 ], [ 136.08791362, 35.20371806 ], [ 136.08787111, 35.20368861 ], [ 136.08784528000001, 35.20368611 ], [ 136.08779306, 35.20368861 ], [ 136.08774723, 35.20367 ], [ 136.08769833, 35.20361917 ], [ 136.08767555, 35.2035925 ], [ 136.08767555, 35.20355223 ], [ 136.08768222, 35.20352556 ], [ 136.08756806, 35.20348527 ], [ 136.08740083, 35.20339139 ], [ 136.08727694000001, 35.20328417 ], [ 136.087094439999987, 35.20309695 ], [ 136.08699, 35.20302195 ], [ 136.08687584, 35.20296583 ], [ 136.08672583, 35.20293917 ], [ 136.086641109999988, 35.20294444 ], [ 136.08654639, 35.20296861 ], [ 136.08638667, 35.20303556 ], [ 136.086373619999989, 35.20309695 ], [ 136.086350829999986, 35.20312917 ], [ 136.08630194, 35.20316111 ], [ 136.08627389, 35.20317722 ], [ 136.086257780000011, 35.20317972 ], [ 136.086228330000012, 35.20317972 ], [ 136.086198880000012, 35.20317167 ], [ 136.08617945, 35.2031825 ], [ 136.08611416, 35.20320667 ], [ 136.08599361, 35.20321444 ], [ 136.085941389999988, 35.20320389 ], [ 136.08590222, 35.20317167 ], [ 136.08586639, 35.20313166 ], [ 136.085778330000011, 35.20312361 ], [ 136.08574556, 35.203105 ], [ 136.08570333, 35.20307 ], [ 136.08559889, 35.20302473 ], [ 136.08546195, 35.20298445 ], [ 136.08537723, 35.20296583 ], [ 136.08531194, 35.20294166 ], [ 136.08526638, 35.20292306 ], [ 136.08523695, 35.2029525 ], [ 136.08520972, 35.20295972 ], [ 136.08517056, 35.20295694 ], [ 136.08513611, 35.20293694 ], [ 136.085098609999989, 35.20292361 ], [ 136.085069159999989, 35.20292473 ], [ 136.08504639, 35.20294889 ], [ 136.08499722, 35.20297167 ], [ 136.08496305, 35.20297583 ], [ 136.084918890000012, 35.20297055 ], [ 136.084855, 35.20295694 ], [ 136.08481917, 35.202945 ], [ 136.08480277000001, 35.20292361 ], [ 136.08479639, 35.20288861 ], [ 136.084760280000012, 35.20286723 ], [ 136.08474222000001, 35.20284834 ], [ 136.08473583, 35.20282972 ], [ 136.08473583, 35.20280417 ], [ 136.08474084, 35.20276805 ], [ 136.08472917, 35.20271028 ], [ 136.08472139, 35.20261167 ], [ 136.08473444, 35.20252305 ], [ 136.08478027000001, 35.20242084 ], [ 136.0848375, 35.20234417 ], [ 136.084885, 35.20227027 ], [ 136.08492028, 35.20218805 ], [ 136.08492694, 35.20214639 ], [ 136.084923620000012, 35.20212083 ], [ 136.0848925, 35.20209139 ], [ 136.08486138, 35.20204834 ], [ 136.08484167, 35.20201584 ], [ 136.084836669999987, 35.20197167 ], [ 136.08484973, 35.20192194 ], [ 136.08485472000001, 35.20190833 ], [ 136.084851390000011, 35.20188944 ], [ 136.08483028, 35.20185861 ], [ 136.084828609999988, 35.20183584 ], [ 136.08483166, 35.20178222 ], [ 136.08484639, 35.20175 ], [ 136.08485973, 35.20173111 ], [ 136.08487111, 35.20172305 ], [ 136.084843330000012, 35.20167195 ], [ 136.084721949999988, 35.20147611 ], [ 136.084649719999987, 35.20139834 ], [ 136.08459389, 35.20131778 ], [ 136.08453834, 35.20121527 ], [ 136.08444638, 35.20111584 ], [ 136.08435139, 35.20102945 ], [ 136.084184169999986, 35.2008975 ], [ 136.084025, 35.20073861 ], [ 136.08400361, 35.20071722 ], [ 136.08392472, 35.20070639 ], [ 136.08388528, 35.20067944 ], [ 136.083875549999988, 35.20063916 ], [ 136.08387889, 35.20060944 ], [ 136.08388528, 35.20058805 ], [ 136.08388528, 35.20056916 ], [ 136.083829720000011, 35.2005475 ], [ 136.083799449999987, 35.20050527 ], [ 136.08378611, 35.20044611 ], [ 136.08378611, 35.20039778 ], [ 136.08379278000001, 35.20037611 ], [ 136.0838125, 35.20034639 ], [ 136.08376973, 35.20033028 ], [ 136.08375, 35.20031417 ], [ 136.083723889999987, 35.20027111 ], [ 136.083720559999989, 35.20017139 ], [ 136.08374361, 35.20013111 ], [ 136.08375333, 35.20012028 ], [ 136.08374361, 35.20010139 ], [ 136.083720559999989, 35.20006389 ], [ 136.083720559999989, 35.20003139 ], [ 136.08371834, 35.19994639 ], [ 136.08372333, 35.19992223 ], [ 136.08373472, 35.1999075 ], [ 136.08374139, 35.19989917 ], [ 136.08373583, 35.19987556 ], [ 136.08372638, 35.19983584 ], [ 136.08372638, 35.19977944 ], [ 136.08374139, 35.19974694 ], [ 136.083764159999987, 35.1997025 ], [ 136.08384806, 35.19960611 ], [ 136.08387916, 35.199555 ], [ 136.083907219999986, 35.19947528 ], [ 136.08393361, 35.19939056 ], [ 136.08393361, 35.19932723 ], [ 136.08392028, 35.19928 ], [ 136.083900559999989, 35.19921306 ], [ 136.08385777, 35.19912917 ], [ 136.083815, 35.19909139 ], [ 136.08372638, 35.19901722 ], [ 136.08367055, 35.19897139 ], [ 136.08365583, 35.19895667 ], [ 136.08359167, 35.19894583 ], [ 136.08358028, 35.198935 ], [ 136.083581939999988, 35.19891334 ], [ 136.083596660000012, 35.19885805 ], [ 136.08362139, 35.19879612 ], [ 136.083578609999989, 35.19875444 ], [ 136.08355556, 35.1987275 ], [ 136.083550550000012, 35.19869639 ], [ 136.083550550000012, 35.19866 ], [ 136.08356389, 35.19863862 ], [ 136.08359167, 35.19861833 ], [ 136.083614720000014, 35.19859888 ], [ 136.083629449999989, 35.19856389 ], [ 136.08363111, 35.19850445 ], [ 136.083672220000011, 35.19850306 ], [ 136.083733059999986, 35.19851667 ], [ 136.08377889, 35.19853806 ], [ 136.08381166, 35.19854889 ], [ 136.083843050000013, 35.19855027 ], [ 136.083925, 35.198545 ], [ 136.08396778, 35.19855306 ], [ 136.083989159999987, 35.19855444 ], [ 136.08402028, 35.19854083 ], [ 136.08409111, 35.19852917 ], [ 136.084168330000011, 35.19850084 ], [ 136.08427805, 35.19848528 ], [ 136.08439472, 35.19848945 ], [ 136.08448861, 35.19850833 ], [ 136.08470584, 35.19862028 ], [ 136.0848375, 35.19866861 ], [ 136.08503194, 35.19871334 ], [ 136.08526028, 35.19871417 ], [ 136.08535028, 35.19870389 ], [ 136.08541445, 35.19869861 ], [ 136.085434170000013, 35.19867417 ], [ 136.085462220000011, 35.19865833 ], [ 136.08551334, 35.19865028 ], [ 136.085551110000011, 35.19862722 ], [ 136.085590560000014, 35.1985975 ], [ 136.08562694, 35.19859222 ], [ 136.08567806, 35.19859611 ], [ 136.0857125, 35.19861777 ], [ 136.08574694, 35.19863 ], [ 136.086010280000011, 35.19858 ], [ 136.08640472, 35.1984325 ], [ 136.086593889999989, 35.19832306 ], [ 136.08672083, 35.19824361 ], [ 136.08690056, 35.19814389 ], [ 136.08710806, 35.19808445 ], [ 136.08722, 35.19806667 ], [ 136.08736166, 35.19806556 ], [ 136.08746362, 35.19807084 ], [ 136.08751639, 35.19808305 ], [ 136.08758222, 35.19812889 ], [ 136.08764306, 35.19819639 ], [ 136.08800972, 35.19866417 ], [ 136.08808222, 35.19871806 ], [ 136.08818111, 35.19875861 ], [ 136.08829305, 35.19878833 ], [ 136.088405, 35.19883444 ], [ 136.08855333, 35.198875 ], [ 136.088718050000011, 35.19889111 ], [ 136.08902612, 35.19886972 ], [ 136.08920416, 35.19884 ], [ 136.089388609999986, 35.19875889 ], [ 136.08964917, 35.19859416 ], [ 136.08984361, 35.19845889 ], [ 136.08993583, 35.19836167 ], [ 136.090005, 35.19821277 ], [ 136.09009389, 35.19803722 ], [ 136.09013361, 35.19793972 ], [ 136.090150279999989, 35.19781083 ], [ 136.09014695, 35.19773528 ], [ 136.09009778, 35.19762695 ], [ 136.090064719999987, 35.19756223 ], [ 136.090035, 35.19753778 ], [ 136.08994611, 35.19750806 ], [ 136.089913059999986, 35.19747834 ], [ 136.08987695, 35.197435 ], [ 136.089873610000012, 35.19741611 ], [ 136.089881389999988, 35.1973675 ], [ 136.089838609999987, 35.19733361 ], [ 136.089807220000012, 35.19727806 ], [ 136.08978584, 35.19723611 ], [ 136.08977916, 35.19720778 ], [ 136.0897875, 35.1971875 ], [ 136.089803890000013, 35.19716973 ], [ 136.08978027, 35.19713694 ], [ 136.08975722, 35.19710167 ], [ 136.08975222, 35.19706917 ], [ 136.089755559999986, 35.19702167 ], [ 136.08974389, 35.19697305 ], [ 136.08974889000001, 35.19696084 ], [ 136.089761939999988, 35.19695 ], [ 136.08977361, 35.19693916 ], [ 136.08977361, 35.19693112 ], [ 136.08976528, 35.19691334 ], [ 136.08974889000001, 35.19688889 ], [ 136.089745560000011, 35.19685639 ], [ 136.089745560000011, 35.19682528 ], [ 136.089755559999986, 35.19679694 ], [ 136.08978027, 35.19677111 ], [ 136.08980333, 35.19674805 ], [ 136.08979833, 35.19673305 ], [ 136.08977361, 35.19671556 ], [ 136.08976528, 35.19670055 ], [ 136.08975695, 35.19665389 ], [ 136.08975528, 35.19661195 ], [ 136.08976361, 35.19658611 ], [ 136.089795, 35.19655778 ], [ 136.0898, 35.19654278 ], [ 136.0898, 35.196525 ], [ 136.089795, 35.19649527 ], [ 136.08979333, 35.19646945 ], [ 136.08980333, 35.19644666 ], [ 136.08982472, 35.19642361 ], [ 136.089857779999988, 35.19640722 ], [ 136.0898775, 35.19638694 ], [ 136.08988083, 35.19636666 ], [ 136.08986944, 35.19631778 ], [ 136.08985445, 35.19627778 ], [ 136.08985611, 35.19625612 ], [ 136.08987584, 35.19623306 ], [ 136.089882499999987, 35.19621694 ], [ 136.089882499999987, 35.19619111 ], [ 136.08987916000001, 35.19612473 ], [ 136.0898925, 35.19608138 ], [ 136.08992389, 35.19605166 ], [ 136.089956949999987, 35.19603945 ], [ 136.08999, 35.19603805 ], [ 136.09004611, 35.19604222 ], [ 136.090100549999988, 35.19601361 ], [ 136.09042333, 35.19587778 ], [ 136.09056528, 35.19579917 ], [ 136.09064111, 35.1957775 ], [ 136.090707220000013, 35.19576945 ], [ 136.09080638, 35.19578278 ], [ 136.090961670000013, 35.19579639 ], [ 136.0910475, 35.19578278 ], [ 136.09118611, 35.19573139 ], [ 136.09132806, 35.19566638 ], [ 136.09140083, 35.19564472 ], [ 136.09148334, 35.19564194 ], [ 136.09154805, 35.19564472 ], [ 136.09166695, 35.19561222 ], [ 136.09191445, 35.19553639 ], [ 136.092020280000014, 35.1954875 ], [ 136.09214584, 35.19546056 ], [ 136.09225805, 35.195455 ], [ 136.09248917, 35.19547945 ], [ 136.09269695, 35.19547139 ], [ 136.092835830000013, 35.19543889 ], [ 136.0929875, 35.19537388 ], [ 136.093166669999988, 35.19522861 ], [ 136.09323611, 35.19513111 ], [ 136.09329222, 35.19501695 ], [ 136.09331222, 35.19496 ], [ 136.09331222, 35.19491111 ], [ 136.09326583, 35.19483223 ], [ 136.09319833, 35.1947075 ], [ 136.093193609999986, 35.19459667 ], [ 136.093138329999988, 35.19384222 ], [ 136.093148609999986, 35.19379806 ], [ 136.09315361, 35.19377778 ], [ 136.09315028, 35.19367306 ], [ 136.09317361, 35.19357528 ], [ 136.09317694, 35.1935075 ], [ 136.09313389, 35.19321166 ], [ 136.093123889999987, 35.19313861 ], [ 136.09312917, 35.19312389 ], [ 136.09311084, 35.19302361 ], [ 136.093092219999988, 35.19292278 ], [ 136.09250056, 35.19288167 ], [ 136.09230445, 35.19283278 ], [ 136.09202528, 35.19274555 ], [ 136.091855829999986, 35.19270722 ], [ 136.09177945, 35.19267444 ], [ 136.09169972, 35.19264444 ], [ 136.09160333, 35.19263639 ], [ 136.09151695, 35.19264444 ], [ 136.09138055, 35.19269639 ], [ 136.09121778, 35.19272361 ], [ 136.09120278, 35.19275667 ], [ 136.09117278, 35.1927825 ], [ 136.09109639, 35.1928125 ], [ 136.09104972, 35.19281806 ], [ 136.09101806000001, 35.19281528 ], [ 136.09098473, 35.1927825 ], [ 136.09096639, 35.19277306 ], [ 136.09093, 35.19279333 ], [ 136.09088194, 35.1928 ], [ 136.090820549999989, 35.19279472 ], [ 136.090775549999989, 35.19277694 ], [ 136.090724169999987, 35.19274972 ], [ 136.09071083, 35.19272639 ], [ 136.09071083, 35.19265945 ], [ 136.09065084, 35.19265945 ], [ 136.0906075, 35.19264167 ], [ 136.09057612, 35.19261167 ], [ 136.09055944, 35.19259001 ], [ 136.090554450000013, 35.19256139 ], [ 136.090554450000013, 35.19252861 ], [ 136.09055611, 35.19250527 ], [ 136.09048777000001, 35.19245695 ], [ 136.09040472, 35.1923475 ], [ 136.09032972, 35.19222083 ], [ 136.090251669999986, 35.19211972 ], [ 136.09015639, 35.19202639 ], [ 136.08998194, 35.19187084 ], [ 136.089783610000012, 35.19174472 ], [ 136.089693610000012, 35.19171055 ], [ 136.08958056, 35.19169 ], [ 136.08950083, 35.1916875 ], [ 136.089467500000012, 35.19169833 ], [ 136.089432499999987, 35.19172695 ], [ 136.08935111, 35.19181445 ], [ 136.08929278, 35.19187445 ], [ 136.089263609999989, 35.19189583 ], [ 136.089244439999987, 35.19190973 ], [ 136.08918639, 35.19196166 ], [ 136.08915639, 35.19196861 ], [ 136.08911472, 35.19197139 ], [ 136.08908306, 35.19197139 ], [ 136.08906639, 35.19199583 ], [ 136.089043339999989, 35.19202861 ], [ 136.08901, 35.19203805 ], [ 136.08896833, 35.192045 ], [ 136.08891834, 35.192045 ], [ 136.088890279999987, 35.19203805 ], [ 136.088876950000014, 35.19202028 ], [ 136.088841949999988, 35.19199445 ], [ 136.088796949999988, 35.19197944 ], [ 136.08877361, 35.19195361 ], [ 136.08876528, 35.19192611 ], [ 136.08877027, 35.1918825 ], [ 136.08878528, 35.19185528 ], [ 136.088813609999988, 35.19183194 ], [ 136.088841949999988, 35.19181973 ], [ 136.088851940000012, 35.19181167 ], [ 136.08883694, 35.19175555 ], [ 136.088841949999988, 35.1917175 ], [ 136.08886027, 35.19169139 ], [ 136.08888194, 35.191675 ], [ 136.08889861, 35.19166834 ], [ 136.08894944, 35.19143639 ], [ 136.08894278, 35.19125612 ], [ 136.08894222, 35.19116472 ], [ 136.08895222000001, 35.19107472 ], [ 136.08899222, 35.19099278 ], [ 136.08908527, 35.19084528 ], [ 136.08919527, 35.19070305 ], [ 136.08925861, 35.19059917 ], [ 136.08927527, 35.19052806 ], [ 136.089281660000012, 35.1904575 ], [ 136.089258339999986, 35.19034833 ], [ 136.089218609999989, 35.19027472 ], [ 136.089145550000012, 35.19020083 ], [ 136.08897194, 35.19006694 ], [ 136.088927500000011, 35.19002695 ], [ 136.088778889999986, 35.18991389 ], [ 136.088608889999989, 35.18981555 ], [ 136.088493340000014, 35.18978111 ], [ 136.088382779999989, 35.18976333 ], [ 136.08823916, 35.18972 ], [ 136.088119440000014, 35.18965972 ], [ 136.0880675, 35.18961333 ], [ 136.08748889, 35.1896975 ], [ 136.085365, 35.19001611 ], [ 136.085216949999989, 35.19004889 ], [ 136.08502305, 35.19011667 ], [ 136.0848225, 35.19019861 ], [ 136.08469417, 35.19026639 ], [ 136.084617220000013, 35.19028528 ], [ 136.08453167, 35.1902875 ], [ 136.08436917, 35.19026194 ], [ 136.08427917, 35.19023639 ], [ 136.08422084, 35.19021972 ], [ 136.08397611, 35.19012112 ], [ 136.08396889, 35.19019972 ], [ 136.083945559999989, 35.19023 ], [ 136.08389194, 35.19027111 ], [ 136.08385861, 35.19033139 ], [ 136.08381861, 35.19038611 ], [ 136.08377499, 35.19041362 ], [ 136.08375167, 35.19042472 ], [ 136.08372834, 35.19041917 ], [ 136.083685010000011, 35.19036695 ], [ 136.08366139, 35.19033139 ], [ 136.08366139, 35.19030389 ], [ 136.08365139, 35.19029861 ], [ 136.08362139, 35.19028472 ], [ 136.083598060000014, 35.19026028 ], [ 136.083598060000014, 35.19023 ], [ 136.083618050000013, 35.1901725 ], [ 136.083614720000014, 35.19012306 ], [ 136.08358138, 35.19007389 ], [ 136.08356472, 35.19000806 ], [ 136.08355805, 35.189975 ], [ 136.08339361, 35.18984 ], [ 136.08336028, 35.18980694 ], [ 136.08329, 35.18977417 ], [ 136.08317638, 35.18971917 ], [ 136.082989450000014, 35.18966722 ], [ 136.08276222, 35.18961777 ], [ 136.08260528, 35.18959861 ], [ 136.082344440000014, 35.18957667 ], [ 136.08201055, 35.18954666 ], [ 136.081577220000014, 35.18951362 ], [ 136.08109611, 35.18949722 ], [ 136.08086583, 35.1894725 ], [ 136.08034444, 35.18943917 ], [ 136.08010389, 35.18941472 ], [ 136.07993694000001, 35.18941472 ], [ 136.079435, 35.1894175 ], [ 136.07919444, 35.18942556 ], [ 136.07894389, 35.18945861 ], [ 136.07874, 35.18951333 ], [ 136.07856639, 35.18957639 ], [ 136.07846611, 35.18963944 ], [ 136.07822416, 35.1898125 ], [ 136.07810723, 35.18994417 ], [ 136.07796, 35.19005362 ], [ 136.077833059999989, 35.19020167 ], [ 136.07757278, 35.19045417 ], [ 136.0774725, 35.19053639 ], [ 136.07736473, 35.19061167 ], [ 136.07728111, 35.19066111 ], [ 136.07727834, 35.19070556 ], [ 136.07725333, 35.19077278 ], [ 136.07724167, 35.1908 ], [ 136.07721167, 35.19081111 ], [ 136.07718306000001, 35.19082334 ], [ 136.07721, 35.19089472 ], [ 136.07721, 35.19091806 ], [ 136.07716972, 35.19097084 ], [ 136.077141110000014, 35.191005 ], [ 136.07710444, 35.19102167 ], [ 136.077044160000014, 35.19103528 ], [ 136.07708778, 35.191075 ], [ 136.07709945, 35.19111083 ], [ 136.07710111, 35.19113834 ], [ 136.07709112, 35.19116973 ], [ 136.07708417, 35.19118889 ], [ 136.077065839999989, 35.19121361 ], [ 136.077044160000014, 35.19122611 ], [ 136.076965550000011, 35.19123417 ], [ 136.076948890000011, 35.19123694 ], [ 136.07695055, 35.19124944 ], [ 136.07695695000001, 35.191305 ], [ 136.07693361, 35.19133806 ], [ 136.07688194, 35.19137916 ], [ 136.076855, 35.19139 ], [ 136.07681, 35.19138722 ], [ 136.076783049999989, 35.19138333 ], [ 136.07678639, 35.19145722 ], [ 136.076766389999989, 35.19149444 ], [ 136.076718050000011, 35.19153973 ], [ 136.07669445, 35.19154917 ], [ 136.076659439999986, 35.19155056 ], [ 136.07658416000001, 35.19154111 ], [ 136.07658278, 35.191595 ], [ 136.07656444, 35.19162777 ], [ 136.07653417, 35.19165388 ], [ 136.07645722, 35.19169111 ], [ 136.07640361, 35.19170084 ], [ 136.07636667, 35.19170333 ], [ 136.07634, 35.19174889 ], [ 136.076278050000013, 35.19178306 ], [ 136.076224450000012, 35.19179556 ], [ 136.07617083, 35.19179278 ], [ 136.07613583, 35.19178445 ], [ 136.076103890000013, 35.19181889 ], [ 136.07606389, 35.19183805 ], [ 136.07594416, 35.19186055 ], [ 136.07586889000001, 35.19186473 ], [ 136.07583527, 35.19184834 ], [ 136.07580194, 35.19181528 ], [ 136.07572667, 35.19180583 ], [ 136.07566472, 35.19177834 ], [ 136.0755925, 35.19174805 ], [ 136.07554417, 35.19171639 ], [ 136.07549389, 35.19167805 ], [ 136.07546166, 35.19165584 ], [ 136.07542139, 35.191605 ], [ 136.07511, 35.19159805 ], [ 136.07507167, 35.19163944 ], [ 136.07503472, 35.19165027 ], [ 136.07499778, 35.19164889 ], [ 136.074932499999989, 35.19162833 ], [ 136.07490083, 35.191605 ], [ 136.07487056, 35.1915625 ], [ 136.07481722, 35.19158028 ], [ 136.07474055, 35.19157056 ], [ 136.07466195, 35.19155111 ], [ 136.074633330000012, 35.19153055 ], [ 136.07460167, 35.19149889 ], [ 136.074536669999986, 35.19150861 ], [ 136.07449139, 35.19149361 ], [ 136.07442278, 35.19146611 ], [ 136.0743775, 35.19143445 ], [ 136.074344169999989, 35.1914 ], [ 136.07424695, 35.19139056 ], [ 136.074216940000014, 35.19137388 ], [ 136.07419667, 35.19134917 ], [ 136.074166389999988, 35.19130417 ], [ 136.07415778, 35.1912725 ], [ 136.07415111, 35.1912425 ], [ 136.074132780000014, 35.19122166 ], [ 136.07399389, 35.19114917 ], [ 136.0736975, 35.19098861 ], [ 136.07331333, 35.19080722 ], [ 136.07272167, 35.19055639 ], [ 136.07250722, 35.19047528 ], [ 136.07229639, 35.19039694 ], [ 136.07223278, 35.19035583 ], [ 136.07218083, 35.19031333 ], [ 136.0720225, 35.19017806 ], [ 136.07191194, 35.19010388 ], [ 136.071804719999989, 35.19004889 ], [ 136.07169583000001, 35.19001056 ], [ 136.07153333, 35.18995 ], [ 136.07134223, 35.18989222 ], [ 136.07104973, 35.18979556 ], [ 136.07072111, 35.18971722 ], [ 136.07057694, 35.18966223 ], [ 136.070451389999988, 35.18963056 ], [ 136.07030917, 35.18960861 ], [ 136.07012139, 35.18961416 ], [ 136.06999417, 35.18958945 ], [ 136.06988361, 35.18955361 ], [ 136.06982, 35.18949306 ], [ 136.06974639, 35.18944361 ], [ 136.06967917, 35.18939417 ], [ 136.06963916, 35.18932805 ], [ 136.06961222000001, 35.189265 ], [ 136.06960222, 35.18920167 ], [ 136.06957527, 35.18906416 ], [ 136.06954528, 35.18897055 ], [ 136.06949167, 35.18889361 ], [ 136.06943139, 35.18883056 ], [ 136.06941111, 35.18881944 ], [ 136.06932722, 35.18881666 ], [ 136.069270280000012, 35.18879195 ], [ 136.06922, 35.18874528 ], [ 136.06920333, 35.18871777 ], [ 136.06920333, 35.18867638 ], [ 136.06921, 35.18862695 ], [ 136.06919, 35.18858028 ], [ 136.06919, 35.18854445 ], [ 136.069199989999987, 35.18852639 ], [ 136.06921, 35.18851 ], [ 136.06919638, 35.18847972 ], [ 136.06914611, 35.18841361 ], [ 136.069092500000011, 35.18833389 ], [ 136.069075840000011, 35.18828167 ], [ 136.06907916, 35.18816639 ], [ 136.06909945000001, 35.18807 ], [ 136.06909611, 35.18801223 ], [ 136.069091390000011, 35.18799777 ], [ 136.0690825, 35.18797111 ], [ 136.06905583, 35.18791889 ], [ 136.06904917, 35.18787472 ], [ 136.06904917, 35.18784167 ], [ 136.06907555, 35.18779972 ], [ 136.06903222, 35.18776139 ], [ 136.06899528, 35.18769527 ], [ 136.068991939999989, 35.18765388 ], [ 136.068991939999989, 35.18761 ], [ 136.068965, 35.1875525 ], [ 136.06896833, 35.18751139 ], [ 136.06899528, 35.18747555 ], [ 136.06901195, 35.18744806 ], [ 136.068955, 35.18736445 ], [ 136.06884083, 35.18718305 ], [ 136.06865667, 35.18694112 ], [ 136.068586110000012, 35.18683111 ], [ 136.06853861, 35.18679333 ], [ 136.068495, 35.18674388 ], [ 136.06847166, 35.18669444 ], [ 136.06846834000001, 35.1866475 ], [ 136.06840111, 35.1866475 ], [ 136.0683575, 35.18663111 ], [ 136.068320840000013, 35.18662 ], [ 136.06825695, 35.18660917 ], [ 136.068223890000013, 35.18657889 ], [ 136.068217229999988, 35.18654583 ], [ 136.06822055, 35.18646334 ], [ 136.06825056, 35.18641111 ], [ 136.06827389, 35.18638639 ], [ 136.06831416, 35.18635889 ], [ 136.0682775, 35.186315 ], [ 136.06825722, 35.18626278 ], [ 136.06825722, 35.18621584 ], [ 136.0682875, 35.18611139 ], [ 136.06822055, 35.18610584 ], [ 136.06816695, 35.18608111 ], [ 136.06813667, 35.18603722 ], [ 136.06812333, 35.18597667 ], [ 136.06812333, 35.18592444 ], [ 136.06814, 35.18588306 ], [ 136.06815666, 35.18582972 ], [ 136.06808611, 35.18573361 ], [ 136.06806611, 35.18568111 ], [ 136.06806278, 35.18561806 ], [ 136.06808945, 35.18551888 ], [ 136.06811639, 35.18544195 ], [ 136.06811972, 35.18537889 ], [ 136.06811306, 35.18532639 ], [ 136.06805222, 35.18531972 ], [ 136.06802861, 35.18530584 ], [ 136.067998609999989, 35.18527028 ], [ 136.06794166, 35.18520972 ], [ 136.067935, 35.18519056 ], [ 136.067935, 35.18516305 ], [ 136.067935, 35.18510528 ], [ 136.06789472, 35.18509973 ], [ 136.06785778, 35.18505834 ], [ 136.06784778, 35.18502833 ], [ 136.067831109999986, 35.18500611 ], [ 136.067827779999988, 35.18498416 ], [ 136.06784778, 35.18492916 ], [ 136.06784778, 35.18489889 ], [ 136.067820829999988, 35.18489333 ], [ 136.06779083, 35.18487972 ], [ 136.06777055, 35.18484111 ], [ 136.06773389, 35.18478333 ], [ 136.06772361, 35.18475584 ], [ 136.06772361, 35.18473389 ], [ 136.06773389, 35.18471195 ], [ 136.06771695, 35.18468473 ], [ 136.06770445, 35.18466417 ], [ 136.06769361, 35.18464639 ], [ 136.067488059999988, 35.18451 ], [ 136.06737389, 35.18440805 ], [ 136.067337220000013, 35.18435583 ], [ 136.067310279999987, 35.18431194 ], [ 136.06730362, 35.184235 ], [ 136.06729361, 35.18408361 ], [ 136.06724, 35.18405333 ], [ 136.06720639, 35.18399556 ], [ 136.067196380000013, 35.18395166 ], [ 136.067196380000013, 35.18392916 ], [ 136.06720972, 35.18390167 ], [ 136.06723334, 35.18387972 ], [ 136.06719972, 35.18384667 ], [ 136.067159440000012, 35.18381084 ], [ 136.067156110000013, 35.18376972 ], [ 136.067142780000012, 35.18373111 ], [ 136.067159440000012, 35.18366528 ], [ 136.067176389999986, 35.18364056 ], [ 136.06712278, 35.1835525 ], [ 136.06704889, 35.18343833 ], [ 136.066998610000013, 35.18337222 ], [ 136.06698167, 35.18331722 ], [ 136.06697499, 35.18325944 ], [ 136.067008609999988, 35.18316611 ], [ 136.066995279999986, 35.18309722 ], [ 136.06696833, 35.18300917 ], [ 136.06692805, 35.18298723 ], [ 136.06690472, 35.18294611 ], [ 136.06687445, 35.18291028 ], [ 136.06686445, 35.18288278 ], [ 136.06686445, 35.1828525 ], [ 136.06687111, 35.18281666 ], [ 136.06686111, 35.18279195 ], [ 136.06681056, 35.18277417 ], [ 136.066783609999987, 35.18274111 ], [ 136.06676361000001, 35.18267528 ], [ 136.06676361000001, 35.18262028 ], [ 136.066773610000013, 35.18259834 ], [ 136.066793890000014, 35.18257083 ], [ 136.06674028, 35.18255138 ], [ 136.06671, 35.18252389 ], [ 136.06669666, 35.18248555 ], [ 136.06669666, 35.18242222 ], [ 136.066632770000012, 35.18241945 ], [ 136.066602780000011, 35.18240861 ], [ 136.0665525, 35.18238111 ], [ 136.06651889, 35.18234806 ], [ 136.06650556, 35.18230139 ], [ 136.06650556, 35.18227389 ], [ 136.066509169999989, 35.18224888 ], [ 136.06646, 35.18222361 ], [ 136.06642138, 35.18217694 ], [ 136.06639139, 35.18213555 ], [ 136.06636611, 35.18210389 ], [ 136.06635945, 35.1820625 ], [ 136.06635361, 35.18202833 ], [ 136.06629222, 35.18198416 ], [ 136.06609389, 35.18185277 ], [ 136.06588083, 35.18175223 ], [ 136.065698059999988, 35.18169195 ], [ 136.065543889999987, 35.18166722 ], [ 136.06545639, 35.18166722 ], [ 136.06541278, 35.18169861 ], [ 136.06537778, 35.18171111 ], [ 136.0653375, 35.18171111 ], [ 136.06527528, 35.18170694 ], [ 136.06523861, 35.18169306 ], [ 136.065191660000011, 35.18165223 ], [ 136.06510778, 35.18166 ], [ 136.06504723, 35.1816575 ], [ 136.064993609999988, 35.18163806 ], [ 136.06495333, 35.18161362 ], [ 136.06488944, 35.18162445 ], [ 136.064805549999988, 35.18161888 ], [ 136.06473528, 35.18158333 ], [ 136.06470833, 35.18153667 ], [ 136.064685, 35.18154194 ], [ 136.06461778, 35.18155028 ], [ 136.06452389, 35.18154472 ], [ 136.06447361, 35.18152556 ], [ 136.06445667, 35.18150361 ], [ 136.064436660000013, 35.18147334 ], [ 136.06435278, 35.18148417 ], [ 136.06429583, 35.18147611 ], [ 136.064241939999988, 35.18145111 ], [ 136.064218610000012, 35.18143472 ], [ 136.06418833, 35.18139611 ], [ 136.06412111, 35.18140722 ], [ 136.06408083, 35.18138778 ], [ 136.06403083, 35.18137695 ], [ 136.06393694, 35.18136583 ], [ 136.06378944, 35.18131638 ], [ 136.06369528, 35.18128611 ], [ 136.06364167000001, 35.18132473 ], [ 136.06359111, 35.18133278 ], [ 136.06353417, 35.18133556 ], [ 136.063490550000012, 35.18131638 ], [ 136.06345361000001, 35.18130528 ], [ 136.06342, 35.18130805 ], [ 136.06336639, 35.18132195 ], [ 136.063302779999987, 35.18132473 ], [ 136.063248890000011, 35.18131638 ], [ 136.06319861, 35.18126139 ], [ 136.063145, 35.18125861 ], [ 136.06307111000001, 35.18123639 ], [ 136.0630075, 35.18121167 ], [ 136.06298056, 35.18118138 ], [ 136.06295361, 35.18114028 ], [ 136.062891939999986, 35.18113694 ], [ 136.062865, 35.181115 ], [ 136.062841389999988, 35.18109583 ], [ 136.06279111, 35.18106834 ], [ 136.06276778, 35.18104361 ], [ 136.06276111, 35.18101862 ], [ 136.06275083, 35.18099944 ], [ 136.06270056, 35.18098306 ], [ 136.06264361, 35.18095277 ], [ 136.06258306, 35.18093056 ], [ 136.06255972, 35.18090028 ], [ 136.06254972, 35.18087556 ], [ 136.06241528000001, 35.18087834 ], [ 136.06234501, 35.18086194 ], [ 136.062314719999989, 35.1808425 ], [ 136.06229111, 35.18080111 ], [ 136.06222416, 35.18080944 ], [ 136.062173879999989, 35.18079861 ], [ 136.062136939999988, 35.18078195 ], [ 136.062076389999987, 35.18076555 ], [ 136.06204972, 35.18074334 ], [ 136.06203972, 35.18072139 ], [ 136.06198583, 35.18071028 ], [ 136.061955829999988, 35.18069111 ], [ 136.061934439999987, 35.18065194 ], [ 136.06190417, 35.18059417 ], [ 136.06189083000001, 35.18056666 ], [ 136.06190417, 35.18051166 ], [ 136.06186055, 35.18048139 ], [ 136.06182028, 35.18044833 ], [ 136.06182028, 35.18041805 ], [ 136.06185389, 35.18036861 ], [ 136.06181695, 35.18034917 ], [ 136.06179028, 35.18032999 ], [ 136.06177333, 35.18029972 ], [ 136.06176, 35.18026667 ], [ 136.06174306, 35.18023638 ], [ 136.06175, 35.18019778 ], [ 136.06176611, 35.18016667 ], [ 136.06172916, 35.18012528 ], [ 136.0617125, 35.18007028 ], [ 136.06168222, 35.18000416 ], [ 136.061662219999988, 35.17995194 ], [ 136.06167556, 35.17992972 ], [ 136.06167556, 35.179905 ], [ 136.06165556, 35.17987195 ], [ 136.061652220000013, 35.17983611 ], [ 136.06165722, 35.17974611 ], [ 136.06166972, 35.17968417 ], [ 136.061698330000013, 35.17964666 ], [ 136.06172027, 35.17962472 ], [ 136.06168639, 35.17955555 ], [ 136.06168305, 35.17951834 ], [ 136.06168972, 35.17945612 ], [ 136.06172528, 35.17939111 ], [ 136.06168806, 35.17935777 ], [ 136.061654729999987, 35.17932 ], [ 136.061656379999988, 35.17927028 ], [ 136.061681670000013, 35.17920528 ], [ 136.061715, 35.17915556 ], [ 136.06172167, 35.1791375 ], [ 136.06168, 35.17910445 ], [ 136.06165972, 35.17907833 ], [ 136.061678339999986, 35.17900138 ], [ 136.061685, 35.17897222 ], [ 136.06171862, 35.17894056 ], [ 136.06175166, 35.17893361 ], [ 136.061758340000011, 35.17887556 ], [ 136.06178861, 35.1788175 ], [ 136.06181916, 35.17879 ], [ 136.061866110000011, 35.17877611 ], [ 136.06192028000001, 35.17873639 ], [ 136.06195861, 35.178715 ], [ 136.062088609999989, 35.17846084 ], [ 136.06216278, 35.17831444 ], [ 136.062263879999989, 35.17818167 ], [ 136.062357780000013, 35.17803695 ], [ 136.06249333, 35.17787277 ], [ 136.06245972, 35.17783695 ], [ 136.06247667, 35.17779527 ], [ 136.06251389, 35.17771528 ], [ 136.06253417, 35.17770139 ], [ 136.06259472, 35.17769861 ], [ 136.062564439999989, 35.17766 ], [ 136.06257778, 35.17761861 ], [ 136.06261833, 35.17757139 ], [ 136.06265195, 35.17755222 ], [ 136.0627125, 35.17755778 ], [ 136.06274306, 35.17749139 ], [ 136.06278333, 35.17744723 ], [ 136.0628525, 35.17740028 ], [ 136.06288111, 35.17739472 ], [ 136.06292889, 35.17732444 ], [ 136.06300972, 35.17716111 ], [ 136.06304361, 35.17697834 ], [ 136.06304361, 35.17688944 ], [ 136.06299972, 35.17673167 ], [ 136.06293889, 35.17659306 ], [ 136.06291861, 35.17649611 ], [ 136.06285111, 35.17621223 ], [ 136.06279028, 35.17591612 ], [ 136.06277, 35.17573334 ], [ 136.06277667, 35.17563472 ], [ 136.06280695, 35.17547944 ], [ 136.06283056, 35.17524417 ], [ 136.06283389, 35.17500028 ], [ 136.06281361, 35.17483417 ], [ 136.06278333, 35.17449111 ], [ 136.062749450000013, 35.17434417 ], [ 136.06268861, 35.17420862 ], [ 136.06262472, 35.17408389 ], [ 136.062550280000011, 35.17398972 ], [ 136.06241889, 35.17385945 ], [ 136.06231416, 35.1737875 ], [ 136.06212417, 35.17367027 ], [ 136.06203639, 35.17364556 ], [ 136.06194861, 35.17363167 ], [ 136.06190139, 35.17366194 ], [ 136.0618575, 35.17367861 ], [ 136.06181027, 35.17367861 ], [ 136.06174945, 35.17365917 ], [ 136.06169861, 35.17359555 ], [ 136.06163805, 35.17361222 ], [ 136.06158389, 35.173615 ], [ 136.06154333, 35.17361222 ], [ 136.06148278, 35.17358167 ], [ 136.061458890000011, 35.17355944 ], [ 136.06144889, 35.17346528 ], [ 136.06137112, 35.17344333 ], [ 136.061317229999986, 35.17341277 ], [ 136.06124639, 35.17335723 ], [ 136.061242779999986, 35.17328278 ], [ 136.06117139, 35.17327583 ], [ 136.06113416, 35.17325083 ], [ 136.06110028, 35.17319556 ], [ 136.06107666, 35.17316222 ], [ 136.06107666, 35.17312639 ], [ 136.06110028, 35.17306805 ], [ 136.061059730000011, 35.17304306 ], [ 136.06102611, 35.17299333 ], [ 136.06098555, 35.17289362 ], [ 136.06098222, 35.17286306 ], [ 136.06099584, 35.17283278 ], [ 136.06099916, 35.17281333 ], [ 136.06094834000001, 35.17277722 ], [ 136.06090083, 35.17272556 ], [ 136.060883890000014, 35.17268694 ], [ 136.06088055, 35.17266194 ], [ 136.06088055, 35.17262861 ], [ 136.06084361, 35.17262028 ], [ 136.06081305, 35.17260638 ], [ 136.060782780000011, 35.17256778 ], [ 136.060752220000012, 35.17251778 ], [ 136.06075583, 35.17246528 ], [ 136.060775830000011, 35.17242917 ], [ 136.060728610000012, 35.17240417 ], [ 136.060708330000011, 35.17237111 ], [ 136.060695, 35.17232667 ], [ 136.060657780000014, 35.17224361 ], [ 136.060647780000011, 35.17221861 ], [ 136.060593610000012, 35.1722075 ], [ 136.060536109999987, 35.17218278 ], [ 136.06049583, 35.17216888 ], [ 136.06047195, 35.17214945 ], [ 136.060455280000014, 35.17211889 ], [ 136.060435, 35.17208833 ], [ 136.060380830000014, 35.17208833 ], [ 136.06034028, 35.1720775 ], [ 136.060286389999987, 35.17205805 ], [ 136.060232219999989, 35.17202472 ], [ 136.060218889999987, 35.17199694 ], [ 136.060215559999989, 35.17197778 ], [ 136.06013778, 35.17196667 ], [ 136.060080269999986, 35.17195555 ], [ 136.06004667, 35.17193056 ], [ 136.060006390000012, 35.17188889 ], [ 136.05999639, 35.17186139 ], [ 136.059897220000011, 35.17184889 ], [ 136.059833059999988, 35.17182111 ], [ 136.05978583000001, 35.17179639 ], [ 136.059765559999988, 35.17177417 ], [ 136.05975195, 35.17174639 ], [ 136.059698059999988, 35.17174639 ], [ 136.059654169999988, 35.1717325 ], [ 136.05961695, 35.171705 ], [ 136.05956638, 35.17166611 ], [ 136.05952917, 35.17161055 ], [ 136.059468329999987, 35.17162445 ], [ 136.05942445, 35.17162166 ], [ 136.059353609999988, 35.17159139 ], [ 136.05931639, 35.17158027 ], [ 136.059286109999988, 35.17155528 ], [ 136.05926584, 35.17151638 ], [ 136.05924556, 35.17148889 ], [ 136.05919167, 35.17146944 ], [ 136.059157770000013, 35.17144166 ], [ 136.059107219999987, 35.17139194 ], [ 136.05907, 35.17133083 ], [ 136.0590025, 35.1713225 ], [ 136.05897556, 35.17130584 ], [ 136.058945, 35.17127 ], [ 136.05891139, 35.17121722 ], [ 136.05893834, 35.17115361 ], [ 136.05892139, 35.17112305 ], [ 136.05888445, 35.17109 ], [ 136.0588675, 35.17105112 ], [ 136.05884333, 35.17096945 ], [ 136.05885333, 35.17095 ], [ 136.05888389, 35.17093611 ], [ 136.05891417, 35.17092222 ], [ 136.05891417, 35.17089166 ], [ 136.0588975, 35.17083917 ], [ 136.0588975, 35.17080028 ], [ 136.0589175, 35.17077 ], [ 136.05894472, 35.17075056 ], [ 136.05896833, 35.17073389 ], [ 136.05896139, 35.17065361 ], [ 136.05897167, 35.17060361 ], [ 136.05900194, 35.17057862 ], [ 136.05902222, 35.17057305 ], [ 136.05902917, 35.17049 ], [ 136.05907972, 35.17040417 ], [ 136.05917417, 35.17030194 ], [ 136.05933973, 35.17013722 ], [ 136.05939028, 35.17007055 ], [ 136.059414159999989, 35.17000139 ], [ 136.05943778, 35.16996528 ], [ 136.05950528, 35.16992944 ], [ 136.059540270000014, 35.1698775 ], [ 136.059540270000014, 35.16966528 ], [ 136.0595475, 35.16951333 ], [ 136.059525549999989, 35.16941333 ], [ 136.059450270000013, 35.16927278 ], [ 136.05940639, 35.16916083 ], [ 136.0593675, 35.169005 ], [ 136.05935778, 35.16857806 ], [ 136.05931861, 35.16831444 ], [ 136.05922861, 35.16795972 ], [ 136.05924334, 35.16788195 ], [ 136.059301659999988, 35.16783806 ], [ 136.05932833, 35.16783 ], [ 136.05938694, 35.16783 ], [ 136.05944027000001, 35.16785 ], [ 136.05949139, 35.16784806 ], [ 136.059513329999987, 35.16781583 ], [ 136.05952973, 35.16776833 ], [ 136.059524720000013, 35.16750611 ], [ 136.05947556000001, 35.16725195 ], [ 136.0593675, 35.16702583 ], [ 136.05923, 35.166835 ], [ 136.05910222, 35.16664139 ], [ 136.059053049999989, 35.16651222 ], [ 136.05906278, 35.16639916 ], [ 136.058753059999987, 35.16603027 ], [ 136.05862167, 35.16585695 ], [ 136.05852639, 35.16587028 ], [ 136.05843944, 35.16580917 ], [ 136.058285, 35.16569139 ], [ 136.058249170000011, 35.16559584 ], [ 136.05818639, 35.16549916 ], [ 136.05817167, 35.16543 ], [ 136.05818, 35.16536806 ], [ 136.058126390000012, 35.16531111 ], [ 136.05811083, 35.16525972 ], [ 136.058128610000011, 35.16519167 ], [ 136.05809388, 35.16514584 ], [ 136.05808972, 35.16507556 ], [ 136.05813806, 35.16501278 ], [ 136.05822389, 35.16500556 ], [ 136.05821083, 35.16486388 ], [ 136.058249170000011, 35.16454306 ], [ 136.05832278, 35.16421278 ], [ 136.05834084, 35.16406584 ], [ 136.05828972, 35.16403666 ], [ 136.05824334, 35.1639775 ], [ 136.05824334, 35.16390028 ], [ 136.05829277, 35.16381472 ], [ 136.058285, 35.163725 ], [ 136.05830778, 35.16368278 ], [ 136.05834861, 35.1636525 ], [ 136.058352219999989, 35.16346917 ], [ 136.058406389999988, 35.16298556 ], [ 136.05841806, 35.16277361 ], [ 136.058404450000012, 35.1624475 ], [ 136.05834611, 35.16216222 ], [ 136.05829, 35.16212305 ], [ 136.058283609999989, 35.16205056 ], [ 136.05824278, 35.16200028 ], [ 136.058242220000011, 35.16194833 ], [ 136.05827972, 35.16190639 ], [ 136.058342219999986, 35.16187444 ], [ 136.05836861, 35.16181195 ], [ 136.05841111, 35.16178139 ], [ 136.058458050000013, 35.1617775 ], [ 136.05855028, 35.16179361 ], [ 136.05902556, 35.16108389 ], [ 136.05923167, 35.16074028 ], [ 136.05923472, 35.16037222 ], [ 136.059250279999986, 35.16019528 ], [ 136.05929638, 35.16008417 ], [ 136.059508060000013, 35.15978167 ], [ 136.05954194, 35.1596575 ], [ 136.05956028, 35.15948111 ], [ 136.05951722, 35.15922528 ], [ 136.059520279999987, 35.15906417 ], [ 136.059575560000013, 35.15890278 ], [ 136.059585, 35.15876833 ], [ 136.05958333, 35.15874583 ], [ 136.05956556000001, 35.15870167 ], [ 136.059567500000014, 35.15865833 ], [ 136.05957805, 35.15860528 ], [ 136.05961695, 35.15854861 ], [ 136.059625829999987, 35.15852028 ], [ 136.05960278, 35.15846361 ], [ 136.05960639, 35.15839084 ], [ 136.05961889, 35.15836444 ], [ 136.05965945, 35.15837667 ], [ 136.05967888, 35.15837305 ], [ 136.059700279999987, 35.15835028 ], [ 136.05973584, 35.15832361 ], [ 136.05979084, 35.15832889 ], [ 136.0599025, 35.15837667 ], [ 136.06008361, 35.15824111 ], [ 136.06000667, 35.15820777 ], [ 136.05997639, 35.15819416 ], [ 136.05995361, 35.15815028 ], [ 136.059952220000014, 35.15809278 ], [ 136.05995972, 35.15803555 ], [ 136.06000056, 35.15799472 ], [ 136.06004139, 35.15798694 ], [ 136.06006861, 35.15797056 ], [ 136.06010333, 35.15790389 ], [ 136.06014305, 35.15788112 ], [ 136.06022166, 35.15787805 ], [ 136.06025194, 35.15787056 ], [ 136.06030028, 35.15782667 ], [ 136.06033973000001, 35.15781001 ], [ 136.06040166, 35.15780694 ], [ 136.06043194, 35.15781611 ], [ 136.06046389, 35.1578675 ], [ 136.060491109999987, 35.15787945 ], [ 136.06050611, 35.15785528 ], [ 136.06058778, 35.15787639 ], [ 136.06075639, 35.15775111 ], [ 136.06105889, 35.15753917 ], [ 136.061273879999987, 35.15761306 ], [ 136.06141611000001, 35.15765861 ], [ 136.06179278, 35.15767361 ], [ 136.061857229999987, 35.15770889 ], [ 136.06186333, 35.15775917 ], [ 136.06182056, 35.15781222 ], [ 136.06184805, 35.15809888 ], [ 136.06196445, 35.15807889 ], [ 136.06201361, 35.15819222 ], [ 136.062576940000014, 35.15810139 ], [ 136.06258917, 35.157875 ], [ 136.063063050000011, 35.15771333 ], [ 136.06350416, 35.15740889 ], [ 136.06362361, 35.15755472 ], [ 136.063746110000011, 35.15751444 ], [ 136.06369722, 35.15744139 ], [ 136.063871940000013, 35.15739611 ], [ 136.06457139, 35.15703111 ], [ 136.06523777000001, 35.15703944 ], [ 136.06526, 35.15658139 ], [ 136.0652825, 35.15612361 ], [ 136.06525806, 35.15567028 ], [ 136.06527333, 35.15559722 ], [ 136.06529778, 35.15549389 ], [ 136.06539611, 35.15530611 ], [ 136.06547889, 35.15515 ], [ 136.06550639, 35.15505194 ], [ 136.06547278, 35.15482944 ], [ 136.065491110000011, 35.15472889 ], [ 136.065638330000013, 35.15423139 ], [ 136.065748610000014, 35.15386167 ], [ 136.06589223, 35.15367194 ], [ 136.066079159999987, 35.15346084 ], [ 136.066079159999987, 35.1533275 ], [ 136.06611583, 35.15324972 ], [ 136.066165, 35.15314278 ], [ 136.06564083, 35.15175389 ], [ 136.065585559999988, 35.15173861 ], [ 136.065555, 35.15171361 ], [ 136.065487499999989, 35.15162805 ], [ 136.065395560000013, 35.15157472 ], [ 136.065343610000014, 35.15151945 ], [ 136.065285280000012, 35.15128306 ], [ 136.06515639, 35.15113583 ], [ 136.06499388, 35.15094722 ], [ 136.064908050000014, 35.15087417 ], [ 136.06465667, 35.15020889 ], [ 136.06464444, 35.15013111 ], [ 136.06471806, 35.15005305 ], [ 136.06465945, 35.14997695 ], [ 136.06473306, 35.14993251 ], [ 136.06489223, 35.14983611 ], [ 136.064849439999989, 35.14972778 ], [ 136.06480056, 35.14962222 ], [ 136.06440833, 35.14982083 ], [ 136.064270279999988, 35.14957583 ], [ 136.06407417, 35.14928416 ], [ 136.06354083, 35.14869639 ], [ 136.0632675, 35.14837306 ], [ 136.06324611, 35.14831528 ], [ 136.06322445, 35.14816167 ], [ 136.06317861, 35.14806111 ], [ 136.0628375, 35.14768972 ], [ 136.06247277, 35.1473575 ], [ 136.06241139, 35.14727333 ], [ 136.06235611, 35.14696139 ], [ 136.06232556, 35.14687361 ], [ 136.06225194000001, 35.14675028 ], [ 136.06208027, 35.14641722 ], [ 136.06204972, 35.14638723 ], [ 136.06198833, 35.14636444 ], [ 136.06180139, 35.14636444 ], [ 136.06171555, 35.14634945 ], [ 136.06123777, 35.14599889 ], [ 136.060503329999989, 35.14538861 ], [ 136.06092916, 35.14511694 ], [ 136.060944439999986, 35.14505583 ], [ 136.060941390000011, 35.14503583 ], [ 136.06091695, 35.14501805 ], [ 136.06078528, 35.14501805 ], [ 136.060687230000013, 35.14504833 ], [ 136.060555279999988, 35.14514139 ], [ 136.06035, 35.1452925 ], [ 136.060215269999986, 35.14517667 ], [ 136.06019389, 35.14512806 ], [ 136.05998222, 35.14493667 ], [ 136.059826109999989, 35.14479528 ], [ 136.05980778, 35.14475 ], [ 136.05978944, 35.14465944 ], [ 136.05972194, 35.14458389 ], [ 136.059584160000014, 35.14446556 ], [ 136.05944611000001, 35.14435277 ], [ 136.05933472000001, 35.14426167 ], [ 136.05923055, 35.14426417 ], [ 136.05916305, 35.14424639 ], [ 136.05912944, 35.14421111 ], [ 136.05910805, 35.14416333 ], [ 136.05909861, 35.14410556 ], [ 136.05890611, 35.14400473 ], [ 136.058488610000012, 35.14385556 ], [ 136.05799417, 35.14369361 ], [ 136.05777361, 35.14362306 ], [ 136.05764194, 35.14356527 ], [ 136.05727722, 35.14341944 ], [ 136.057043889999989, 35.14336611 ], [ 136.056967500000013, 35.14333584 ], [ 136.05682945, 35.14323778 ], [ 136.05671917, 35.143195 ], [ 136.05671, 35.14316223 ], [ 136.057019450000013, 35.14271667 ], [ 136.05706139, 35.1424575 ], [ 136.05679222, 35.14265888 ], [ 136.05654139, 35.14298111 ], [ 136.05647389, 35.14305389 ], [ 136.05640639, 35.14308417 ], [ 136.05632667, 35.14307167 ], [ 136.055700550000012, 35.1428725 ], [ 136.05456056, 35.14255778 ], [ 136.05413055, 35.14243611 ], [ 136.05355778, 35.14226 ], [ 136.052894720000012, 35.14199 ], [ 136.0528425, 35.14196722 ], [ 136.05281417, 35.14190167 ], [ 136.052976660000013, 35.14157972 ], [ 136.05287167, 35.14154584 ], [ 136.05275945, 35.14152667 ], [ 136.052507780000013, 35.14188167 ], [ 136.052409720000014, 35.14192694 ], [ 136.0516225, 35.14194944 ], [ 136.051005839999988, 35.14193416 ], [ 136.0508925, 35.14191917 ], [ 136.050564439999988, 35.14172972 ], [ 136.050616389999988, 35.14155611 ], [ 136.05085556, 35.14161639 ], [ 136.051014720000012, 35.14119361 ], [ 136.050374440000013, 35.14104695 ], [ 136.05022639, 35.14146278 ], [ 136.05019889, 35.14154028 ], [ 136.05013222, 35.14172805 ], [ 136.05022944000001, 35.1418275 ], [ 136.04992805, 35.14182639 ], [ 136.04990695, 35.14198695 ], [ 136.0498725, 35.14203111 ], [ 136.04935695, 35.14202944 ], [ 136.04921166, 35.14204416 ], [ 136.049066110000012, 35.14205862 ], [ 136.04897917, 35.14218972 ], [ 136.048851109999987, 35.14233722 ], [ 136.048278329999988, 35.14226361 ], [ 136.04788556, 35.14223639 ], [ 136.047314730000011, 35.14221694 ], [ 136.04667889000001, 35.14219083 ], [ 136.04626055, 35.14216528 ], [ 136.045921670000013, 35.14214445 ], [ 136.04543278, 35.14212944 ], [ 136.04501306, 35.14211806 ], [ 136.04476139, 35.14212333 ], [ 136.04463445, 35.14213389 ], [ 136.044084160000011, 35.142205 ], [ 136.04341527, 35.14229084 ], [ 136.04326278, 35.14231556 ], [ 136.04318139, 35.14235694 ], [ 136.04306306, 35.14247944 ], [ 136.042922229999988, 35.1426175 ], [ 136.04275472, 35.14273917 ], [ 136.0426575, 35.14280056 ], [ 136.04254778, 35.14284611 ], [ 136.04239167, 35.1428875 ], [ 136.0420425, 35.14292166 ], [ 136.04177083, 35.14295666 ], [ 136.04137056, 35.14299805 ], [ 136.04105834, 35.14305417 ], [ 136.040883330000014, 35.14310834 ], [ 136.04070723000001, 35.14318195 ], [ 136.04058778000001, 35.14323889 ], [ 136.040505560000014, 35.14330556 ], [ 136.0404275, 35.14340583 ], [ 136.040398610000011, 35.14347166 ], [ 136.040376110000011, 35.14374944 ], [ 136.0403475, 35.14378611 ], [ 136.04029194, 35.14382917 ], [ 136.04021945, 35.14385973 ], [ 136.04018334, 35.14386305 ], [ 136.039988889999989, 35.14359806 ], [ 136.039906949999988, 35.14365445 ], [ 136.03980528, 35.14372056 ], [ 136.04005944, 35.14403 ], [ 136.040269169999988, 35.14405695 ], [ 136.040308610000011, 35.14407972 ], [ 136.04033972, 35.14411389 ], [ 136.04034723, 35.14413833 ], [ 136.04033639, 35.14416444 ], [ 136.04027138, 35.14420917 ], [ 136.0401775, 35.14424334 ], [ 136.040067779999987, 35.14426417 ], [ 136.03993417, 35.14427556 ], [ 136.039892509999987, 35.14427277 ], [ 136.03982862, 35.14424334 ], [ 136.039775279999986, 35.14422583 ], [ 136.03969527000001, 35.14422138 ], [ 136.03926973, 35.144265 ], [ 136.03917167, 35.14427834 ], [ 136.03914805, 35.14430111 ], [ 136.03918973, 35.144545 ], [ 136.03917278, 35.14457139 ], [ 136.03910862, 35.14460889 ], [ 136.03900861, 35.14463972 ], [ 136.03894139, 35.14464306 ], [ 136.03880583, 35.14463333 ], [ 136.03875584, 35.14464473 ], [ 136.03871222, 35.144685 ], [ 136.03868222, 35.14480028 ], [ 136.03865027, 35.14490194 ], [ 136.03862722, 35.144915 ], [ 136.03802805, 35.1449425 ], [ 136.03701833, 35.14498361 ], [ 136.03600778, 35.14509444 ], [ 136.03541361, 35.14517277 ], [ 136.034484170000013, 35.14533417 ], [ 136.0332225, 35.14560862 ], [ 136.032391389999987, 35.145775 ], [ 136.03173222, 35.14590277 ], [ 136.031080839999987, 35.14606194 ], [ 136.03106834, 35.14606555 ], [ 136.03033861, 35.14628083 ], [ 136.029924990000012, 35.14643472 ], [ 136.02967389, 35.14652056 ], [ 136.02953944, 35.14656888 ], [ 136.02943389, 35.14663333 ], [ 136.029278330000011, 35.1467325 ], [ 136.028988059999989, 35.14687083 ], [ 136.02889445, 35.14692667 ], [ 136.02885833, 35.1469575 ], [ 136.028838619999988, 35.14699584 ], [ 136.02882055, 35.14718556 ], [ 136.02879028000001, 35.14731528 ], [ 136.02872973, 35.14740334 ], [ 136.02854416, 35.14753972 ], [ 136.028353610000011, 35.14762306 ], [ 136.028175, 35.14767278 ], [ 136.027878890000011, 35.14770751 ], [ 136.02782305, 35.14770611 ], [ 136.02778694, 35.1476875 ], [ 136.02778389, 35.14766639 ], [ 136.027160830000014, 35.14763028 ], [ 136.026434169999987, 35.14758777 ], [ 136.02628611, 35.1476325 ], [ 136.026129160000011, 35.14766722 ], [ 136.026044719999987, 35.14767222 ], [ 136.02598444, 35.14766861 ], [ 136.0259225, 35.14764861 ], [ 136.025832220000012, 35.14759666 ], [ 136.0257825, 35.14757195 ], [ 136.02571445, 35.14756583 ], [ 136.02564666, 35.14754834 ], [ 136.02559223, 35.14751083 ], [ 136.02553806, 35.14742305 ], [ 136.02549889, 35.14737723 ], [ 136.02545195, 35.14736861 ], [ 136.02535222, 35.14737917 ], [ 136.0252975, 35.14736667 ], [ 136.02517889, 35.14724667 ], [ 136.025118060000011, 35.14719917 ], [ 136.025014449999986, 35.14715667 ], [ 136.02447528, 35.14709055 ], [ 136.023551669999989, 35.14693528 ], [ 136.02232056, 35.14677 ], [ 136.02152306, 35.1466975 ], [ 136.02098444, 35.14666249 ], [ 136.02012389, 35.14656944 ], [ 136.0199475, 35.14654195 ], [ 136.01992612, 35.14651444 ], [ 136.019907780000011, 35.14635194 ], [ 136.01982583, 35.14621222 ], [ 136.01974973, 35.14616223 ], [ 136.01942277, 35.14610444 ], [ 136.01906667, 35.14606695 ], [ 136.018862500000012, 35.14603445 ], [ 136.01868639, 35.14599444 ], [ 136.018908329999988, 35.14582083 ], [ 136.01857361, 35.14537083 ], [ 136.018295560000013, 35.14551278 ], [ 136.01796277, 35.14500583 ], [ 136.017551950000012, 35.14443417 ], [ 136.01681944, 35.14348833 ], [ 136.01649444, 35.14312973 ], [ 136.01588417, 35.14248972 ], [ 136.01574889, 35.14235444 ], [ 136.01560028, 35.14223167 ], [ 136.01557861, 35.14219389 ], [ 136.01558139, 35.14216722 ], [ 136.01564611, 35.14214499 ], [ 136.01581639, 35.14211166 ], [ 136.01587584, 35.14207639 ], [ 136.015921670000012, 35.14207639 ], [ 136.01600278, 35.14208528 ], [ 136.01625139, 35.14208945 ], [ 136.016397219999988, 35.14204528 ], [ 136.01644055, 35.14199861 ], [ 136.01641611, 35.14195194 ], [ 136.01635944, 35.14189889 ], [ 136.01631083, 35.14187222 ], [ 136.016194719999987, 35.14187 ], [ 136.0159975, 35.14184556 ], [ 136.015886380000012, 35.14180139 ], [ 136.015778329999989, 35.14167722 ], [ 136.01571055, 35.14153167 ], [ 136.01568361, 35.1414075 ], [ 136.01570528, 35.14132305 ], [ 136.01577, 35.14124528 ], [ 136.015775280000014, 35.14115889 ], [ 136.01573222, 35.14103222 ], [ 136.01556194, 35.14075944 ], [ 136.01544583, 35.14063222 ], [ 136.01522666, 35.14047834 ], [ 136.01497555, 35.14033194 ], [ 136.014810829999988, 35.14021445 ], [ 136.01463195, 35.14004028 ], [ 136.01454028, 35.13991389 ], [ 136.01449972, 35.1398075 ], [ 136.014491670000012, 35.13933334 ], [ 136.014472500000011, 35.13911611 ], [ 136.01443222, 35.13890916 ], [ 136.014343059999987, 35.13869389 ], [ 136.01426834, 35.13856944 ], [ 136.01424333, 35.1385275 ], [ 136.014034720000012, 35.13821583 ], [ 136.013878049999988, 35.13803389 ], [ 136.013832220000012, 35.13797389 ], [ 136.01384305, 35.13793833 ], [ 136.014155, 35.13782861 ], [ 136.01412806, 35.13777055 ], [ 136.01412111, 35.13775556 ], [ 136.01409639, 35.1377025 ], [ 136.01383694, 35.13778222 ], [ 136.0137425, 35.13778222 ], [ 136.01367778, 35.13775111 ], [ 136.01351555, 35.13762916 ], [ 136.01322389, 35.13740944 ], [ 136.01299139, 35.13723861 ], [ 136.01284777, 35.13710444 ], [ 136.01281805, 35.13704889 ], [ 136.01282333, 35.13700222 ], [ 136.01268223, 35.13679278 ], [ 136.01250223, 35.13652639 ], [ 136.01240916, 35.136405 ], [ 136.01243972, 35.13632861 ], [ 136.01203111, 35.13588334 ], [ 136.01131722, 35.13572083 ], [ 136.0107075, 35.135585 ], [ 136.01046195, 35.13555056 ], [ 136.00959555, 35.13547417 ], [ 136.00879778, 35.13541777 ], [ 136.00800389, 35.13536945 ], [ 136.00767611, 35.13536083 ], [ 136.00765055, 35.13526194 ], [ 136.00758389, 35.13526805 ], [ 136.00751111, 35.13527112 ], [ 136.00751584, 35.13533722 ], [ 136.00726778, 35.13534584 ], [ 136.006766950000014, 35.13542695 ], [ 136.00654917, 35.13546333 ], [ 136.00620806, 35.13556972 ], [ 136.006055, 35.13563667 ], [ 136.005990559999987, 35.13563389 ], [ 136.00584777, 35.135675 ], [ 136.005718339999987, 35.13571223 ], [ 136.00541139, 35.13578861 ], [ 136.0045475, 35.13591139 ], [ 136.00414806, 35.13598972 ], [ 136.00249666, 35.13635389 ], [ 136.00153638, 35.13659416 ], [ 136.00128472, 35.13666139 ], [ 136.00114167000001, 35.13671444 ], [ 136.001046659999986, 35.13677861 ], [ 136.00091723, 35.1368875 ], [ 136.00085, 35.13697417 ], [ 136.000710559999987, 35.13717028 ], [ 136.00034667, 35.13754972 ], [ 136.0000125, 35.137265 ], [ 135.9998575, 35.13715833 ], [ 135.99966084, 35.13697916 ], [ 135.999426949999986, 35.13680027 ], [ 135.99933417, 35.13684195 ], [ 135.99926277, 35.13687389 ], [ 135.99947361, 35.13708028 ], [ 135.99969611, 35.13725972 ], [ 136.00002111, 35.13750028 ], [ 136.00026945, 35.13765805 ], [ 136.00043972, 35.13776583 ], [ 136.00066944, 35.13787417 ], [ 136.00094361, 35.1379775 ], [ 136.001169159999989, 35.13806389 ], [ 136.001334719999988, 35.13811583 ], [ 136.00121973, 35.13816833 ], [ 136.00105278, 35.13822973 ], [ 135.99953555, 35.13879695 ], [ 135.998422229999989, 35.13919195 ], [ 135.997778610000012, 35.13942972 ], [ 135.997371390000012, 35.13960778 ], [ 135.99713889, 35.13972361 ], [ 135.99702222, 35.13978 ], [ 135.99677555, 35.13991528 ], [ 135.996645269999988, 35.14 ], [ 135.99648055, 35.14014083 ], [ 135.99647389, 35.14021389 ], [ 135.9964875, 35.14026472 ], [ 135.99653555, 35.14045638 ], [ 135.99649445, 35.14050138 ], [ 135.99523972, 35.14107056 ], [ 135.995041109999988, 35.14114389 ], [ 135.99508916, 35.14121722 ], [ 135.99507528, 35.14125083 ], [ 135.995034159999989, 35.14129055 ], [ 135.994705, 35.1413975 ], [ 135.99449944, 35.14147639 ], [ 135.993820559999989, 35.14176361 ], [ 135.993676670000013, 35.14176361 ], [ 135.993615, 35.14172972 ], [ 135.993306389999987, 35.14136945 ], [ 135.99309473, 35.14121 ], [ 135.993237779999987, 35.14143695 ], [ 135.99325167, 35.1414425 ], [ 135.993368049999987, 35.14158305 ], [ 135.99350528, 35.14177472 ], [ 135.99349833, 35.14182 ], [ 135.99346417000001, 35.14188194 ], [ 135.993388610000011, 35.14192694 ], [ 135.993162500000011, 35.14202278 ], [ 135.9922575, 35.14240028 ], [ 135.9922575, 35.14241167 ], [ 135.991558340000012, 35.14270472 ], [ 135.991482780000013, 35.14274416 ], [ 135.99096861000001, 35.14296944 ], [ 135.99057084, 35.1431725 ], [ 135.99042695, 35.1432625 ], [ 135.99035833, 35.14335277 ], [ 135.99032416, 35.14344306 ], [ 135.99035167, 35.14380889 ], [ 135.99032416, 35.14392723 ], [ 135.99026916, 35.14401195 ], [ 135.990152779999988, 35.14411333 ], [ 135.98994694000001, 35.14423722 ], [ 135.98974139, 35.1443275 ], [ 135.98934361, 35.14444584 ], [ 135.98904889, 35.14458666 ], [ 135.98895278, 35.14461472 ], [ 135.98875389, 35.14461472 ], [ 135.988665, 35.14459806 ], [ 135.98844555, 35.14459222 ], [ 135.988267220000012, 35.14464306 ], [ 135.98816444, 35.14466 ], [ 135.98796583, 35.14466 ], [ 135.98771223, 35.14459222 ], [ 135.98764361, 35.14454722 ], [ 135.98692361, 35.14421472 ], [ 135.98682083, 35.14414722 ], [ 135.98678639, 35.14413583 ], [ 135.98660138, 35.1440175 ], [ 135.98652583, 35.14389361 ], [ 135.9864575, 35.14353834 ], [ 135.9864575, 35.14338639 ], [ 135.986478049999988, 35.1433525 ], [ 135.98653972, 35.1433075 ], [ 135.986930550000011, 35.14329055 ], [ 135.98710195000001, 35.14325111 ], [ 135.98717056000001, 35.14320583 ], [ 135.987300839999989, 35.14303722 ], [ 135.987369159999986, 35.14298639 ], [ 135.987458339999989, 35.14296389 ], [ 135.9875475, 35.14291889 ], [ 135.987595559999988, 35.14286806 ], [ 135.98765028, 35.14274972 ], [ 135.98765028, 35.14268222 ], [ 135.98734862, 35.14271028 ], [ 135.98701583, 35.14275139 ], [ 135.98675222, 35.14278361 ], [ 135.98648472, 35.14278361 ], [ 135.98648472, 35.1428625 ], [ 135.986635549999988, 35.14298611 ], [ 135.98669722, 35.143065 ], [ 135.98669056, 35.14314389 ], [ 135.986635549999988, 35.14318333 ], [ 135.98656028, 35.14319472 ], [ 135.986368340000013, 35.14305389 ], [ 135.98625862, 35.14291278 ], [ 135.98603222, 35.14283972 ], [ 135.985860839999987, 35.14280611 ], [ 135.98551111, 35.14277194 ], [ 135.98542889, 35.14273834 ], [ 135.98532612, 35.14265972 ], [ 135.98479111, 35.14207361 ], [ 135.98458556, 35.14188194 ], [ 135.984421379999986, 35.14175222 ], [ 135.984195, 35.1416 ], [ 135.98389334, 35.14143111 ], [ 135.98317334, 35.14107611 ], [ 135.9830225, 35.14098027 ], [ 135.98287861, 35.1408675 ], [ 135.98274834, 35.14072083 ], [ 135.98267278, 35.14061388 ], [ 135.98245361, 35.14016861 ], [ 135.9823575, 35.14003333 ], [ 135.98208334, 35.13977973 ], [ 135.98210222, 35.13970861 ], [ 135.98222723, 35.13970083 ], [ 135.98231639, 35.13967833 ], [ 135.982412219999986, 35.13962805 ], [ 135.98260445, 35.13947 ], [ 135.98251416, 35.13935333 ], [ 135.98148723, 35.13802333 ], [ 135.980113890000013, 35.13595389 ], [ 135.97987583, 35.13558195 ], [ 135.97982778, 35.13555945 ], [ 135.97978666, 35.13549722 ], [ 135.97975222, 35.13541278 ], [ 135.979725, 35.13521 ], [ 135.979697499999986, 35.13512528 ], [ 135.979649450000011, 35.13502389 ], [ 135.97949861, 35.13479862 ], [ 135.979464439999987, 35.13473083 ], [ 135.97955056, 35.13472667 ], [ 135.979561389999986, 35.13470083 ], [ 135.979621939999987, 35.13457861 ], [ 135.97963528, 35.13447917 ], [ 135.979628889999987, 35.13439278 ], [ 135.97957417, 35.13427444 ], [ 135.979485, 35.13411694 ], [ 135.9794325, 35.13396138 ], [ 135.97965778, 35.13402278 ], [ 135.97964083, 35.13388972 ], [ 135.979621939999987, 35.1337225 ], [ 135.97958778, 35.13357583 ], [ 135.97948527, 35.13329028 ], [ 135.97965166, 35.13335555 ], [ 135.9796925, 35.13337361 ], [ 135.979941950000011, 35.1334725 ], [ 135.98004139, 35.13323889 ], [ 135.98014973, 35.13325 ], [ 135.98060639, 35.13216389 ], [ 135.980665, 35.13185611 ], [ 135.980669440000014, 35.131285 ], [ 135.98067, 35.13084667 ], [ 135.980511940000014, 35.13051556 ], [ 135.98036528, 35.13035444 ], [ 135.97974389, 35.12970555 ], [ 135.97909417, 35.129085 ], [ 135.9792175, 35.12898916 ], [ 135.979305, 35.12893667 ], [ 135.97926833, 35.12888417 ], [ 135.97923167, 35.12885 ], [ 135.97902556, 35.12896084 ], [ 135.97853833, 35.12851445 ], [ 135.97606639, 35.12597917 ], [ 135.97631583, 35.12582028 ], [ 135.97625445, 35.12573694 ], [ 135.97617444, 35.12564889 ], [ 135.975881109999989, 35.12580806 ], [ 135.975776669999988, 35.12570194 ], [ 135.97473584, 35.12464277 ], [ 135.97443028, 35.12433194 ], [ 135.97467611, 35.12417278 ], [ 135.97474945, 35.12410222 ], [ 135.97378722, 35.12306695 ], [ 135.97284861, 35.12205694 ], [ 135.97254361, 35.122255 ], [ 135.972182229999987, 35.12188167 ], [ 135.972002229999987, 35.12169416 ], [ 135.97162555, 35.12139222 ], [ 135.97135862, 35.12124111 ], [ 135.97097222, 35.12112028 ], [ 135.970742230000013, 35.1211125 ], [ 135.96906028, 35.12128167 ], [ 135.965809439999987, 35.12161806 ], [ 135.96537111, 35.12166361 ], [ 135.96537444, 35.12155833 ], [ 135.965289719999987, 35.12156473 ], [ 135.965240279999989, 35.12156861 ], [ 135.96523639, 35.12167389 ], [ 135.96294694, 35.12190056 ], [ 135.96272889, 35.12200111 ], [ 135.962454720000011, 35.12215305 ], [ 135.962248890000012, 35.12229389 ], [ 135.961878610000014, 35.12253639 ], [ 135.96182389, 35.12258694 ], [ 135.96177583, 35.12260944 ], [ 135.96146722, 35.12284056 ], [ 135.96083639, 35.12335361 ], [ 135.96074056, 35.12346611 ], [ 135.96056223, 35.12369167 ], [ 135.9604525, 35.12387195 ], [ 135.96043889, 35.12393945 ], [ 135.96045944, 35.12400167 ], [ 135.96055528, 35.12410277 ], [ 135.96056223, 35.12416472 ], [ 135.960288060000011, 35.12439583 ], [ 135.95993861, 35.12471139 ], [ 135.959746669999987, 35.12492 ], [ 135.95967112, 35.12498194 ], [ 135.95956139, 35.1250325 ], [ 135.959328340000013, 35.12503834 ], [ 135.95929333, 35.12502444 ], [ 135.95895805, 35.12489167 ], [ 135.95884139, 35.12488055 ], [ 135.95860639, 35.12503362 ], [ 135.958407779999987, 35.1251575 ], [ 135.958635, 35.12539805 ], [ 135.95868389, 35.12544972 ], [ 135.95873194, 35.12552861 ], [ 135.958725, 35.12562444 ], [ 135.95868389, 35.12565805 ], [ 135.958512500000012, 35.12566389 ], [ 135.958354719999988, 35.12569194 ], [ 135.95810111, 35.12577084 ], [ 135.95789528, 35.12585527 ], [ 135.9571, 35.12618778 ], [ 135.95708639, 35.12619916 ], [ 135.95666139, 35.12633973 ], [ 135.956545, 35.12636223 ], [ 135.95649, 35.126385 ], [ 135.95633222, 35.12641861 ], [ 135.95594834, 35.12653139 ], [ 135.95574278, 35.12658778 ], [ 135.95496778, 35.12680194 ], [ 135.9546525, 35.12690889 ], [ 135.953843330000012, 35.12721333 ], [ 135.95343917, 35.12736555 ], [ 135.953052219999989, 35.12745722 ], [ 135.952582220000011, 35.12752889 ], [ 135.95222555, 35.12755694 ], [ 135.95152611, 35.12755139 ], [ 135.95127944, 35.12753444 ], [ 135.950676109999989, 35.12748944 ], [ 135.950367770000014, 35.12745 ], [ 135.95015527000001, 35.127405 ], [ 135.94994945, 35.12734862 ], [ 135.949593060000012, 35.12729222 ], [ 135.94882944, 35.12712917 ], [ 135.94874778, 35.12711722 ], [ 135.94838334, 35.12696195 ], [ 135.94795222, 35.12656722 ], [ 135.9473625, 35.12596917 ], [ 135.94717972, 35.12577055 ], [ 135.94700167, 35.12568611 ], [ 135.946871390000013, 35.12564667 ], [ 135.94669972, 35.12551139 ], [ 135.94658333000001, 35.125455 ], [ 135.945925, 35.12524084 ], [ 135.94577417, 35.12515055 ], [ 135.94576056, 35.12511111 ], [ 135.94575361, 35.124965 ], [ 135.945712500000013, 35.12488611 ], [ 135.94558916, 35.12477889 ], [ 135.945561669999989, 35.12471139 ], [ 135.945582230000014, 35.1245875 ], [ 135.94565445, 35.1243075 ], [ 135.94529916, 35.12409444 ], [ 135.94419806, 35.12336417 ], [ 135.94403444, 35.12323389 ], [ 135.9436925, 35.12283112 ], [ 135.94336445, 35.12227972 ], [ 135.94323778, 35.12204806 ], [ 135.94304555, 35.12193333 ], [ 135.94279889, 35.12183194 ], [ 135.942689159999986, 35.12180944 ], [ 135.942565550000012, 35.12180361 ], [ 135.942476660000011, 35.12178667 ], [ 135.943028059999989, 35.12166417 ], [ 135.94284334, 35.12135806 ], [ 135.94295528, 35.12136334 ], [ 135.943183330000011, 35.12129306 ], [ 135.94336861, 35.12136639 ], [ 135.944901390000012, 35.12141889 ], [ 135.944968890000013, 35.12138389 ], [ 135.94335084, 35.12111166 ], [ 135.943144170000011, 35.12119945 ], [ 135.942863609999989, 35.12123556 ], [ 135.94240695, 35.12031834 ], [ 135.94221611, 35.11994389 ], [ 135.94210639, 35.11962862 ], [ 135.942051389999989, 35.11947083 ], [ 135.94201973, 35.11933361 ], [ 135.941955549999989, 35.11909334 ], [ 135.94216805, 35.11892972 ], [ 135.94237361, 35.11886222 ], [ 135.942899720000014, 35.11864889 ], [ 135.94334723, 35.11847889 ], [ 135.943429720000012, 35.11843389 ], [ 135.94349139, 35.11836639 ], [ 135.943518610000012, 35.11827056 ], [ 135.943511949999987, 35.11810695 ], [ 135.94344333, 35.11765611 ], [ 135.94387389, 35.11735528 ], [ 135.94403223, 35.11533028 ], [ 135.94385139, 35.11516334 ], [ 135.94359555, 35.11488556 ], [ 135.943524169999989, 35.11476805 ], [ 135.943430009999986, 35.1145025 ], [ 135.94328361, 35.11452305 ], [ 135.943191109999987, 35.11428861 ], [ 135.94312695, 35.11408222 ], [ 135.94226333, 35.11130222 ], [ 135.94164612, 35.10932583 ], [ 135.941555279999989, 35.10911555 ], [ 135.941518050000013, 35.10893639 ], [ 135.94123972, 35.10800361 ], [ 135.940879450000011, 35.10808806 ], [ 135.940253610000013, 35.10617611 ], [ 135.940645, 35.10608334 ], [ 135.94025444, 35.10488861 ], [ 135.94018305, 35.10464639 ], [ 135.94011, 35.10439111 ], [ 135.93948555, 35.10240166 ], [ 135.93892777, 35.10062889 ], [ 135.93886472, 35.10043723 ], [ 135.9388, 35.10025222 ], [ 135.93787444, 35.09729444 ], [ 135.93764250000001, 35.09655167 ], [ 135.93697056, 35.09620361 ], [ 135.93676027, 35.09539167 ], [ 135.93656334, 35.09468555 ], [ 135.93652889, 35.09444028 ], [ 135.93656334, 35.09417889 ], [ 135.93660194, 35.09401334 ], [ 135.93668388, 35.09381445 ], [ 135.93680778, 35.09356778 ], [ 135.936731110000011, 35.0934625 ], [ 135.936719720000013, 35.09338583 ], [ 135.93672833, 35.09327777 ], [ 135.93675833, 35.09321611 ], [ 135.936836949999986, 35.09313111 ], [ 135.936981949999989, 35.09304861 ], [ 135.93711417, 35.09303111 ], [ 135.93753472, 35.09267861 ], [ 135.93813167, 35.09229889 ], [ 135.93897195, 35.09176417 ], [ 135.93916, 35.09174555 ], [ 135.93933306, 35.09178889 ], [ 135.939641669999986, 35.09202972 ], [ 135.93970778, 35.09196972 ], [ 135.93984167, 35.09184862 ], [ 135.93991361, 35.09178333 ], [ 135.9399975, 35.09170723 ], [ 135.94027583, 35.09136111 ], [ 135.94034556, 35.09117944 ], [ 135.94048666, 35.09042834 ], [ 135.940618050000012, 35.08952166 ], [ 135.94075639, 35.08879917 ], [ 135.940923340000012, 35.08839778 ], [ 135.9412625, 35.0878625 ], [ 135.94129138, 35.08735166 ], [ 135.94132584, 35.08719944 ], [ 135.94136, 35.08713194 ], [ 135.94146278, 35.08701361 ], [ 135.942025, 35.08656861 ], [ 135.94204722, 35.08655167 ], [ 135.94220722, 35.086465 ], [ 135.94230194, 35.08641444 ], [ 135.94239528, 35.08639778 ], [ 135.942491389999986, 35.08638555 ], [ 135.94263167, 35.08635416 ], [ 135.942796109999989, 35.08633417 ], [ 135.94318055, 35.08625944 ], [ 135.94335222, 35.0862125 ], [ 135.94352111, 35.08617944 ], [ 135.943731390000011, 35.08614056 ], [ 135.94383111, 35.08612945 ], [ 135.94396945, 35.08611583 ], [ 135.944061659999988, 35.08612444 ], [ 135.944147500000014, 35.08614805 ], [ 135.944225, 35.08620194 ], [ 135.94468473, 35.08610806 ], [ 135.945466110000012, 35.08594833 ], [ 135.94579667, 35.08561805 ], [ 135.945860829999987, 35.08554222 ], [ 135.945905, 35.08550945 ], [ 135.946032229999986, 35.08549361 ], [ 135.946197500000011, 35.08552778 ], [ 135.94625055, 35.08552028 ], [ 135.94646167, 35.08544083 ], [ 135.946522499999986, 35.08537167 ], [ 135.94654472, 35.08531472 ], [ 135.94654612, 35.08525667 ], [ 135.946532499999989, 35.08523223 ], [ 135.946475, 35.08515583 ], [ 135.94638194, 35.08508195 ], [ 135.94634639, 35.08504916 ], [ 135.94634639, 35.08502028 ], [ 135.94640611, 35.08497528 ], [ 135.94650028, 35.08495889 ], [ 135.94657806, 35.08496139 ], [ 135.94673889, 35.08497112 ], [ 135.94680139, 35.08493528 ], [ 135.946798339999987, 35.0849 ], [ 135.94676751, 35.08486722 ], [ 135.94669694000001, 35.08484334 ], [ 135.94653139, 35.08479805 ], [ 135.94644166, 35.08473528 ], [ 135.94644028, 35.08469834 ], [ 135.946459440000012, 35.08460083 ], [ 135.946514439999987, 35.08445445 ], [ 135.94657361, 35.08420861 ], [ 135.94660166, 35.08402222 ], [ 135.94663222, 35.08390778 ], [ 135.946665, 35.08384472 ], [ 135.946708339999986, 35.08380834 ], [ 135.94673666, 35.08377584 ], [ 135.94676056, 35.08366806 ], [ 135.94689445, 35.08358916 ], [ 135.94700556, 35.083535 ], [ 135.947118890000013, 35.08356028 ], [ 135.94722667, 35.08358223 ], [ 135.947279439999988, 35.08357833 ], [ 135.94749472, 35.08361361 ], [ 135.947580280000011, 35.08352834 ], [ 135.94770166, 35.0835 ], [ 135.94766278, 35.08336583 ], [ 135.94764611, 35.08322388 ], [ 135.947665, 35.0830625 ], [ 135.94771972, 35.08299861 ], [ 135.947780279999989, 35.08297222 ], [ 135.94806139, 35.08296028 ], [ 135.94809722, 35.08293445 ], [ 135.9481075, 35.08288444 ], [ 135.94810111000001, 35.08285167 ], [ 135.94806139, 35.08281611 ], [ 135.94806139, 35.08279834 ], [ 135.94806917, 35.08278333 ], [ 135.94815417, 35.08273028 ], [ 135.94816723, 35.08268361 ], [ 135.9481475, 35.08263527 ], [ 135.948028889999989, 35.08257194 ], [ 135.947908610000013, 35.0825675 ], [ 135.94792472, 35.08146528 ], [ 135.94781111, 35.08117527 ], [ 135.94771472, 35.08074167 ], [ 135.94768417, 35.08056278 ], [ 135.94789723, 35.08038416 ], [ 135.94766388, 35.08008444 ], [ 135.94883194, 35.07964361 ], [ 135.948671389999987, 35.07953361 ], [ 135.94852389, 35.07938583 ], [ 135.948515, 35.07934583 ], [ 135.94851917, 35.07927667 ], [ 135.9485575, 35.07923388 ], [ 135.94843333, 35.07899417 ], [ 135.948403610000014, 35.07876472 ], [ 135.94836612, 35.0787175 ], [ 135.9483775, 35.07866944 ], [ 135.948215839999989, 35.07865639 ], [ 135.94812722, 35.07863611 ], [ 135.94805611000001, 35.07856333 ], [ 135.947966939999986, 35.07851417 ], [ 135.94786056, 35.07843694 ], [ 135.94748027, 35.07816111 ], [ 135.94742222, 35.07819806 ], [ 135.94732584, 35.0781875 ], [ 135.94727445, 35.07815028 ], [ 135.94726777, 35.07809222 ], [ 135.94730639, 35.0780075 ], [ 135.94742417, 35.07783583 ], [ 135.94750638, 35.0777525 ], [ 135.94757528, 35.07772362 ], [ 135.947622779999989, 35.07771805 ], [ 135.94775223, 35.07774084 ], [ 135.947911940000012, 35.07749583 ], [ 135.94794916, 35.07734528 ], [ 135.94796638, 35.07715 ], [ 135.94795083, 35.07696805 ], [ 135.947860279999986, 35.07674556 ], [ 135.94761, 35.07636527 ], [ 135.948048050000011, 35.07596278 ], [ 135.94799806, 35.07590195 ], [ 135.94794833, 35.07585389 ], [ 135.94727806, 35.07596444 ], [ 135.94651556, 35.07500611 ], [ 135.94553222, 35.07380056 ], [ 135.94554111, 35.07375695 ], [ 135.945913890000014, 35.07344 ], [ 135.9455, 35.07288945 ], [ 135.94553527, 35.07279722 ], [ 135.945163619999988, 35.07235222 ], [ 135.94508416, 35.07237889 ], [ 135.944993610000012, 35.07236611 ], [ 135.94483917, 35.07226889 ], [ 135.944698890000012, 35.07217583 ], [ 135.94436639, 35.07207722 ], [ 135.944166669999987, 35.07204222 ], [ 135.94340417, 35.07194194 ], [ 135.94310278, 35.07189112 ], [ 135.94298694, 35.071885 ], [ 135.942869449999989, 35.07188972 ], [ 135.94252889, 35.07198473 ], [ 135.94231306, 35.07201889 ], [ 135.94201055, 35.07204278 ], [ 135.941793890000014, 35.07199694 ], [ 135.941623889999988, 35.07189528 ], [ 135.94150167, 35.07177666 ], [ 135.941446109999987, 35.07174694 ], [ 135.9413625, 35.07174055 ], [ 135.94119973, 35.07177528 ], [ 135.940798339999986, 35.07192333 ], [ 135.94069805, 35.07195056 ], [ 135.94061611, 35.07194417 ], [ 135.94047611, 35.0718625 ], [ 135.94031805, 35.07180528 ], [ 135.94000251, 35.07172944 ], [ 135.93990333, 35.07169027 ], [ 135.93989389, 35.07165333 ], [ 135.93991195000001, 35.07161972 ], [ 135.93995722, 35.07156389 ], [ 135.94006611, 35.07150056 ], [ 135.94020806, 35.07147556 ], [ 135.94045055, 35.07144556 ], [ 135.940568610000014, 35.07140639 ], [ 135.9405875, 35.07137166 ], [ 135.94057472, 35.07131028 ], [ 135.940521389999986, 35.07129305 ], [ 135.94046777, 35.07131361 ], [ 135.940300830000012, 35.07136861 ], [ 135.94015611, 35.07136556 ], [ 135.93996972, 35.07134834 ], [ 135.93986584000001, 35.07137028 ], [ 135.93976305000001, 35.07142083 ], [ 135.93960722, 35.071575 ], [ 135.93948139, 35.07172611 ], [ 135.939394170000014, 35.07179861 ], [ 135.939313879999986, 35.07183806 ], [ 135.93922111, 35.07185666 ], [ 135.93917389, 35.07183944 ], [ 135.93904333, 35.07175305 ], [ 135.938805, 35.07159833 ], [ 135.93850889, 35.07149305 ], [ 135.93838, 35.07123111 ], [ 135.93790944, 35.07127444 ], [ 135.93791472, 35.07132666 ], [ 135.93858083, 35.07177444 ], [ 135.939326670000014, 35.07226861 ], [ 135.94023417, 35.07285833 ], [ 135.94121555000001, 35.07352528 ], [ 135.941878050000014, 35.07394361 ], [ 135.94207083, 35.07400028 ], [ 135.942160550000011, 35.07409583 ], [ 135.94219833, 35.07425473 ], [ 135.94213722, 35.07457278 ], [ 135.94198694, 35.07483472 ], [ 135.94186722, 35.07491084 ], [ 135.94166389, 35.07499778 ], [ 135.941449440000014, 35.0750575 ], [ 135.94111111, 35.07513972 ], [ 135.94064445, 35.07518611 ], [ 135.94020917, 35.07522945 ], [ 135.94008778, 35.07514417 ], [ 135.9395375, 35.07515722 ], [ 135.938550279999987, 35.07518389 ], [ 135.93846639, 35.07528139 ], [ 135.938045280000011, 35.07530583 ], [ 135.93757334, 35.07533333 ], [ 135.936375, 35.07541472 ], [ 135.9354, 35.07547722 ], [ 135.93477278, 35.07552277 ], [ 135.9346625, 35.07576611 ], [ 135.93449472, 35.07594862 ], [ 135.93439611, 35.07596778 ], [ 135.93420722, 35.07584222 ], [ 135.93394583, 35.075715 ], [ 135.93376862, 35.07566167 ], [ 135.9336025, 35.07563694 ], [ 135.93351694, 35.07564528 ], [ 135.93325694, 35.07570417 ], [ 135.933164729999987, 35.075715 ], [ 135.93287167, 35.07570778 ], [ 135.932759729999987, 35.07570945 ], [ 135.93264611, 35.075715 ], [ 135.93219806, 35.07586417 ], [ 135.93201333, 35.07591556 ], [ 135.93173972, 35.07596167 ], [ 135.93147416, 35.07581694 ], [ 135.93147389, 35.07554888 ], [ 135.931526670000011, 35.075245 ], [ 135.93159472, 35.07502194 ], [ 135.931685280000011, 35.07478611 ], [ 135.93144722, 35.07467666 ], [ 135.93170389, 35.07422417 ], [ 135.932156670000012, 35.07340417 ], [ 135.93253417, 35.07272361 ], [ 135.93294555, 35.07199055 ], [ 135.93327389, 35.07141889 ], [ 135.933829440000011, 35.07159584 ], [ 135.93390806, 35.07144611 ], [ 135.934035279999989, 35.07120833 ], [ 135.93416556, 35.07102416 ], [ 135.93437416, 35.07080611 ], [ 135.934565279999987, 35.07065389 ], [ 135.93479, 35.0704775 ], [ 135.93489639, 35.07037222 ], [ 135.93496584, 35.07028639 ], [ 135.93497194, 35.07017583 ], [ 135.93462527, 35.06976278 ], [ 135.93400639, 35.06894278 ], [ 135.93430833, 35.06868222 ], [ 135.934304450000013, 35.06858806 ], [ 135.93438695, 35.06854166 ], [ 135.93444778, 35.0685075 ], [ 135.93451112, 35.0684725 ], [ 135.93463472, 35.06842778 ], [ 135.934684440000012, 35.0684125 ], [ 135.93479222, 35.06837888 ], [ 135.93485222000001, 35.0683625 ], [ 135.93490222, 35.06839334 ], [ 135.93501889, 35.06842555 ], [ 135.935270550000013, 35.06873861 ], [ 135.935509450000012, 35.069105 ], [ 135.93559083, 35.06929055 ], [ 135.93561306, 35.06948416 ], [ 135.935674440000014, 35.06943945 ], [ 135.9357325, 35.06939472 ], [ 135.93578778, 35.06907222 ], [ 135.935894170000012, 35.06878111 ], [ 135.93596, 35.06859334 ], [ 135.936035550000014, 35.06831278 ], [ 135.936066939999989, 35.06813722 ], [ 135.93606277, 35.06801723 ], [ 135.936076390000011, 35.06798916 ], [ 135.9361725, 35.06791 ], [ 135.93631611, 35.06783111 ], [ 135.93642584, 35.06778611 ], [ 135.93657639, 35.06778611 ], [ 135.93672639, 35.06786194 ], [ 135.93682055, 35.06785416 ], [ 135.93693194, 35.06782583 ], [ 135.93735944, 35.0676075 ], [ 135.93746944, 35.06751027 ], [ 135.93750861, 35.06742417 ], [ 135.93754, 35.06725694 ], [ 135.937549170000011, 35.0671325 ], [ 135.93756695, 35.06697111 ], [ 135.93759972, 35.06681195 ], [ 135.93765167, 35.06656889 ], [ 135.93769389, 35.06648278 ], [ 135.93778805, 35.06640583 ], [ 135.93804916, 35.0662425 ], [ 135.93857472, 35.06588444 ], [ 135.93862723, 35.06586917 ], [ 135.938669440000012, 35.06587889 ], [ 135.93884361, 35.06601667 ], [ 135.938927220000011, 35.06605889 ], [ 135.93902583, 35.06606306 ], [ 135.939140830000014, 35.066045 ], [ 135.939235, 35.06602305 ], [ 135.939315279999988, 35.06598834 ], [ 135.93959916, 35.06583166 ], [ 135.9399875, 35.06556583 ], [ 135.94037472, 35.06529611 ], [ 135.940501110000014, 35.06515444 ], [ 135.94052861, 35.06508667 ], [ 135.94052861, 35.06502472 ], [ 135.94037194, 35.06491417 ], [ 135.940283889999989, 35.064795 ], [ 135.94027806, 35.06457472 ], [ 135.94026, 35.06449194 ], [ 135.94016667, 35.06436166 ], [ 135.94004528, 35.06424639 ], [ 135.939923889999989, 35.06403973 ], [ 135.93984445000001, 35.06377722 ], [ 135.93971362, 35.06358139 ], [ 135.93955528, 35.06340445 ], [ 135.93936416, 35.06356611 ], [ 135.938645830000013, 35.06351666 ], [ 135.93827611, 35.06315167 ], [ 135.93761, 35.06252945 ], [ 135.93723972, 35.06219917 ], [ 135.93687417000001, 35.06195917 ], [ 135.936447500000014, 35.06173556 ], [ 135.936071950000013, 35.0615675 ], [ 135.93568833, 35.06188111 ], [ 135.93539334, 35.06202416 ], [ 135.934910839999986, 35.06226222 ], [ 135.93445972, 35.06252639 ], [ 135.93404695000001, 35.06279083 ], [ 135.93382556, 35.06295 ], [ 135.93370611, 35.06307083 ], [ 135.93331389, 35.06337111 ], [ 135.933271389999987, 35.06345361 ], [ 135.93327667, 35.06373778 ], [ 135.933187229999987, 35.06388361 ], [ 135.93300833, 35.06401028 ], [ 135.932665, 35.0641325 ], [ 135.932426389999989, 35.06416277 ], [ 135.93226417, 35.06412973 ], [ 135.93203445, 35.0639675 ], [ 135.93174167, 35.06367084 ], [ 135.93165167, 35.06357722 ], [ 135.93158889, 35.06356 ], [ 135.9314975, 35.06356527 ], [ 135.93137583, 35.06351528 ], [ 135.93118917000001, 35.06335417 ], [ 135.93099333, 35.06315472 ], [ 135.9309375, 35.06307778 ], [ 135.9308375, 35.06309278 ], [ 135.93081111, 35.06316277 ], [ 135.931380280000013, 35.06388555 ], [ 135.93161389, 35.06418667 ], [ 135.93187611, 35.06405222 ], [ 135.93209361000001, 35.06434805 ], [ 135.93184639, 35.06447833 ], [ 135.93227278, 35.06497861 ], [ 135.93218389, 35.06503416 ], [ 135.93213305, 35.06510888 ], [ 135.93209195, 35.06516916 ], [ 135.93200084, 35.06522028 ], [ 135.93189056, 35.06524778 ], [ 135.93184695, 35.06527917 ], [ 135.93173472, 35.06531889 ], [ 135.93154445, 35.06531889 ], [ 135.93143222, 35.06534 ], [ 135.93124194, 35.06538278 ], [ 135.93118139, 35.06537556 ], [ 135.93087, 35.06498472 ], [ 135.93078361, 35.06486389 ], [ 135.93126723, 35.0645925 ], [ 135.931164169999988, 35.06447917 ], [ 135.93068833000001, 35.06473472 ], [ 135.92988528, 35.06369611 ], [ 135.92968027, 35.0634075 ], [ 135.92947528, 35.06300527 ], [ 135.92938612, 35.062635 ], [ 135.929353060000011, 35.06246639 ], [ 135.92938612, 35.06240138 ], [ 135.92938583, 35.06200805 ], [ 135.92942555, 35.06183445 ], [ 135.92949833, 35.06154083 ], [ 135.929518050000013, 35.06146667 ], [ 135.929617220000011, 35.06109444 ], [ 135.92977584, 35.06039777 ], [ 135.929841939999989, 35.06011527 ], [ 135.929841939999989, 35.06001195 ], [ 135.92980222, 35.05981528 ], [ 135.92955111, 35.05941334 ], [ 135.92926667, 35.05893361 ], [ 135.92910806, 35.05859666 ], [ 135.92926667, 35.05840666 ], [ 135.929475, 35.05814445 ], [ 135.92922389, 35.05783083 ], [ 135.92883389, 35.05752667 ], [ 135.92818861, 35.05727277 ], [ 135.928155550000014, 35.05719166 ], [ 135.92811472, 35.05717861 ], [ 135.928058889999988, 35.05716056 ], [ 135.92772527, 35.05754277 ], [ 135.926475829999987, 35.05714528 ], [ 135.92437917, 35.05644111 ], [ 135.92388555, 35.05626611 ], [ 135.923270550000012, 35.05570528 ], [ 135.923079159999986, 35.05540667 ], [ 135.922920549999986, 35.05501556 ], [ 135.92313194, 35.05485278 ], [ 135.92290333, 35.05441111 ], [ 135.923069160000011, 35.05430028 ], [ 135.92328222, 35.05423973 ], [ 135.92333083, 35.05422694 ], [ 135.92338222, 35.05421028 ], [ 135.92354694, 35.05445389 ], [ 135.924097499999988, 35.054185 ], [ 135.92376194, 35.05366833 ], [ 135.923481939999988, 35.05361194 ], [ 135.92311389, 35.05377695 ], [ 135.923214449999989, 35.05397583 ], [ 135.9232125, 35.05405056 ], [ 135.92318723, 35.05411333 ], [ 135.92301028, 35.05413612 ], [ 135.92296861, 35.05414138 ], [ 135.92283777, 35.05421667 ], [ 135.92272556, 35.05409277 ], [ 135.92250334, 35.05422167 ], [ 135.92237667, 35.05420472 ], [ 135.921404450000011, 35.05262056 ], [ 135.92088972, 35.05191361 ], [ 135.92081, 35.05181555 ], [ 135.92067445, 35.05171722 ], [ 135.91951194, 35.05123278 ], [ 135.919214720000014, 35.0510725 ], [ 135.91909722, 35.05102278 ], [ 135.918210280000011, 35.05089778 ], [ 135.91779528, 35.05079472 ], [ 135.917479719999989, 35.05067556 ], [ 135.9173175, 35.05078722 ], [ 135.91697639, 35.05055584 ], [ 135.91687417, 35.05047166 ], [ 135.91687417, 35.05040861 ], [ 135.91700222, 35.05029639 ], [ 135.91689528, 35.05014445 ], [ 135.91681195000001, 35.04988889 ], [ 135.91675195, 35.04954472 ], [ 135.91676389, 35.04910166 ], [ 135.916695549999986, 35.04869611 ], [ 135.91678916, 35.04869944 ], [ 135.91679056000001, 35.04864584 ], [ 135.91646472, 35.0486475 ], [ 135.91652306, 35.048395 ], [ 135.91660833, 35.04834278 ], [ 135.91663222, 35.04828389 ], [ 135.916620279999989, 35.04820527 ], [ 135.916584449999988, 35.04789083 ], [ 135.91652889, 35.04776583 ], [ 135.916501939999989, 35.04767 ], [ 135.91651083, 35.04761833 ], [ 135.91656472, 35.04744861 ], [ 135.91654667, 35.04698389 ], [ 135.91677167, 35.046945 ], [ 135.91699584, 35.04691555 ], [ 135.91704973, 35.04687111 ], [ 135.91707667, 35.04678278 ], [ 135.91714862, 35.04670889 ], [ 135.91726528, 35.046635 ], [ 135.917713889999987, 35.04660556 ], [ 135.91783944, 35.04655389 ], [ 135.91783139, 35.04646889 ], [ 135.91760584, 35.04642389 ], [ 135.91756917, 35.04638889 ], [ 135.91757528, 35.04635889 ], [ 135.91782944, 35.04630834 ], [ 135.91792861, 35.04628861 ], [ 135.91791278, 35.04612917 ], [ 135.91789694, 35.04596973 ], [ 135.91782, 35.04596305 ], [ 135.91752639, 35.04593805 ], [ 135.91757278, 35.04584917 ], [ 135.91763444, 35.0458175 ], [ 135.917678059999986, 35.04582611 ], [ 135.91775389, 35.04584139 ], [ 135.91774111, 35.04571916 ], [ 135.91772805, 35.04559694 ], [ 135.91754805, 35.04560389 ], [ 135.91718805, 35.04554388 ], [ 135.91611111, 35.04529166 ], [ 135.91538166, 35.04487334 ], [ 135.91465861, 35.04442472 ], [ 135.91475195000001, 35.04431472 ], [ 135.915108339999989, 35.04448001 ], [ 135.915173329999988, 35.04448834 ], [ 135.91524223, 35.04446389 ], [ 135.915292779999987, 35.04438722 ], [ 135.915296110000014, 35.04431361 ], [ 135.915263329999988, 35.04426194 ], [ 135.91513833, 35.04416334 ], [ 135.91510139, 35.04414583 ], [ 135.915075, 35.04414973 ], [ 135.914995, 35.04425111 ], [ 135.91492611000001, 35.04427584 ], [ 135.91483306, 35.04423333 ], [ 135.915128329999987, 35.04391223 ], [ 135.91373805, 35.04313222 ], [ 135.912496659999988, 35.04244833 ], [ 135.91208056, 35.04221694 ], [ 135.912119170000011, 35.04207361 ], [ 135.9120725, 35.0420425 ], [ 135.91202583, 35.04201112 ], [ 135.911828609999986, 35.0421475 ], [ 135.91179083, 35.04213278 ], [ 135.91177305, 35.04204611 ], [ 135.91171472, 35.04196944 ], [ 135.91143444, 35.04175805 ], [ 135.91104, 35.04142722 ], [ 135.910636939999989, 35.04101638 ], [ 135.91048723, 35.04092056 ], [ 135.910338059999987, 35.04082417 ], [ 135.91022695, 35.04070889 ], [ 135.91014528, 35.040555 ], [ 135.91011611, 35.04049278 ], [ 135.90991112, 35.04032361 ], [ 135.909795, 35.04020805 ], [ 135.90971916, 35.03999695 ], [ 135.90969944, 35.0397475 ], [ 135.909688890000012, 35.03961194 ], [ 135.90947472, 35.03933194 ], [ 135.90922583, 35.03939639 ], [ 135.90914278, 35.03934639 ], [ 135.90906666, 35.03929917 ], [ 135.90880945, 35.03897722 ], [ 135.90834444, 35.03836417 ], [ 135.90817444000001, 35.03813416 ], [ 135.90816861, 35.03806666 ], [ 135.90821528, 35.03789389 ], [ 135.90821528, 35.03776417 ], [ 135.90811611, 35.03767306 ], [ 135.90794639, 35.03755667 ], [ 135.90779472, 35.03741723 ], [ 135.90763417, 35.037195 ], [ 135.90755834, 35.03711638 ], [ 135.90718056, 35.03676055 ], [ 135.907011110000013, 35.03666945 ], [ 135.90678917, 35.03661639 ], [ 135.90660666, 35.03659806 ], [ 135.90638195, 35.03657972 ], [ 135.906180830000011, 35.03646306 ], [ 135.90592389, 35.03630444 ], [ 135.90577167, 35.03610667 ], [ 135.905672220000014, 35.03588389 ], [ 135.905485270000014, 35.03563584 ], [ 135.905526110000011, 35.03560222 ], [ 135.90561972, 35.03567444 ], [ 135.905754159999987, 35.03580889 ], [ 135.905859170000014, 35.03590472 ], [ 135.90595278, 35.03591916 ], [ 135.90610444, 35.03591444 ], [ 135.90622722, 35.03594333 ], [ 135.906466669999986, 35.03610167 ], [ 135.906612779999989, 35.03613527 ], [ 135.90690472, 35.03613527 ], [ 135.90717333, 35.03616889 ], [ 135.90743139, 35.03617389 ], [ 135.907525, 35.03621694 ], [ 135.907711940000013, 35.03631805 ], [ 135.90774694000001, 35.03632278 ], [ 135.90778083, 35.03620333 ], [ 135.90781306, 35.03609139 ], [ 135.90721833, 35.03606806 ], [ 135.906931390000011, 35.03600861 ], [ 135.90675667, 35.03600861 ], [ 135.90664834, 35.03600861 ], [ 135.906405, 35.03597305 ], [ 135.906313329999989, 35.03590611 ], [ 135.90621472, 35.03587528 ], [ 135.906130280000013, 35.03583667 ], [ 135.90573611, 35.03569 ], [ 135.90562333, 35.03554334 ], [ 135.90565139, 35.03552028 ], [ 135.905853330000014, 35.03562445 ], [ 135.905937779999988, 35.03564361 ], [ 135.90610222, 35.03563194 ], [ 135.906369719999987, 35.03552028 ], [ 135.906482219999987, 35.03545056 ], [ 135.90658889, 35.03541389 ], [ 135.906782779999986, 35.03539277 ], [ 135.90700361, 35.03536361 ], [ 135.90720055, 35.03530945 ], [ 135.90737361, 35.03523667 ], [ 135.90776445, 35.03517417 ], [ 135.90811195, 35.03510083 ], [ 135.90835639, 35.03506612 ], [ 135.908849440000012, 35.03493861 ], [ 135.90940416, 35.03481862 ], [ 135.91015583, 35.03462889 ], [ 135.912667770000013, 35.03392056 ], [ 135.9127325, 35.03384112 ], [ 135.91279695, 35.033735 ], [ 135.912786110000013, 35.03363778 ], [ 135.912700269999988, 35.03354027 ], [ 135.91264639, 35.03346972 ], [ 135.912635560000012, 35.03339889 ], [ 135.91265723, 35.03331055 ], [ 135.912743330000012, 35.03313362 ], [ 135.912764720000013, 35.0330275 ], [ 135.912764720000013, 35.03285972 ], [ 135.912668059999987, 35.03241139 ], [ 135.91254028, 35.03179583 ], [ 135.912483329999986, 35.03149473 ], [ 135.91244805, 35.03136972 ], [ 135.91242083, 35.03130611 ], [ 135.912400280000014, 35.03116889 ], [ 135.91241417, 35.0308325 ], [ 135.912455, 35.030675 ], [ 135.91258222, 35.03038722 ], [ 135.91287334, 35.02988167 ], [ 135.91311195, 35.02953305 ], [ 135.91325555, 35.02938722 ], [ 135.91361916, 35.02951416 ], [ 135.91370167, 35.02941195 ], [ 135.91380028, 35.02943889 ], [ 135.91401667, 35.02956277 ], [ 135.91405555, 35.029585 ], [ 135.91405389, 35.02965361 ], [ 135.913756940000013, 35.03014306 ], [ 135.913795, 35.03021389 ], [ 135.91369472, 35.03041028 ], [ 135.91371111, 35.03045111 ], [ 135.91444667, 35.03072666 ], [ 135.91495111, 35.02994222 ], [ 135.91546444, 35.02912694 ], [ 135.915290840000011, 35.02905583 ], [ 135.91533528, 35.02889556 ], [ 135.91468445000001, 35.0286125 ], [ 135.91421889, 35.02936278 ], [ 135.91415361, 35.02936278 ], [ 135.913898890000013, 35.02930389 ], [ 135.91373028000001, 35.02922083 ], [ 135.9139725, 35.02884167 ], [ 135.91392778, 35.02880361 ], [ 135.91370667000001, 35.02861583 ], [ 135.91373028000001, 35.02855167 ], [ 135.91398805, 35.0281725 ], [ 135.91425805, 35.02790138 ], [ 135.91453139, 35.02764444 ], [ 135.91521973, 35.02731611 ], [ 135.916048890000013, 35.02698389 ], [ 135.91612722, 35.02697111 ], [ 135.916275829999989, 35.02700972 ], [ 135.91646333, 35.02713834 ], [ 135.91665888, 35.02706694 ], [ 135.91690333, 35.02688528 ], [ 135.917045, 35.02671666 ], [ 135.91710917, 35.02660639 ], [ 135.91719, 35.02625583 ], [ 135.9173025, 35.02572334 ], [ 135.917429449999986, 35.02445334 ], [ 135.91738833, 35.02439528 ], [ 135.91734277, 35.02439 ], [ 135.917226950000014, 35.02442806 ], [ 135.91717, 35.02441306 ], [ 135.91714972, 35.02437194 ], [ 135.917119719999988, 35.024265 ], [ 135.91715695, 35.02367417 ], [ 135.91728362, 35.02262361 ], [ 135.91729917, 35.02214694 ], [ 135.917305, 35.02194056 ], [ 135.91733223, 35.02187805 ], [ 135.91740278, 35.02182417 ], [ 135.9176575, 35.02176389 ], [ 135.91765166, 35.02169667 ], [ 135.91764583, 35.02162944 ], [ 135.91726417000001, 35.02158194 ], [ 135.917228060000014, 35.02151111 ], [ 135.9169875, 35.02036666 ], [ 135.91701222, 35.0203225 ], [ 135.91719805, 35.02030194 ], [ 135.91723167, 35.02028083 ], [ 135.91723167, 35.02019222 ], [ 135.91706972, 35.01986111 ], [ 135.91694, 35.01963111 ], [ 135.91681139, 35.01948611 ], [ 135.91653306, 35.01927305 ], [ 135.91634584, 35.01921361 ], [ 135.91549612, 35.01862667 ], [ 135.91522556000001, 35.01838916 ], [ 135.91495194, 35.01782695 ], [ 135.91445112, 35.01705611 ], [ 135.91447639, 35.017005 ], [ 135.91450778, 35.01683862 ], [ 135.91453916, 35.01667194 ], [ 135.91461417, 35.01659778 ], [ 135.91466723, 35.01657778 ], [ 135.914874450000013, 35.01660166 ], [ 135.914970829999987, 35.01658167 ], [ 135.915043340000011, 35.01654222 ], [ 135.91530333, 35.01643917 ], [ 135.915899450000012, 35.01633972 ], [ 135.91636667, 35.01624888 ], [ 135.916820550000011, 35.01610972 ], [ 135.91701834, 35.01605444 ], [ 135.917364170000013, 35.01595166 ], [ 135.91748583, 35.01595528 ], [ 135.917558609999986, 35.01599694 ], [ 135.91765028, 35.01608806 ], [ 135.91777056, 35.01601278 ], [ 135.91806472, 35.01587 ], [ 135.91833528, 35.01575861 ], [ 135.91854583, 35.01563 ], [ 135.91862389, 35.01556027 ], [ 135.91869194, 35.01542583 ], [ 135.918789159999989, 35.01511472 ], [ 135.91883667, 35.01503639 ], [ 135.91890389, 35.01499694 ], [ 135.91909917000001, 35.01497639 ], [ 135.919222780000013, 35.01458472 ], [ 135.91934611, 35.01419278 ], [ 135.91915945, 35.01414166 ], [ 135.91909333000001, 35.01409777 ], [ 135.91905584, 35.01403278 ], [ 135.91903528, 35.01395444 ], [ 135.91904778, 35.01391028 ], [ 135.91914305, 35.01384889 ], [ 135.91924472, 35.01372195 ], [ 135.91936333000001, 35.01344139 ], [ 135.919435279999988, 35.01320305 ], [ 135.919605280000013, 35.01294444 ], [ 135.919801119999988, 35.01255778 ], [ 135.91996584, 35.01219695 ], [ 135.920088889999988, 35.01195667 ], [ 135.920414169999987, 35.01132444 ], [ 135.92067028, 35.01082528 ], [ 135.92082444, 35.01051722 ], [ 135.92092778, 35.01024834 ], [ 135.92097945, 35.01013028 ], [ 135.920985550000012, 35.00980778 ], [ 135.92094583, 35.00880445 ], [ 135.92082389, 35.0082875 ], [ 135.920724729999989, 35.00809612 ], [ 135.92047333, 35.00782194 ], [ 135.92038084, 35.00759112 ], [ 135.92003055, 35.00736278 ], [ 135.92005584, 35.00722028 ], [ 135.91989639, 35.00713639 ], [ 135.91973694, 35.00705277 ], [ 135.91966889, 35.00716444 ], [ 135.91931917, 35.00696 ], [ 135.91935028, 35.00676223 ], [ 135.91885222, 35.00647028 ], [ 135.918502499999988, 35.00621472 ], [ 135.91835056, 35.00592583 ], [ 135.91827278, 35.0056575 ], [ 135.91822611, 35.00549778 ], [ 135.91821055, 35.00540861 ], [ 135.91810111, 35.00471 ], [ 135.91807277, 35.00460444 ], [ 135.91805, 35.00449861 ], [ 135.918015, 35.00438305 ], [ 135.91786194, 35.00413667 ], [ 135.91748917000001, 35.00369611 ], [ 135.91698778, 35.00322833 ], [ 135.91669528, 35.0030575 ], [ 135.91640084, 35.00281084 ], [ 135.916102779999989, 35.00248027 ], [ 135.91584694, 35.00210472 ], [ 135.915494450000011, 35.00165416 ], [ 135.91529972, 35.00150389 ], [ 135.91516611, 35.00146472 ], [ 135.91496027, 35.00145306 ], [ 135.91475445, 35.00144556 ], [ 135.91469278, 35.00144472 ], [ 135.91458612, 35.00144083 ], [ 135.91451555, 35.00159223 ], [ 135.91442666, 35.00173889 ], [ 135.91437195, 35.00178945 ], [ 135.91430333, 35.00182889 ], [ 135.91405027, 35.00183472 ], [ 135.913715, 35.00178945 ], [ 135.91356445, 35.00176139 ], [ 135.91324972000001, 35.00178945 ], [ 135.91287361, 35.00180639 ], [ 135.91265472, 35.00177833 ], [ 135.912545279999989, 35.00174445 ], [ 135.91239472, 35.00168805 ], [ 135.911888330000011, 35.001395 ], [ 135.911559720000014, 35.001395 ], [ 135.91122445, 35.00145139 ], [ 135.910848609999988, 35.00150223 ], [ 135.91073222, 35.00153583 ], [ 135.91062277, 35.00154723 ], [ 135.91056805, 35.00154166 ], [ 135.91049944, 35.00151333 ], [ 135.91048583, 35.00149639 ], [ 135.91013833, 35.00133139 ], [ 135.90975583, 35.00114972 ], [ 135.9096875, 35.00110472 ], [ 135.90963972, 35.00102028 ], [ 135.90961223, 35.00086223 ], [ 135.90959167, 35.00081166 ], [ 135.90944805, 35.0006425 ], [ 135.90909889, 35.00033277 ], [ 135.908975840000011, 35.00018055 ], [ 135.90881167, 34.99991583 ], [ 135.90875, 34.99976916 ], [ 135.90875, 34.99965084 ], [ 135.90876361, 34.99963389 ], [ 135.90970945, 34.99921083 ], [ 135.909615550000012, 34.99900806 ], [ 135.90958361, 34.99899055 ], [ 135.90952027, 34.99899055 ], [ 135.90941973, 34.99902111 ], [ 135.90884306, 34.99928222 ], [ 135.90878722, 34.99926888 ], [ 135.90869167, 34.99922945 ], [ 135.9085275, 34.9992575 ], [ 135.90839084000001, 34.99930833 ], [ 135.9082675, 34.99938722 ], [ 135.908165, 34.99943805 ], [ 135.908041669999989, 34.99943805 ], [ 135.907863889999987, 34.99937612 ], [ 135.90776111, 34.99932528 ], [ 135.90772694, 34.99925195 ], [ 135.90755583, 34.99904916 ], [ 135.90757639, 34.99893084 ], [ 135.90759695, 34.99889139 ], [ 135.907542220000011, 34.99869972 ], [ 135.90742583, 34.99848 ], [ 135.90731639, 34.99835028 ], [ 135.907268609999988, 34.99829944 ], [ 135.907200280000012, 34.9981925 ], [ 135.907131670000012, 34.99810222 ], [ 135.906995, 34.99785417 ], [ 135.90698805, 34.99782055 ], [ 135.90684445, 34.99757806 ], [ 135.90672111, 34.99744278 ], [ 135.90672111, 34.99737 ], [ 135.90685111, 34.99698111 ], [ 135.906865, 34.99684 ], [ 135.90692639, 34.99671055 ], [ 135.90706334, 34.99651333 ], [ 135.90731639, 34.99632167 ], [ 135.90755583, 34.9961975 ], [ 135.908021389999988, 34.99613 ], [ 135.90838389000001, 34.99613 ], [ 135.90849333, 34.99615805 ], [ 135.9086575, 34.99616389 ], [ 135.90873277, 34.9961525 ], [ 135.908978889999986, 34.99606805 ], [ 135.9091775, 34.99606222 ], [ 135.90924583, 34.99607361 ], [ 135.90941, 34.99609055 ], [ 135.90962861, 34.99602361 ], [ 135.909666109999989, 34.99550945 ], [ 135.90962861, 34.9954625 ], [ 135.9096275, 34.99536278 ], [ 135.90962639, 34.99525306 ], [ 135.90967111, 34.99519694 ], [ 135.909645829999988, 34.99462083 ], [ 135.90962083, 34.99414916 ], [ 135.909608889999987, 34.99405167 ], [ 135.909615839999987, 34.99400028 ], [ 135.90970139, 34.99400833 ], [ 135.90976722, 34.99401333 ], [ 135.909764450000011, 34.99396139 ], [ 135.909760549999987, 34.99388611 ], [ 135.90968138, 34.99388361 ], [ 135.909601939999988, 34.99388028 ], [ 135.90958694, 34.99378722 ], [ 135.909579439999987, 34.99373694 ], [ 135.90958333, 34.99368778 ], [ 135.90970388, 34.99367222 ], [ 135.90975389, 34.99366556 ], [ 135.90973528, 34.99354195 ], [ 135.909716949999989, 34.99341945 ], [ 135.90965083, 34.99341695 ], [ 135.90958694, 34.99339222 ], [ 135.90956417000001, 34.99329889 ], [ 135.90937166, 34.99189722 ], [ 135.90915389, 34.99028278 ], [ 135.908930840000011, 34.98853556 ], [ 135.90872112, 34.98703583 ], [ 135.90868777, 34.98681195 ], [ 135.90870666, 34.98676084 ], [ 135.908693050000011, 34.98667472 ], [ 135.90867583, 34.98656806 ], [ 135.90865444, 34.98641472 ], [ 135.90842389, 34.98489778 ], [ 135.90819805000001, 34.98311333 ], [ 135.908207229999988, 34.98308112 ], [ 135.90819805000001, 34.98297833 ], [ 135.90817972, 34.98277445 ], [ 135.90812528, 34.9826175 ], [ 135.90803445, 34.98229723 ], [ 135.90800722, 34.98215778 ], [ 135.90774972, 34.98129222 ], [ 135.90773166, 34.9811875 ], [ 135.90771333, 34.98105806 ], [ 135.90767528, 34.9809125 ], [ 135.907652500000012, 34.980755 ], [ 135.90755722, 34.98049944 ], [ 135.90749889, 34.98034417 ], [ 135.906339440000011, 34.98030612 ], [ 135.905003889999989, 34.98023862 ], [ 135.904856669999987, 34.98080111 ], [ 135.90482112, 34.98098277 ], [ 135.90460305, 34.98175861 ], [ 135.90450861, 34.98189417 ], [ 135.90444972, 34.98192333 ], [ 135.90430833, 34.98192306 ], [ 135.90389584, 34.98188444 ], [ 135.903885, 34.98196056 ], [ 135.903788889999987, 34.98262916 ], [ 135.903720560000011, 34.98303389 ], [ 135.90363277, 34.98333695 ], [ 135.90348972000001, 34.98358806 ], [ 135.90329, 34.98387584 ], [ 135.90305361, 34.98412666 ], [ 135.902634440000014, 34.98449167 ], [ 135.90029278, 34.9861425 ], [ 135.89855139, 34.98734778 ], [ 135.89779417, 34.98861056 ], [ 135.89756861, 34.98898194 ], [ 135.897025, 34.98987667 ], [ 135.896621939999989, 34.98972861 ], [ 135.89524028, 34.99204194 ], [ 135.89525389, 34.99282222 ], [ 135.89516445000001, 34.99381306 ], [ 135.895114729999989, 34.99442028 ], [ 135.8949675, 34.99441695 ], [ 135.894975280000011, 34.99457639 ], [ 135.89511528, 34.9945875 ], [ 135.89520528, 34.99461694 ], [ 135.89530111, 34.9946325 ], [ 135.895443340000014, 34.99464389 ], [ 135.89557195, 34.99461 ], [ 135.89581555, 34.9944975 ], [ 135.89596222, 34.99446361 ], [ 135.89612888, 34.99447278 ], [ 135.89625639, 34.99451889 ], [ 135.896327500000012, 34.99457305 ], [ 135.89637389, 34.99461805 ], [ 135.89641445, 34.99471306 ], [ 135.89642833, 34.99476944 ], [ 135.896435, 34.99503417 ], [ 135.89638722, 34.9951975 ], [ 135.89631888, 34.99534945 ], [ 135.89620917, 34.99550722 ], [ 135.89606222, 34.9956425 ], [ 135.89586861, 34.99574528 ], [ 135.8956425, 34.99581111 ], [ 135.8953875, 34.99586223 ], [ 135.895014440000011, 34.99590723 ], [ 135.89500555, 34.99615889 ], [ 135.894978329999986, 34.9963375 ], [ 135.89479361, 34.99681195 ], [ 135.89476667, 34.99701305 ], [ 135.894782780000014, 34.99721862 ], [ 135.89483166, 34.99733916 ], [ 135.89492945, 34.99741056 ], [ 135.89502722, 34.99743306 ], [ 135.89520638, 34.99743306 ], [ 135.89599916, 34.99737055 ], [ 135.896015549999987, 34.99751778 ], [ 135.89605139, 34.99787833 ], [ 135.89604889, 34.99791611 ], [ 135.89598695, 34.9979425 ], [ 135.895856939999987, 34.99800333 ], [ 135.89557972, 34.9980925 ], [ 135.89530444, 34.99816222 ], [ 135.89506472, 34.99823555 ], [ 135.89482528, 34.99833694 ], [ 135.89462695, 34.99845527 ], [ 135.89445584, 34.99859611 ], [ 135.89427805, 34.99877639 ], [ 135.89344334, 34.99975138 ], [ 135.89319028, 35.00008972 ], [ 135.89299861, 35.00038278 ], [ 135.89288222, 35.00060222 ], [ 135.89278667, 35.00084472 ], [ 135.89268389, 35.00128973 ], [ 135.892704720000012, 35.00153556 ], [ 135.892736109999987, 35.0018575 ], [ 135.89278528, 35.00199944 ], [ 135.892936670000012, 35.00234 ], [ 135.893025279999989, 35.00271944 ], [ 135.89300194, 35.00290944 ], [ 135.89299584, 35.00315277 ], [ 135.89298833, 35.00322805 ], [ 135.89299584, 35.00339222 ], [ 135.892959170000012, 35.00357611 ], [ 135.8928625, 35.00411361 ], [ 135.89276166, 35.00413639 ], [ 135.89257389, 35.00462834 ], [ 135.892377219999986, 35.00492194 ], [ 135.89204944, 35.00523306 ], [ 135.89177472, 35.00536472 ], [ 135.89156417, 35.00541 ], [ 135.89131723, 35.00540611 ], [ 135.891055560000012, 35.00529499 ], [ 135.890860550000014, 35.00512611 ], [ 135.89059, 35.00483222 ], [ 135.890261939999988, 35.00495389 ], [ 135.890105, 35.00501556 ], [ 135.890185550000012, 35.0053825 ], [ 135.89018528, 35.00567528 ], [ 135.89015973, 35.00576667 ], [ 135.89009139, 35.00580166 ], [ 135.889382500000011, 35.00582278 ], [ 135.88882139, 35.005865 ], [ 135.887298890000011, 35.00602695 ], [ 135.88590555, 35.00618889 ], [ 135.885734719999988, 35.00621 ], [ 135.885675, 35.00614667 ], [ 135.88562639, 35.00615889 ], [ 135.885563889999986, 35.00617472 ], [ 135.8855125, 35.00621695 ], [ 135.88460583, 35.00644944 ], [ 135.88404083, 35.00658333 ], [ 135.883476949999988, 35.00666056 ], [ 135.88325416, 35.00663944 ], [ 135.88315167, 35.00654111 ], [ 135.88308305000001, 35.00642195 ], [ 135.883042499999988, 35.00642861 ], [ 135.88298917, 35.00643583 ], [ 135.88297139, 35.00652361 ], [ 135.882955, 35.00660444 ], [ 135.88287806, 35.00664666 ], [ 135.88276694000001, 35.00667472 ], [ 135.88224917, 35.00670278 ], [ 135.88173666, 35.00670278 ], [ 135.88097556, 35.00680834 ], [ 135.88059944, 35.00685056 ], [ 135.88049694, 35.00681556 ], [ 135.88045417, 35.00675222 ], [ 135.880395, 35.00675889 ], [ 135.88032611, 35.00676611 ], [ 135.880294170000013, 35.00685472 ], [ 135.88023055, 35.00691028 ], [ 135.880130830000013, 35.00696306 ], [ 135.87965083, 35.00703528 ], [ 135.87903166000001, 35.00711083 ], [ 135.87849972, 35.00718305 ], [ 135.87832389, 35.00720611 ], [ 135.8780925, 35.00725222 ], [ 135.877776110000013, 35.00734611 ], [ 135.87750861, 35.00744778 ], [ 135.877250839999988, 35.00757472 ], [ 135.87694722, 35.00772416 ], [ 135.87667972, 35.00784555 ], [ 135.87646361, 35.00792583 ], [ 135.87626222, 35.00796389 ], [ 135.875898330000012, 35.00798362 ], [ 135.87561084, 35.00796056 ], [ 135.875338879999987, 35.007885 ], [ 135.875151390000013, 35.00779639 ], [ 135.87494361, 35.00769444 ], [ 135.87482305, 35.00773055 ], [ 135.874523610000011, 35.00746472 ], [ 135.874347770000014, 35.00756 ], [ 135.87409639, 35.00769778 ], [ 135.87415639, 35.00777667 ], [ 135.874080279999987, 35.0078225 ], [ 135.87406445, 35.00784889 ], [ 135.874108330000013, 35.00793417 ], [ 135.874196110000014, 35.00789806 ], [ 135.87439444, 35.00816805 ], [ 135.874182780000012, 35.00828889 ], [ 135.87411805, 35.00823083 ], [ 135.87371084, 35.00845028 ], [ 135.873417780000011, 35.00807139 ], [ 135.873215, 35.00817611 ], [ 135.87316472, 35.00820194 ], [ 135.873411659999988, 35.00849778 ], [ 135.873364720000012, 35.00863806 ], [ 135.87223556, 35.00923277 ], [ 135.87215278, 35.00921 ], [ 135.87187473, 35.00899723 ], [ 135.87178889, 35.00901278 ], [ 135.871913049999989, 35.00935806 ], [ 135.87009722, 35.01035694 ], [ 135.8698125, 35.01051333 ], [ 135.86992167, 35.01067278 ], [ 135.869532779999986, 35.01088055 ], [ 135.86941306, 35.01073556 ], [ 135.86697834, 35.01207833 ], [ 135.86674778, 35.01244111 ], [ 135.86653777, 35.01283361 ], [ 135.86628944, 35.01323417 ], [ 135.86557334, 35.01365 ], [ 135.86533473, 35.01367361 ], [ 135.86509612, 35.01369722 ], [ 135.8644375, 35.01376778 ], [ 135.86425416, 35.01378889 ], [ 135.86374167, 35.01384806 ], [ 135.86354111, 35.01386389 ], [ 135.86337889, 35.01387945 ], [ 135.86281556, 35.01465222 ], [ 135.862603330000013, 35.01488278 ], [ 135.86239139, 35.01511334 ], [ 135.86198944, 35.01557056 ], [ 135.86186834, 35.01584444 ], [ 135.86174695, 35.01611861 ], [ 135.861686389999988, 35.01629305 ], [ 135.86151972, 35.01619334 ], [ 135.861459169999989, 35.016355 ], [ 135.8612925, 35.0163925 ], [ 135.861343330000011, 35.01668389 ], [ 135.86190222, 35.0203275 ], [ 135.861948610000013, 35.02040417 ], [ 135.862034169999987, 35.02068527 ], [ 135.86210417, 35.02076194 ], [ 135.86225944, 35.02086389 ], [ 135.862531389999987, 35.02099806 ], [ 135.862966379999989, 35.02108111 ], [ 135.86313722, 35.02115139 ], [ 135.86320722, 35.02120889 ], [ 135.863285, 35.02129833 ], [ 135.86329222, 35.02141333 ], [ 135.863245830000011, 35.02150917 ], [ 135.86318333, 35.02156388 ], [ 135.863249169999989, 35.02160472 ], [ 135.86334306, 35.02170611 ], [ 135.8633725, 35.02177917 ], [ 135.86338722, 35.02185194 ], [ 135.86337194, 35.02195028 ], [ 135.863300829999986, 35.02208973 ], [ 135.86328556, 35.02224195 ], [ 135.863300829999986, 35.02236083 ], [ 135.86332861, 35.02248778 ], [ 135.86332861, 35.02255334 ], [ 135.86332112, 35.02284 ], [ 135.86332112, 35.0230175 ], [ 135.86337666, 35.02321306 ], [ 135.86342611, 35.02335777 ], [ 135.863425830000011, 35.02344028 ], [ 135.86430611, 35.02414166 ], [ 135.865305, 35.02496278 ], [ 135.865821110000013, 35.02578416 ], [ 135.866043889999986, 35.0257425 ], [ 135.866120560000013, 35.02575639 ], [ 135.866396110000011, 35.02604917 ], [ 135.86660917, 35.02607889 ], [ 135.86676805, 35.02607139 ], [ 135.86702083, 35.02602945 ], [ 135.86710445, 35.02604306 ], [ 135.86778945, 35.02613473 ], [ 135.867846109999988, 35.02610722 ], [ 135.86789639, 35.02609806 ], [ 135.86800861, 35.02610027 ], [ 135.868402769999989, 35.02610722 ], [ 135.868402769999989, 35.02602945 ], [ 135.868725829999988, 35.02603861 ], [ 135.86872028, 35.02610278 ], [ 135.86882555, 35.02610861 ], [ 135.869400829999989, 35.02614278 ], [ 135.86961917, 35.02617361 ], [ 135.869761939999989, 35.02624777 ], [ 135.869835, 35.02631056 ], [ 135.86989195000001, 35.02639889 ], [ 135.86993639, 35.0264925 ], [ 135.86993639, 35.02660166 ], [ 135.869898330000012, 35.02672639 ], [ 135.86984139, 35.02682 ], [ 135.86947472, 35.02710083 ], [ 135.86932139000001, 35.02719361 ], [ 135.86918861, 35.02733917 ], [ 135.869043330000011, 35.02748473 ], [ 135.86883472, 35.02770305 ], [ 135.86842861, 35.02822972 ], [ 135.867960829999987, 35.02893667 ], [ 135.86764305, 35.02946861 ], [ 135.86756528, 35.02963111 ], [ 135.86755555, 35.02971084 ], [ 135.86756889, 35.02986389 ], [ 135.867627230000011, 35.029965 ], [ 135.86773445, 35.03009305 ], [ 135.86789, 35.03021556 ], [ 135.86810472, 35.03032834 ], [ 135.868231110000011, 35.03037083 ], [ 135.86846111, 35.03041083 ], [ 135.86863944000001, 35.03045083 ], [ 135.86878861, 35.03053084 ], [ 135.86883389, 35.03059472 ], [ 135.86887611, 35.03066222 ], [ 135.86888278, 35.03082194 ], [ 135.86884695, 35.03088861 ], [ 135.868798340000012, 35.03094195 ], [ 135.868678609999989, 35.03101278 ], [ 135.86870389, 35.03108083 ], [ 135.8686975, 35.03111555 ], [ 135.86865862, 35.03123 ], [ 135.86862611, 35.03127555 ], [ 135.86855194, 35.03133583 ], [ 135.868479720000011, 35.03142556 ], [ 135.86842805, 35.03149028 ], [ 135.86839584, 35.03154695 ], [ 135.868227499999989, 35.03167834 ], [ 135.86777306, 35.03206694 ], [ 135.86764445, 35.03221028 ], [ 135.86756639, 35.03235389 ], [ 135.86754305, 35.03246945 ], [ 135.867470559999987, 35.03262666 ], [ 135.86750222, 35.03291 ], [ 135.86760834, 35.03341306 ], [ 135.867600829999986, 35.03376722 ], [ 135.867516669999986, 35.03419528 ], [ 135.86765445, 35.03459778 ], [ 135.86760861, 35.03512834 ], [ 135.86753972, 35.03555 ], [ 135.867600829999986, 35.03568833 ], [ 135.86791528, 35.03603639 ], [ 135.86813694, 35.03635056 ], [ 135.868772220000011, 35.03672194 ], [ 135.86934778, 35.03702584 ], [ 135.86915639, 35.037265 ], [ 135.86930167, 35.03735305 ], [ 135.86910278, 35.03758583 ], [ 135.86877361, 35.037435 ], [ 135.86805333, 35.03833583 ], [ 135.86795694, 35.03850278 ], [ 135.867754170000012, 35.03909306 ], [ 135.86761639, 35.0396675 ], [ 135.86761639, 35.03994055 ], [ 135.86761639, 35.04008278 ], [ 135.86765889, 35.04040139 ], [ 135.8678175, 35.04079389 ], [ 135.86793083, 35.04109139 ], [ 135.86804805, 35.04137834 ], [ 135.868214169999987, 35.04182528 ], [ 135.86838305, 35.042405 ], [ 135.86844667, 35.04268084 ], [ 135.86850056, 35.04289639 ], [ 135.86858805, 35.04313667 ], [ 135.868711389999987, 35.04334611 ], [ 135.86886528, 35.04361944 ], [ 135.868954730000013, 35.04376944 ], [ 135.869077229999988, 35.04393222 ], [ 135.869162499999987, 35.04399916 ], [ 135.86938111, 35.04415611 ], [ 135.869559720000012, 35.04423583 ], [ 135.86969055, 35.0443125 ], [ 135.86991917, 35.04442389 ], [ 135.87011555, 35.04449556 ], [ 135.87020361, 35.04451194 ], [ 135.87034639, 35.04450861 ], [ 135.87057861, 35.04445805 ], [ 135.87068556, 35.044445 ], [ 135.870761109999989, 35.04444666 ], [ 135.87085306, 35.04448111 ], [ 135.87126084, 35.04474139 ], [ 135.87144167, 35.04483 ], [ 135.871611949999988, 35.04487583 ], [ 135.87175111, 35.04488167 ], [ 135.87192862, 35.04486167 ], [ 135.87210722, 35.04480889 ], [ 135.872151949999989, 35.04479028 ], [ 135.87225833, 35.04476556 ], [ 135.87231194, 35.04474694 ], [ 135.87238083, 35.04465306 ], [ 135.87240473, 35.04463333 ], [ 135.87244694, 35.04463194 ], [ 135.872759159999987, 35.04477777 ], [ 135.87288723, 35.04486583 ], [ 135.87309083, 35.04517945 ], [ 135.87317889, 35.04536333 ], [ 135.873266660000013, 35.04547361 ], [ 135.87334361, 35.04552778 ], [ 135.8737025, 35.04560666 ], [ 135.87399722, 35.04570972 ], [ 135.87418861, 35.0458125 ], [ 135.87440222, 35.04605472 ], [ 135.87452, 35.04624861 ], [ 135.874612219999989, 35.04669528 ], [ 135.87467694, 35.04707083 ], [ 135.87487306, 35.04719083 ], [ 135.87494361, 35.04728834 ], [ 135.874980279999988, 35.04740917 ], [ 135.87506861, 35.04752611 ], [ 135.875061390000013, 35.04781667 ], [ 135.87493611, 35.04781083 ], [ 135.87490666, 35.04826472 ], [ 135.87491, 35.04854444 ], [ 135.87489528, 35.04871388 ], [ 135.87479944, 35.04890167 ], [ 135.874766380000011, 35.04903 ], [ 135.87472944000001, 35.04925389 ], [ 135.87466333, 35.04938722 ], [ 135.87462639, 35.04986639 ], [ 135.87457584, 35.05043833 ], [ 135.874199159999989, 35.05087944 ], [ 135.87457555, 35.05167777 ], [ 135.874954730000013, 35.05247362 ], [ 135.87507055, 35.05243889 ], [ 135.875257229999988, 35.05272639 ], [ 135.87530861, 35.05274444 ], [ 135.875352779999986, 35.05279305 ], [ 135.87541195, 35.05298056 ], [ 135.875469720000012, 35.05314528 ], [ 135.87557417, 35.05335111 ], [ 135.87581278, 35.05373945 ], [ 135.87590361, 35.0539375 ], [ 135.87614083, 35.0541025 ], [ 135.8764325, 35.05436083 ], [ 135.87655167, 35.05448806 ], [ 135.87686, 35.05453528 ], [ 135.8771725, 35.05462278 ], [ 135.87733806, 35.05466556 ], [ 135.87748972, 35.05466166 ], [ 135.877564439999986, 35.05464778 ], [ 135.87774083, 35.05459889 ], [ 135.877856939999987, 35.05459889 ], [ 135.87807111, 35.05463083 ], [ 135.87818028, 35.05462139 ], [ 135.87831583, 35.05460278 ], [ 135.878581950000012, 35.05454167 ], [ 135.87879694, 35.05450583 ], [ 135.87891, 35.05449806 ], [ 135.87904056, 35.05450334 ], [ 135.87912750000001, 35.05453361 ], [ 135.87921584, 35.05460222 ], [ 135.879282499999988, 35.05469666 ], [ 135.87929555, 35.054755 ], [ 135.8792925, 35.05484333 ], [ 135.879244449999987, 35.05498584 ], [ 135.87915111, 35.05509444 ], [ 135.87906278, 35.05521416 ], [ 135.87891833, 35.05542194 ], [ 135.87883334, 35.05550722 ], [ 135.87874334, 35.05559528 ], [ 135.878714159999987, 35.05564333 ], [ 135.878708890000013, 35.05571111 ], [ 135.878714159999987, 35.05581306 ], [ 135.87872445, 35.05589778 ], [ 135.878801939999988, 35.05605583 ], [ 135.87887944, 35.05621278 ], [ 135.878884449999987, 35.056285 ], [ 135.87886889, 35.05637834 ], [ 135.87880055, 35.05650666 ], [ 135.878744719999986, 35.05654473 ], [ 135.878584170000011, 35.05661056 ], [ 135.87855889, 35.05662972 ], [ 135.87856223, 35.05674222 ], [ 135.87810833, 35.05699611 ], [ 135.878078890000012, 35.05703278 ], [ 135.87806222, 35.05708389 ], [ 135.87813333, 35.05737805 ], [ 135.87824, 35.05776722 ], [ 135.87828778, 35.05773805 ], [ 135.8784875, 35.05789 ], [ 135.87862583, 35.05796972 ], [ 135.87882722, 35.05804334 ], [ 135.878989170000011, 35.05810583 ], [ 135.87926833, 35.05818722 ], [ 135.87936111, 35.05824 ], [ 135.87943472, 35.05831055 ], [ 135.879486390000011, 35.05839639 ], [ 135.87951639, 35.05844584 ], [ 135.87952777000001, 35.05852361 ], [ 135.87951222, 35.05859417 ], [ 135.87941278, 35.05879444 ], [ 135.87937611000001, 35.05886639 ], [ 135.879356949999988, 35.05897472 ], [ 135.879352219999987, 35.05906389 ], [ 135.87941917, 35.05930139 ], [ 135.879460560000012, 35.05937778 ], [ 135.87957916, 35.05947111 ], [ 135.879615, 35.05954277 ], [ 135.879649449999988, 35.05964527 ], [ 135.87970084, 35.05978889 ], [ 135.87970084, 35.06000028 ], [ 135.879681659999989, 35.06019556 ], [ 135.87937972, 35.06032778 ], [ 135.87933472, 35.0605325 ], [ 135.87930889, 35.06079639 ], [ 135.87930889, 35.06093361 ], [ 135.87931556, 35.06112917 ], [ 135.87937972, 35.06134667 ], [ 135.87952167, 35.06163306 ], [ 135.8795925, 35.0617175 ], [ 135.87968222, 35.06181778 ], [ 135.87972722, 35.06191805 ], [ 135.87974667, 35.06202389 ], [ 135.87973417, 35.06209861 ], [ 135.879891390000012, 35.06238972 ], [ 135.880092780000012, 35.06265833 ], [ 135.88016722, 35.06275 ], [ 135.880318609999989, 35.0628975 ], [ 135.880411110000011, 35.06290389 ], [ 135.88102584, 35.06260666 ], [ 135.88123611, 35.06291444 ], [ 135.881211939999986, 35.06298778 ], [ 135.881160279999989, 35.06310805 ], [ 135.88130528, 35.06309861 ], [ 135.88140583, 35.06310195 ], [ 135.88152416, 35.06317083 ], [ 135.88162334, 35.06327306 ], [ 135.88166805, 35.06336277 ], [ 135.88165417, 35.06345195 ], [ 135.881607229999986, 35.06355639 ], [ 135.881514720000013, 35.06372417 ], [ 135.88146056, 35.06372083 ], [ 135.881106390000014, 35.06407139 ], [ 135.8810575, 35.06412 ], [ 135.88112222, 35.06419527 ], [ 135.88122861, 35.06410166 ], [ 135.88150861, 35.06385194 ], [ 135.8817325, 35.06403612 ], [ 135.88192111, 35.064175 ], [ 135.882296669999988, 35.064425 ], [ 135.88274223, 35.06465972 ], [ 135.88294112, 35.06477944 ], [ 135.883281110000013, 35.06500667 ], [ 135.88351917, 35.06516417 ], [ 135.883625560000013, 35.06521973 ], [ 135.88372862, 35.06524306 ], [ 135.88382194, 35.06526277 ], [ 135.88409139, 35.06510445 ], [ 135.88416666, 35.0650725 ], [ 135.88424111, 35.06505916 ], [ 135.884307220000011, 35.06507389 ], [ 135.884419439999988, 35.06515194 ], [ 135.88446861, 35.06518778 ], [ 135.88450778, 35.06524334 ], [ 135.88447417, 35.06527 ], [ 135.88469889000001, 35.06568944 ], [ 135.88494945, 35.06590056 ], [ 135.885018050000014, 35.06594416 ], [ 135.88509083, 35.06597194 ], [ 135.88525028, 35.06600222 ], [ 135.88576361, 35.06602694 ], [ 135.886006110000011, 35.06595889 ], [ 135.88625556, 35.06587945 ], [ 135.88688973, 35.06565055 ], [ 135.8869975, 35.06554028 ], [ 135.887079730000011, 35.06548084 ], [ 135.88715667, 35.06544473 ], [ 135.88735028, 35.06541027 ], [ 135.88744334, 35.06537972 ], [ 135.88749417, 35.06534889 ], [ 135.88761194, 35.06524278 ], [ 135.88768084, 35.065195 ], [ 135.8877575, 35.06516056 ], [ 135.88785306, 35.06516333 ], [ 135.88793917000001, 35.06518583 ], [ 135.88799916, 35.06521139 ], [ 135.88806111, 35.06528055 ], [ 135.88808278, 35.0653325 ], [ 135.88809056, 35.06541027 ], [ 135.88807861, 35.06548861 ], [ 135.887958340000012, 35.06573583 ], [ 135.88778944, 35.06589028 ], [ 135.88764167, 35.06599583 ], [ 135.88743612, 35.06612833 ], [ 135.8873025, 35.06624945 ], [ 135.88722417, 35.06638195 ], [ 135.88715528, 35.06646389 ], [ 135.887027780000011, 35.06657055 ], [ 135.88698917, 35.066625 ], [ 135.88697861, 35.06669639 ], [ 135.886990559999987, 35.06686917 ], [ 135.88707445, 35.06736306 ], [ 135.8871475, 35.06782472 ], [ 135.88715195, 35.06801917 ], [ 135.88712, 35.06817306 ], [ 135.887110830000012, 35.06827444 ], [ 135.88715667, 35.06837222 ], [ 135.8873, 35.06853139 ], [ 135.887385, 35.06864861 ], [ 135.88744, 35.06875055 ], [ 135.88749583, 35.06883389 ], [ 135.887567499999989, 35.06890166 ], [ 135.88773945, 35.06898167 ], [ 135.88779139, 35.06901361 ], [ 135.88790194, 35.06911722 ], [ 135.887976939999987, 35.06920583 ], [ 135.88802694, 35.06931472 ], [ 135.88805389, 35.06939528 ], [ 135.888089439999987, 35.06944805 ], [ 135.888169440000013, 35.06954139 ], [ 135.88839389, 35.06971361 ], [ 135.888460830000014, 35.06971166 ], [ 135.888705280000011, 35.06998 ], [ 135.88875722, 35.07002973 ], [ 135.88883056, 35.07009694 ], [ 135.88884834000001, 35.07017694 ], [ 135.888844440000014, 35.07024667 ], [ 135.88878861, 35.07040334 ], [ 135.888763610000012, 35.0705375 ], [ 135.88875556, 35.07063083 ], [ 135.888769169999989, 35.07071889 ], [ 135.88883555000001, 35.07085528 ], [ 135.88888777, 35.07093361 ], [ 135.888923330000011, 35.07100333 ], [ 135.88893667, 35.07106417 ], [ 135.888932219999987, 35.07128055 ], [ 135.88893945, 35.07137694 ], [ 135.88896667, 35.07145306 ], [ 135.8890125, 35.07152028 ], [ 135.88910389, 35.07158389 ], [ 135.88927666, 35.07162306 ], [ 135.88950195000001, 35.07165861 ], [ 135.88993861, 35.07167028 ], [ 135.89005111, 35.07165195 ], [ 135.89051944, 35.07166 ], [ 135.890541109999987, 35.0716375 ], [ 135.89071138, 35.0716375 ], [ 135.89074667, 35.071885 ], [ 135.89089639, 35.07322666 ], [ 135.89082528, 35.07333167 ], [ 135.89007639, 35.0739125 ], [ 135.889780550000012, 35.07419084 ], [ 135.888906389999988, 35.0742325 ], [ 135.88886306, 35.0742325 ], [ 135.88877861, 35.07422639 ], [ 135.88872278, 35.07423889 ], [ 135.888627219999989, 35.07429722 ], [ 135.888558890000013, 35.07435111 ], [ 135.888494720000011, 35.07438583 ], [ 135.88839945, 35.07441472 ], [ 135.888273880000014, 35.07443834 ], [ 135.888198609999989, 35.07447055 ], [ 135.888085, 35.07454306 ], [ 135.888034729999987, 35.07453667 ], [ 135.887952219999988, 35.07461861 ], [ 135.887882499999989, 35.07468806 ], [ 135.88791945, 35.07472417 ], [ 135.88782889, 35.07489389 ], [ 135.887764729999986, 35.07502445 ], [ 135.88767055, 35.07520084 ], [ 135.88767361, 35.07522167 ], [ 135.887691389999986, 35.0752475 ], [ 135.887906390000012, 35.07530555 ], [ 135.88821778, 35.07539028 ], [ 135.888469719999989, 35.07545944 ], [ 135.88860028, 35.07552805 ], [ 135.88869917, 35.07561167 ], [ 135.88876166, 35.07573333 ], [ 135.88878111, 35.07583361 ], [ 135.88876278, 35.07588277 ], [ 135.888678340000013, 35.07597083 ], [ 135.88861806, 35.07601944 ], [ 135.88853083, 35.07610305 ], [ 135.888489170000014, 35.07621056 ], [ 135.888486379999989, 35.07628833 ], [ 135.888489170000014, 35.07632027 ], [ 135.88850861, 35.07637055 ], [ 135.88856555000001, 35.07643166 ], [ 135.88863167, 35.07646583 ], [ 135.88874722, 35.07647944 ], [ 135.88884166, 35.07652222 ], [ 135.88893694, 35.07656944 ], [ 135.889001940000014, 35.0765825 ], [ 135.88909361, 35.07657695 ], [ 135.889277779999986, 35.07648334 ], [ 135.88938667, 35.07645055 ], [ 135.88956972, 35.07637944 ], [ 135.889714450000014, 35.07630666 ], [ 135.88991056, 35.07618195 ], [ 135.89005361, 35.07607861 ], [ 135.89018306, 35.07602278 ], [ 135.890305829999988, 35.07598805 ], [ 135.89036305, 35.07598195 ], [ 135.89040639000001, 35.07598999 ], [ 135.890433050000013, 35.07600888 ], [ 135.89047333, 35.07606111 ], [ 135.8904775, 35.0761075 ], [ 135.89043, 35.07617306 ], [ 135.8903125, 35.07626166 ], [ 135.89024139, 35.07631361 ], [ 135.890238610000011, 35.07637333 ], [ 135.89029889, 35.07639111 ], [ 135.89033, 35.07638833 ], [ 135.89036833, 35.07636083 ], [ 135.89050778, 35.07650111 ], [ 135.89007944, 35.07691195 ], [ 135.89029473, 35.07736527 ], [ 135.890202499999987, 35.07743473 ], [ 135.89020277, 35.07749194 ], [ 135.890649450000012, 35.07742945 ], [ 135.89099778, 35.07739138 ], [ 135.891280279999989, 35.07740806 ], [ 135.89133028, 35.07744889 ], [ 135.89150583, 35.07751111 ], [ 135.891665280000012, 35.07756694 ], [ 135.89181334, 35.07759584 ], [ 135.89191639, 35.077635 ], [ 135.89205055, 35.0777375 ], [ 135.89209833000001, 35.07783806 ], [ 135.892098049999987, 35.07790639 ], [ 135.8920575, 35.07801139 ], [ 135.891977770000011, 35.07807583 ], [ 135.89181611, 35.0781425 ], [ 135.891601110000011, 35.07818306 ], [ 135.89135417, 35.07825834 ], [ 135.89115722, 35.07832223 ], [ 135.891025, 35.07843112 ], [ 135.89087222, 35.07855167 ], [ 135.89085222, 35.07875583 ], [ 135.89087583, 35.07880473 ], [ 135.890938049999988, 35.07885695 ], [ 135.89100639, 35.07888361 ], [ 135.891138610000013, 35.07888778 ], [ 135.89121556, 35.0789125 ], [ 135.89129889, 35.07897972 ], [ 135.89131278, 35.07904889 ], [ 135.891288050000014, 35.07910528 ], [ 135.89118889, 35.07918055 ], [ 135.89115666, 35.07922083 ], [ 135.89113416, 35.07926139 ], [ 135.89112805, 35.07934417 ], [ 135.89114583, 35.07942694 ], [ 135.89122028, 35.07959388 ], [ 135.891282499999988, 35.07968388 ], [ 135.891343049999989, 35.07974612 ], [ 135.89155194, 35.07991222 ], [ 135.891701110000014, 35.08004889 ], [ 135.89184778, 35.08009889 ], [ 135.892015, 35.08011556 ], [ 135.89219805, 35.08010806 ], [ 135.892291949999986, 35.08013 ], [ 135.89241084, 35.08019 ], [ 135.89249723, 35.08027084 ], [ 135.892522500000013, 35.08035222 ], [ 135.89253833, 35.08050667 ], [ 135.89257, 35.08060639 ], [ 135.89264111, 35.08071861 ], [ 135.89271833, 35.08080611 ], [ 135.89275389, 35.08087444 ], [ 135.89280111, 35.0809525 ], [ 135.89287, 35.08102833 ], [ 135.89295611, 35.08107917 ], [ 135.89311638, 35.08114139 ], [ 135.89338306, 35.08120361 ], [ 135.89357139, 35.08120222 ], [ 135.89374306, 35.08119333 ], [ 135.89401139, 35.0811475 ], [ 135.894227230000013, 35.08114667 ], [ 135.894326940000013, 35.08115584 ], [ 135.894519730000013, 35.08121695 ], [ 135.89466861, 35.08126222 ], [ 135.894851390000014, 35.08127723 ], [ 135.89508027, 35.08129833 ], [ 135.895164169999987, 35.08133167 ], [ 135.89528361, 35.08141695 ], [ 135.89533695, 35.08148501 ], [ 135.89536056, 35.08155806 ], [ 135.89536, 35.08163111 ], [ 135.89533194, 35.08178861 ], [ 135.895314719999988, 35.08188417 ], [ 135.89531333, 35.08205889 ], [ 135.895299169999987, 35.0822125 ], [ 135.89525666, 35.08231472 ], [ 135.89517167, 35.08243417 ], [ 135.895105840000014, 35.08255861 ], [ 135.89517111, 35.08268056 ], [ 135.89526, 35.08276833 ], [ 135.89532528, 35.08282667 ], [ 135.89542583, 35.08290472 ], [ 135.8955325, 35.08297778 ], [ 135.89563306, 35.08304388 ], [ 135.89576195, 35.08310445 ], [ 135.89594111, 35.08315277 ], [ 135.89644278, 35.0831475 ], [ 135.89670973, 35.08314584 ], [ 135.897272500000014, 35.08308028 ], [ 135.897715, 35.08303889 ], [ 135.89775667, 35.08312111 ], [ 135.89779722, 35.08319833 ], [ 135.897495, 35.08332361 ], [ 135.897410549999989, 35.08337889 ], [ 135.897326670000012, 35.08347973 ], [ 135.89725139, 35.08359695 ], [ 135.89717388, 35.08364055 ], [ 135.89705028, 35.08366583 ], [ 135.896936110000013, 35.08368555 ], [ 135.89682916000001, 35.08371944 ], [ 135.89668445, 35.08377111 ], [ 135.896533049999988, 35.08388112 ], [ 135.896455, 35.08395223 ], [ 135.896410839999987, 35.08404695 ], [ 135.896380560000011, 35.08422111 ], [ 135.896380560000011, 35.08428139 ], [ 135.89640667, 35.08433333 ], [ 135.89653722, 35.08443694 ], [ 135.896670840000013, 35.08455195 ], [ 135.89672278, 35.08462417 ], [ 135.89672945, 35.08469194 ], [ 135.89670695, 35.08475833 ], [ 135.89661056, 35.08484028 ], [ 135.89650556, 35.08490472 ], [ 135.896254449999986, 35.08500806 ], [ 135.89609667, 35.08503611 ], [ 135.895713050000012, 35.08513388 ], [ 135.89555167, 35.08517639 ], [ 135.89536555, 35.08520833 ], [ 135.895212500000014, 35.08526888 ], [ 135.89520805, 35.08530722 ], [ 135.89520805, 35.08560333 ], [ 135.895221389999989, 35.08584111 ], [ 135.89528778, 35.08590944 ], [ 135.895292500000011, 35.08618944 ], [ 135.89522944, 35.08634444 ], [ 135.895098890000014, 35.08655111 ], [ 135.89495111, 35.08676555 ], [ 135.894740829999989, 35.0868775 ], [ 135.89455916, 35.08711639 ], [ 135.89496889, 35.08829111 ], [ 135.895546669999987, 35.08910445 ], [ 135.89595806, 35.08909 ], [ 135.895908889999987, 35.08826888 ], [ 135.89671862, 35.08745333 ], [ 135.89682167, 35.08734611 ], [ 135.89680389, 35.08726694 ], [ 135.89696167, 35.08714861 ], [ 135.89719473, 35.08701334 ], [ 135.897331939999987, 35.08690611 ], [ 135.89740028, 35.0868725 ], [ 135.89746889, 35.08683861 ], [ 135.897558049999986, 35.08684417 ], [ 135.89764028, 35.086895 ], [ 135.89781861, 35.08718806 ], [ 135.89792805, 35.08728944 ], [ 135.89800333, 35.08732306 ], [ 135.89812, 35.08734583 ], [ 135.89825027, 35.08741333 ], [ 135.898318890000013, 35.08748666 ], [ 135.89836695, 35.08763889 ], [ 135.89842861, 35.08771778 ], [ 135.89879194, 35.08794861 ], [ 135.89890861, 35.08809528 ], [ 135.89911417, 35.08842222 ], [ 135.8992375, 35.08853472 ], [ 135.899607769999989, 35.08877695 ], [ 135.899745, 35.08881084 ], [ 135.90000555, 35.08882195 ], [ 135.900115269999986, 35.08881084 ], [ 135.90040306, 35.08881639 ], [ 135.90055389, 35.08885027 ], [ 135.90091722, 35.08900222 ], [ 135.90119834, 35.08899667 ], [ 135.90126695, 35.0890475 ], [ 135.90135611, 35.08920528 ], [ 135.90150694, 35.08962778 ], [ 135.90158222, 35.08976861 ], [ 135.90174694000001, 35.08999416 ], [ 135.90183583000001, 35.09009 ], [ 135.90186333, 35.09014638 ], [ 135.90186333, 35.09021972 ], [ 135.90181528, 35.09033222 ], [ 135.90182916, 35.09042805 ], [ 135.901925, 35.09055222 ], [ 135.90208278, 35.09073806 ], [ 135.90220611, 35.09083944 ], [ 135.902405, 35.09090723 ], [ 135.90264473, 35.09105333 ], [ 135.903076660000011, 35.0912225 ], [ 135.90313833, 35.09127889 ], [ 135.903213889999989, 35.09138583 ], [ 135.90331667, 35.09148167 ], [ 135.90351555, 35.091555 ], [ 135.90367333, 35.09159444 ], [ 135.90410528000001, 35.09158889 ], [ 135.904180559999986, 35.0915775 ], [ 135.90422167, 35.09156056 ], [ 135.9044275, 35.09152667 ], [ 135.90454194, 35.09154055 ], [ 135.905546390000012, 35.09176139 ], [ 135.90578, 35.09185555 ], [ 135.90614722, 35.09214611 ], [ 135.90642917, 35.09246222 ], [ 135.90647028, 35.09255806 ], [ 135.90646361, 35.09265389 ], [ 135.906395, 35.09276083 ], [ 135.90628528, 35.09287361 ], [ 135.90614111, 35.09299777 ], [ 135.906010830000014, 35.09323444 ], [ 135.90599028, 35.09342556 ], [ 135.9059925, 35.09369056 ], [ 135.905949170000014, 35.0937975 ], [ 135.90592195, 35.09386528 ], [ 135.90589444, 35.09395555 ], [ 135.9058875, 35.09414139 ], [ 135.90598361, 35.09453583 ], [ 135.906155, 35.09487972 ], [ 135.90628528, 35.09499806 ], [ 135.90658, 35.09533055 ], [ 135.90677861, 35.09549389 ], [ 135.906977500000011, 35.09560667 ], [ 135.90715695, 35.09567916 ], [ 135.907204439999987, 35.09569778 ], [ 135.90769334, 35.0957725 ], [ 135.908200279999988, 35.09581944 ], [ 135.908437780000014, 35.09586555 ], [ 135.908485829999989, 35.09592194 ], [ 135.90861611, 35.09612472 ], [ 135.908718889999989, 35.09623195 ], [ 135.908725839999988, 35.09627695 ], [ 135.908739450000013, 35.09629389 ], [ 135.90874639, 35.09637833 ], [ 135.90889027, 35.09661527 ], [ 135.90887666, 35.09670527 ], [ 135.90882195, 35.09675611 ], [ 135.90865055, 35.09684056 ], [ 135.908554439999989, 35.09694194 ], [ 135.908485829999989, 35.09705473 ], [ 135.908485829999989, 35.09711666 ], [ 135.90853388, 35.09717305 ], [ 135.90863667, 35.097235 ], [ 135.90882195, 35.09729695 ], [ 135.90897278, 35.09731972 ], [ 135.90928083, 35.09731389 ], [ 135.909534720000011, 35.09728583 ], [ 135.9096825, 35.09731584 ], [ 135.90979417, 35.09734111 ], [ 135.90990083, 35.097365 ], [ 135.90998722, 35.09737583 ], [ 135.910261389999988, 35.09755056 ], [ 135.9103575, 35.09765778 ], [ 135.91036417, 35.09772528 ], [ 135.91028889, 35.09790583 ], [ 135.910281950000012, 35.09804083 ], [ 135.9103025, 35.09833362 ], [ 135.91023389, 35.09859861 ], [ 135.91023389, 35.09873944 ], [ 135.910261389999988, 35.09895361 ], [ 135.91023389, 35.09902695 ], [ 135.910186110000012, 35.099055 ], [ 135.91000083, 35.09906083 ], [ 135.9096375, 35.09899861 ], [ 135.909459160000011, 35.09893111 ], [ 135.90928778, 35.09881833 ], [ 135.90899972, 35.09858722 ], [ 135.908876389999989, 35.09851972 ], [ 135.908424169999989, 35.09843527 ], [ 135.90826639, 35.09837889 ], [ 135.90804028, 35.0983 ], [ 135.90791, 35.09826612 ], [ 135.90765611, 35.09826612 ], [ 135.90716945, 35.09827167 ], [ 135.907073340000011, 35.09826055 ], [ 135.90671695, 35.09824362 ], [ 135.906745, 35.09849834 ], [ 135.90659666, 35.09854334 ], [ 135.9068325, 35.09942028 ], [ 135.90690916, 35.09996834 ], [ 135.90644916, 35.100215 ], [ 135.90613084, 35.10001194 ], [ 135.905948059999986, 35.10012778 ], [ 135.90542334, 35.09990556 ], [ 135.90464667, 35.0993425 ], [ 135.90446139, 35.09939333 ], [ 135.90438611, 35.09944389 ], [ 135.903954160000012, 35.10032834 ], [ 135.90396084, 35.10042417 ], [ 135.90401583, 35.10050306 ], [ 135.90415278, 35.10058778 ], [ 135.904283060000012, 35.10071722 ], [ 135.90452305, 35.10112861 ], [ 135.904561949999987, 35.10116833 ], [ 135.904702500000013, 35.10136583 ], [ 135.90473194, 35.10151111 ], [ 135.90539278, 35.10260333 ], [ 135.90568167, 35.10275139 ], [ 135.90591473, 35.10276277 ], [ 135.90597806, 35.10284972 ], [ 135.90602694, 35.1029 ], [ 135.90606555, 35.10293749 ], [ 135.90629861, 35.10284167 ], [ 135.906538610000013, 35.10277972 ], [ 135.906833330000012, 35.10274027 ], [ 135.90719694, 35.10274027 ], [ 135.90739556, 35.10276277 ], [ 135.90742305, 35.10277972 ], [ 135.90741639, 35.10282472 ], [ 135.907375, 35.10285277 ], [ 135.90712833, 35.10290361 ], [ 135.907005, 35.10295444 ], [ 135.906908890000011, 35.1030275 ], [ 135.90688139, 35.10306694 ], [ 135.90686777, 35.10312916 ], [ 135.906901940000012, 35.10317416 ], [ 135.90698444, 35.10322473 ], [ 135.90706666, 35.1032475 ], [ 135.90754639, 35.1032475 ], [ 135.90788222, 35.10321916 ], [ 135.90830055, 35.10312333 ], [ 135.90868445000001, 35.10306694 ], [ 135.90899306, 35.10298806 ], [ 135.90927417, 35.10293749 ], [ 135.90955527, 35.10287556 ], [ 135.90978833, 35.10280222 ], [ 135.910412220000012, 35.10254889 ], [ 135.91057, 35.10250389 ], [ 135.910665560000012, 35.10250389 ], [ 135.910802780000012, 35.10256 ], [ 135.9109125, 35.10269527 ], [ 135.91091945, 35.10272917 ], [ 135.91090555, 35.10279111 ], [ 135.91088167, 35.10282 ], [ 135.91085084, 35.10283611 ], [ 135.91063834, 35.10294306 ], [ 135.91029583, 35.10311778 ], [ 135.91026833, 35.10312333 ], [ 135.90977472, 35.10339945 ], [ 135.909630560000011, 35.10346167 ], [ 135.909445549999987, 35.10351222 ], [ 135.909315279999987, 35.10356861 ], [ 135.909185, 35.10367 ], [ 135.90896555, 35.10384472 ], [ 135.908869439999989, 35.10395195 ], [ 135.90886278, 35.1040025 ], [ 135.908896950000013, 35.10413778 ], [ 135.90898611, 35.10423361 ], [ 135.90902723, 35.104245 ], [ 135.909185, 35.10427305 ], [ 135.909383889999987, 35.10435194 ], [ 135.90948667, 35.10435194 ], [ 135.90952778, 35.104335 ], [ 135.909603049999987, 35.104335 ], [ 135.90973333, 35.10430694 ], [ 135.90980194, 35.1043125 ], [ 135.91000083, 35.10443084 ], [ 135.910381660000013, 35.10458528 ], [ 135.910487499999988, 35.10462806 ], [ 135.91061083, 35.10462806 ], [ 135.91074805, 35.10458306 ], [ 135.91080972, 35.10458306 ], [ 135.91095361, 35.10467889 ], [ 135.911001660000011, 35.10470139 ], [ 135.91107027000001, 35.10471278 ], [ 135.911159450000014, 35.10474083 ], [ 135.91124833, 35.10479166 ], [ 135.9113925, 35.10491 ], [ 135.911529449999989, 35.10503945 ], [ 135.911666669999988, 35.10514083 ], [ 135.91179, 35.10515222 ], [ 135.91204389, 35.10507333 ], [ 135.9122725, 35.10501528 ], [ 135.91240722, 35.10494945 ], [ 135.91254444, 35.10483111 ], [ 135.912922220000013, 35.10415723 ], [ 135.912850279999986, 35.10404222 ], [ 135.91313305, 35.10370528 ], [ 135.91346306, 35.10346167 ], [ 135.91351111, 35.10336583 ], [ 135.91360695, 35.10325305 ], [ 135.91379194000001, 35.10311778 ], [ 135.914011390000013, 35.10301111 ], [ 135.91420333, 35.10292083 ], [ 135.91427861, 35.10290389 ], [ 135.914535, 35.10274778 ], [ 135.91486167, 35.10254889 ], [ 135.914950549999986, 35.1024925 ], [ 135.91506027, 35.10250945 ], [ 135.91514944, 35.10253195 ], [ 135.91523862, 35.10259945 ], [ 135.91543056, 35.10269527 ], [ 135.91547166, 35.10276306 ], [ 135.915540279999988, 35.10293194 ], [ 135.91558139, 35.10309555 ], [ 135.91558833, 35.10329805 ], [ 135.91554722, 35.10349528 ], [ 135.91543056, 35.10379972 ], [ 135.91541, 35.10396306 ], [ 135.91528667, 35.10425055 ], [ 135.91528667, 35.104335 ], [ 135.91531416, 35.10439139 ], [ 135.91550611, 35.10465056 ], [ 135.91551972, 35.10481973 ], [ 135.91550611, 35.10499445 ], [ 135.915444439999987, 35.10515222 ], [ 135.91541, 35.10520306 ], [ 135.91557917, 35.10564944 ], [ 135.915653889999987, 35.10629417 ], [ 135.915778890000013, 35.10658306 ], [ 135.91600917, 35.10685945 ], [ 135.91649528, 35.10724833 ], [ 135.91662333, 35.10720333 ], [ 135.916788059999988, 35.10720333 ], [ 135.91697306, 35.10727666 ], [ 135.917233610000011, 35.107395 ], [ 135.917384449999986, 35.107485 ], [ 135.91748055, 35.10752445 ], [ 135.91765195, 35.10754138 ], [ 135.91775472, 35.10759778 ], [ 135.91779584, 35.10759222 ], [ 135.91786445, 35.10756972 ], [ 135.91796027, 35.10756972 ], [ 135.91805639, 35.10762583 ], [ 135.91826194, 35.1077725 ], [ 135.918351120000011, 35.10785139 ], [ 135.91840611, 35.10793584 ], [ 135.91840611, 35.10811056 ], [ 135.91837861, 35.10842583 ], [ 135.918303329999986, 35.10851055 ], [ 135.91817083, 35.1086825 ], [ 135.918286669999986, 35.10873167 ], [ 135.91841027000001, 35.10878306 ], [ 135.91878334, 35.10821306 ], [ 135.919448609999989, 35.10858667 ], [ 135.919295, 35.10897777 ], [ 135.91953028, 35.10896694 ], [ 135.91981834, 35.10911916 ], [ 135.92004445, 35.10926 ], [ 135.92008556, 35.10932195 ], [ 135.92010611, 35.10937833 ], [ 135.92072361000001, 35.10942055 ], [ 135.92105389, 35.10931306 ], [ 135.921745, 35.11041306 ], [ 135.92161417, 35.110505 ], [ 135.92167028, 35.11057667 ], [ 135.92187, 35.110645 ], [ 135.921895549999988, 35.11093361 ], [ 135.92197778, 35.11102361 ], [ 135.92210806, 35.11125472 ], [ 135.92213528, 35.11151389 ], [ 135.92221084, 35.11171695 ], [ 135.922224449999987, 35.11192528 ], [ 135.922443890000011, 35.11208305 ], [ 135.92272055, 35.11281222 ], [ 135.922542779999986, 35.11293028 ], [ 135.92289889, 35.11411805 ], [ 135.92293777, 35.11421417 ], [ 135.9230925, 35.11418611 ], [ 135.923385, 35.11516445 ], [ 135.92404944, 35.11503889 ], [ 135.92411, 35.11513611 ], [ 135.922901950000011, 35.11565722 ], [ 135.92295944, 35.11573417 ], [ 135.923007500000011, 35.11579806 ], [ 135.924179720000012, 35.11524472 ], [ 135.92423, 35.1153425 ], [ 135.92409333, 35.11540778 ], [ 135.92562166, 35.11620444 ], [ 135.92532916, 35.11654528 ], [ 135.92567305, 35.11670389 ], [ 135.92573472, 35.11676583 ], [ 135.92581028, 35.11676 ], [ 135.925878610000012, 35.1166475 ], [ 135.925940559999987, 35.11660806 ], [ 135.926105, 35.11660806 ], [ 135.92620111, 35.1166475 ], [ 135.92631750000001, 35.11672056 ], [ 135.926372500000014, 35.11672639 ], [ 135.926471389999989, 35.11668306 ], [ 135.92647777, 35.11671639 ], [ 135.926444729999986, 35.11701 ], [ 135.926586109999988, 35.11704306 ], [ 135.92705805, 35.11648389 ], [ 135.92713083000001, 35.11650389 ], [ 135.92722, 35.11652833 ], [ 135.92698389, 35.11713723 ], [ 135.92714584, 35.11717611 ], [ 135.92738861, 35.11658361 ], [ 135.92758389, 35.11671084 ], [ 135.92766806, 35.11686166 ], [ 135.92768861, 35.11701945 ], [ 135.927784440000011, 35.11720528 ], [ 135.927805, 35.11727305 ], [ 135.927777780000014, 35.11734611 ], [ 135.92766806, 35.11750389 ], [ 135.92763362, 35.11756028 ], [ 135.92787361, 35.11744194 ], [ 135.92791472, 35.11744194 ], [ 135.92792861, 35.11744778 ], [ 135.92841528, 35.11780833 ], [ 135.928065550000014, 35.11825917 ], [ 135.92781889, 35.11858611 ], [ 135.927784440000011, 35.11865361 ], [ 135.927784440000011, 35.11872666 ], [ 135.92781889, 35.11878861 ], [ 135.92789417, 35.118845 ], [ 135.92813417, 35.11885639 ], [ 135.928216389999989, 35.11890695 ], [ 135.92823722, 35.11894639 ], [ 135.92825778, 35.11905917 ], [ 135.92824389, 35.119155 ], [ 135.92820278, 35.11924528 ], [ 135.92803833, 35.11939722 ], [ 135.92797667, 35.11949306 ], [ 135.92796278, 35.11956638 ], [ 135.928045, 35.11978055 ], [ 135.928045, 35.1198425 ], [ 135.92803138, 35.11989334 ], [ 135.92802445, 35.11997222 ], [ 135.928072500000013, 35.12006222 ], [ 135.92811361, 35.12011306 ], [ 135.92818222, 35.12016944 ], [ 135.92820973, 35.12022583 ], [ 135.928216389999989, 35.12032167 ], [ 135.92816861, 35.12039473 ], [ 135.927990279999989, 35.12056945 ], [ 135.92796278, 35.12064278 ], [ 135.92796278, 35.12080611 ], [ 135.92794222, 35.12083444 ], [ 135.92787361, 35.120885 ], [ 135.927825829999989, 35.12095278 ], [ 135.927825829999989, 35.12113861 ], [ 135.92779834000001, 35.12117806 ], [ 135.927777780000014, 35.12118945 ], [ 135.92751722, 35.12127945 ], [ 135.92740056, 35.12138638 ], [ 135.9276475, 35.12134138 ], [ 135.92789417, 35.12134138 ], [ 135.92795611, 35.121375 ], [ 135.928010840000013, 35.12145388 ], [ 135.928045, 35.12155555 ], [ 135.928051939999989, 35.12167389 ], [ 135.92801777, 35.12176389 ], [ 135.92795611, 35.12193861 ], [ 135.92796972, 35.12202333 ], [ 135.92816611, 35.12237 ], [ 135.92825083, 35.12255306 ], [ 135.92836055, 35.12286278 ], [ 135.92844972, 35.12309972 ], [ 135.928490829999987, 35.12337584 ], [ 135.928600280000012, 35.12427722 ], [ 135.928648329999987, 35.12455333 ], [ 135.92867555, 35.12460194 ], [ 135.928826390000012, 35.12491389 ], [ 135.928881389999987, 35.12515639 ], [ 135.92897722, 35.12547195 ], [ 135.92905278, 35.12566361 ], [ 135.929176109999986, 35.12590027 ], [ 135.92929278, 35.12619333 ], [ 135.92938195, 35.12636223 ], [ 135.92947111, 35.12646361 ], [ 135.92952584, 35.12649723 ], [ 135.92958056, 35.12650861 ], [ 135.92963556, 35.12649166 ], [ 135.92970417, 35.12644666 ], [ 135.92973833, 35.12637361 ], [ 135.92975055, 35.1262175 ], [ 135.929790559999986, 35.12620527 ], [ 135.929827499999988, 35.12623833 ], [ 135.92993028, 35.12636223 ], [ 135.93002639, 35.12650305 ], [ 135.93005388, 35.12659861 ], [ 135.93010167, 35.12664945 ], [ 135.93015667, 35.126655 ], [ 135.93028694, 35.126565 ], [ 135.93047195, 35.126385 ], [ 135.93052917, 35.12630972 ], [ 135.93050417, 35.12625833 ], [ 135.93044473, 35.12627778 ], [ 135.93030056, 35.12634528 ], [ 135.93023194, 35.12634528 ], [ 135.93018416000001, 35.12630583 ], [ 135.93017028, 35.12626639 ], [ 135.93020472, 35.12620444 ], [ 135.93025945, 35.12617639 ], [ 135.93041027000001, 35.12614806 ], [ 135.93050639, 35.12611444 ], [ 135.93076, 35.12598472 ], [ 135.930862780000012, 35.12591722 ], [ 135.93112334, 35.12570861 ], [ 135.93144361, 35.12574611 ], [ 135.93177305, 35.12578472 ], [ 135.93179694, 35.12581695 ], [ 135.93178805, 35.12595084 ], [ 135.93169916, 35.12614806 ], [ 135.9315825, 35.12632861 ], [ 135.931301670000011, 35.12667195 ], [ 135.93101361, 35.12715111 ], [ 135.93088333, 35.12729195 ], [ 135.930794170000013, 35.12735388 ], [ 135.93052, 35.12761305 ], [ 135.93044473, 35.12777084 ], [ 135.93028, 35.12801333 ], [ 135.93018416000001, 35.12814861 ], [ 135.93001249, 35.12834583 ], [ 135.92976583, 35.1285825 ], [ 135.929615, 35.12870083 ], [ 135.929375, 35.12885861 ], [ 135.928895, 35.12912888 ], [ 135.928442499999989, 35.12948944 ], [ 135.928236950000013, 35.12968667 ], [ 135.92796945, 35.13000223 ], [ 135.92776389, 35.13021639 ], [ 135.92746222, 35.1304475 ], [ 135.927352500000012, 35.13054889 ], [ 135.92722222, 35.13070111 ], [ 135.92700972, 35.13111834 ], [ 135.926968609999989, 35.13129278 ], [ 135.926955, 35.13129861 ], [ 135.9269275, 35.13136056 ], [ 135.92672195, 35.13158 ], [ 135.926550279999987, 35.13181111 ], [ 135.926475, 35.131935 ], [ 135.926317219999987, 35.13211556 ], [ 135.926248609999988, 35.13216056 ], [ 135.926152769999987, 35.13216611 ], [ 135.926104720000012, 35.13227889 ], [ 135.92622139, 35.13231833 ], [ 135.92637222, 35.13235223 ], [ 135.92637222, 35.13239723 ], [ 135.92633111, 35.13242528 ], [ 135.92622806, 35.13245361 ], [ 135.926111670000012, 35.13246473 ], [ 135.9257825, 35.13294944 ], [ 135.92570694, 35.1331525 ], [ 135.92557666, 35.13347917 ], [ 135.925384720000011, 35.13394667 ], [ 135.92528889, 35.13418916 ], [ 135.92518583, 35.13440305 ], [ 135.92509694, 35.13456667 ], [ 135.92504889, 35.13470194 ], [ 135.92491861, 35.13528222 ], [ 135.924801949999988, 35.13558111 ], [ 135.92474028, 35.13568806 ], [ 135.924651110000013, 35.13581778 ], [ 135.92446611, 35.13611639 ], [ 135.92443861000001, 35.13620083 ], [ 135.92437, 35.13659528 ], [ 135.92432223, 35.13671361 ], [ 135.92421084, 35.13694556 ], [ 135.92411055, 35.13720917 ], [ 135.92404111, 35.13744611 ], [ 135.92403944, 35.13755473 ], [ 135.92403445, 35.13787445 ], [ 135.92404806, 35.13803222 ], [ 135.92416473, 35.13846611 ], [ 135.92417139, 35.13859583 ], [ 135.92415778, 35.13868583 ], [ 135.92415083, 35.13888889 ], [ 135.92418527, 35.13904639 ], [ 135.92424695, 35.13915334 ], [ 135.92447973, 35.13944083 ], [ 135.92485, 35.14007778 ], [ 135.92489805, 35.14012278 ], [ 135.92505584, 35.14022973 ], [ 135.9253575, 35.14039889 ], [ 135.92542584, 35.14048333 ], [ 135.92548084, 35.140585 ], [ 135.925590559999989, 35.14084416 ], [ 135.925672780000014, 35.14123305 ], [ 135.92568639000001, 35.14153167 ], [ 135.92571389, 35.14171194 ], [ 135.9257275, 35.14195973 ], [ 135.92576889, 35.14212305 ], [ 135.92579611, 35.14232028 ], [ 135.92585778, 35.142495 ], [ 135.92594695, 35.14259639 ], [ 135.92600195, 35.14268666 ], [ 135.925964169999986, 35.14281112 ], [ 135.92594028, 35.14288945 ], [ 135.925953889999988, 35.14298528 ], [ 135.92601556, 35.14318834 ], [ 135.92600195, 35.1438475 ], [ 135.926022499999988, 35.14402222 ], [ 135.92606361, 35.14429833 ], [ 135.926091109999987, 35.14468138 ], [ 135.92611833, 35.14478833 ], [ 135.926173330000012, 35.14492944 ], [ 135.926317219999987, 35.14518861 ], [ 135.926396110000013, 35.14532972 ], [ 135.926412230000011, 35.14537639 ], [ 135.92612028, 35.14554028 ], [ 135.92615167, 35.14564195 ], [ 135.926, 35.1456925 ], [ 135.92606945, 35.14578083 ], [ 135.92597472, 35.14589472 ], [ 135.92575973000001, 35.14579361 ], [ 135.92587361, 35.14674195 ], [ 135.926234169999987, 35.14672917 ], [ 135.92615805, 35.14592028 ], [ 135.92629777, 35.14584111 ], [ 135.926454439999986, 35.14702583 ], [ 135.92649555, 35.14722278 ], [ 135.92669444, 35.14738611 ], [ 135.926742499999989, 35.147465 ], [ 135.92678361, 35.14756639 ], [ 135.92679722, 35.14788223 ], [ 135.9269275, 35.14785389 ], [ 135.92700972, 35.14785389 ], [ 135.92732528, 35.14797778 ], [ 135.92749666, 35.1480625 ], [ 135.92759945, 35.1481525 ], [ 135.92764055, 35.14822583 ], [ 135.9276475, 35.14834972 ], [ 135.92761306, 35.14847389 ], [ 135.92762, 35.14854139 ], [ 135.92764166, 35.14858167 ], [ 135.92779139000001, 35.14866556 ], [ 135.92812028, 35.14878945 ], [ 135.92825056, 35.14887389 ], [ 135.928305279999989, 35.14895862 ], [ 135.92835333, 35.14927417 ], [ 135.92840139, 35.14937556 ], [ 135.92858639, 35.14951639 ], [ 135.92877833, 35.14959528 ], [ 135.928963610000011, 35.14958973 ], [ 135.92902528, 35.14955583 ], [ 135.929231109999989, 35.14932472 ], [ 135.92934083, 35.14928527 ], [ 135.92962861, 35.14926277 ], [ 135.929827499999988, 35.14927417 ], [ 135.93010861, 35.14943194 ], [ 135.93029361, 35.14951639 ], [ 135.93047195, 35.14956139 ], [ 135.930794170000013, 35.14957833 ], [ 135.93085611, 35.14962916 ], [ 135.93095889, 35.14974195 ], [ 135.9309725, 35.14978139 ], [ 135.93096555, 35.14984889 ], [ 135.93092445, 35.14991083 ], [ 135.931593060000012, 35.15061916 ], [ 135.93186194, 35.15089056 ], [ 135.932407500000011, 35.15133639 ], [ 135.93247334, 35.15131639 ], [ 135.932686389999986, 35.15164639 ], [ 135.93281667, 35.15182111 ], [ 135.933036109999989, 35.15196194 ], [ 135.933193609999989, 35.15208583 ], [ 135.933282780000013, 35.1521875 ], [ 135.933399439999988, 35.15244667 ], [ 135.933475, 35.15268334 ], [ 135.93366695, 35.1529425 ], [ 135.934057779999989, 35.15332584 ], [ 135.93409889, 35.15334834 ], [ 135.93433194, 35.15351722 ], [ 135.93438666, 35.15357917 ], [ 135.93446222, 35.1536975 ], [ 135.93477083, 35.15404695 ], [ 135.93486667, 35.15417083 ], [ 135.93509305, 35.15440194 ], [ 135.93516834, 35.15446389 ], [ 135.935525, 35.15463306 ], [ 135.93555251, 35.15465556 ], [ 135.93608028, 35.15488667 ], [ 135.93624473, 35.15499361 ], [ 135.93648445, 35.15522472 ], [ 135.9365875, 35.15537694 ], [ 135.93666972, 35.15561361 ], [ 135.93673139, 35.1557375 ], [ 135.936848059999988, 35.15590111 ], [ 135.93686861, 35.15595722 ], [ 135.93686861, 35.15605306 ], [ 135.936834159999989, 35.15615444 ], [ 135.93680694, 35.15618834 ], [ 135.936635560000013, 35.15634805 ], [ 135.93643778, 35.15651667 ], [ 135.93622417, 35.15652056 ], [ 135.93605277, 35.15649806 ], [ 135.93562083, 35.15649806 ], [ 135.93540833, 35.15652056 ], [ 135.9352575, 35.15654306 ], [ 135.93505194, 35.15660528 ], [ 135.934853049999987, 35.15664472 ], [ 135.93447583, 35.15668972 ], [ 135.93419472, 35.15677417 ], [ 135.93387945, 35.15688694 ], [ 135.93342694, 35.15710111 ], [ 135.933111380000014, 35.15728139 ], [ 135.93276889, 35.15751805 ], [ 135.93274139, 35.15752945 ], [ 135.93189139, 35.15814361 ], [ 135.931342769999986, 35.15857167 ], [ 135.93085611, 35.15894361 ], [ 135.93071889, 35.159045 ], [ 135.93060223, 35.15908444 ], [ 135.93043083, 35.15909583 ], [ 135.93035556000001, 35.15912389 ], [ 135.92955361, 35.15971 ], [ 135.92913528, 35.16003138 ], [ 135.92848389, 35.16057806 ], [ 135.92799722, 35.16101167 ], [ 135.9276075, 35.16139917 ], [ 135.92747612, 35.16153 ], [ 135.92708527, 35.16195833 ], [ 135.92706472, 35.16198195 ], [ 135.92677, 35.16227972 ], [ 135.926084440000011, 35.16291084 ], [ 135.925563329999989, 35.16342333 ], [ 135.92501472, 35.16400944 ], [ 135.924500560000013, 35.1646125 ], [ 135.924225549999989, 35.16501556 ], [ 135.92421583, 35.16505528 ], [ 135.923858059999986, 35.16599833 ], [ 135.924050560000012, 35.16612972 ], [ 135.92393861, 35.16641 ], [ 135.924014160000013, 35.16653389 ], [ 135.92406194, 35.16668611 ], [ 135.92407555, 35.16687916 ], [ 135.92406889, 35.16693972 ], [ 135.92405528, 35.16703 ], [ 135.92404833, 35.16720445 ], [ 135.9240825, 35.1674525 ], [ 135.92411, 35.16754278 ], [ 135.92421278, 35.16771166 ], [ 135.924226659999988, 35.1677625 ], [ 135.924233609999987, 35.16785278 ], [ 135.92419222, 35.16794278 ], [ 135.92418444, 35.16807667 ], [ 135.924171660000013, 35.16820778 ], [ 135.9240825, 35.1683825 ], [ 135.92405528, 35.168405 ], [ 135.92372611, 35.16849472 ], [ 135.92342444, 35.16857361 ], [ 135.92313639, 35.16868083 ], [ 135.922773049999989, 35.16894 ], [ 135.922656389999986, 35.16904139 ], [ 135.92226556, 35.16942473 ], [ 135.92216306, 35.16954305 ], [ 135.92183472, 35.16987555 ], [ 135.92166361, 35.17008416 ], [ 135.92152611, 35.17028139 ], [ 135.921368339999987, 35.17056305 ], [ 135.92108, 35.17101361 ], [ 135.92094973, 35.17130695 ], [ 135.92087417, 35.17152667 ], [ 135.920791939999987, 35.17169 ], [ 135.92068666, 35.17179583 ], [ 135.92068194, 35.17190416 ], [ 135.920386939999986, 35.17234944 ], [ 135.9202225, 35.17263139 ], [ 135.920112780000011, 35.17276639 ], [ 135.92002333, 35.17283973 ], [ 135.9199, 35.172975 ], [ 135.91976944000001, 35.173155 ], [ 135.91945444000001, 35.17368194 ], [ 135.919337219999989, 35.17392167 ], [ 135.91925472, 35.17405112 ], [ 135.91901445, 35.17451333 ], [ 135.918856659999989, 35.17482334 ], [ 135.91876055, 35.17495306 ], [ 135.9187675, 35.17502056 ], [ 135.91875361000001, 35.17515028 ], [ 135.91873306, 35.17521778 ], [ 135.91849305, 35.17545445 ], [ 135.91843139, 35.17555583 ], [ 135.91826667, 35.17596166 ], [ 135.91815, 35.17630528 ], [ 135.91807861, 35.17660028 ], [ 135.91801278, 35.17672806 ], [ 135.91781389, 35.17702666 ], [ 135.917553059999989, 35.17746639 ], [ 135.91738139, 35.17783833 ], [ 135.917079449999989, 35.17844667 ], [ 135.91687389, 35.178875 ], [ 135.91655805, 35.17957945 ], [ 135.91648251, 35.17983889 ], [ 135.916441389999989, 35.18018833 ], [ 135.91642778, 35.18054305 ], [ 135.916359160000013, 35.18096583 ], [ 135.91636583, 35.18121945 ], [ 135.91640695000001, 35.18143361 ], [ 135.91651, 35.18185056 ], [ 135.916578609999988, 35.18203667 ], [ 135.91664723, 35.182155 ], [ 135.9168325, 35.18235777 ], [ 135.91706584, 35.18254944 ], [ 135.91749138, 35.18285389 ], [ 135.917690560000011, 35.18302861 ], [ 135.91779333, 35.18316944 ], [ 135.91783472, 35.18326528 ], [ 135.91783472, 35.18334416 ], [ 135.91779528, 35.18346083 ], [ 135.91772473, 35.18362556 ], [ 135.91753277, 35.18434694 ], [ 135.917477780000013, 35.18468528 ], [ 135.91745028, 35.18499528 ], [ 135.91742278000001, 35.18520945 ], [ 135.91742278000001, 35.18560944 ], [ 135.91743667, 35.18568834 ], [ 135.917485, 35.18638695 ], [ 135.917526110000011, 35.18657306 ], [ 135.91756723, 35.18666306 ], [ 135.91767028000001, 35.18677028 ], [ 135.9178075, 35.18689973 ], [ 135.91793777, 35.18707445 ], [ 135.91803389, 35.1872325 ], [ 135.918150559999987, 35.18751972 ], [ 135.91820556, 35.18769444 ], [ 135.91828111, 35.18801 ], [ 135.91848, 35.18865833 ], [ 135.91864472, 35.18902472 ], [ 135.91875445, 35.18920472 ], [ 135.918960559999988, 35.18946389 ], [ 135.91922138000001, 35.18972889 ], [ 135.91939278000001, 35.18987527 ], [ 135.919660279999988, 35.19011194 ], [ 135.91998277, 35.19034305 ], [ 135.92027805, 35.19056861 ], [ 135.92032611, 35.19066444 ], [ 135.92032611, 35.19076028 ], [ 135.92025722, 35.19082778 ], [ 135.920353330000012, 35.19084472 ], [ 135.92038777, 35.19090111 ], [ 135.920408329999987, 35.19100806 ], [ 135.920415279999986, 35.19147611 ], [ 135.92043611, 35.19156611 ], [ 135.92044306, 35.19163389 ], [ 135.920532220000013, 35.19185917 ], [ 135.92057333, 35.19198333 ], [ 135.92062139, 35.19224806 ], [ 135.92071056, 35.19256945 ], [ 135.92093028, 35.19305389 ], [ 135.921095, 35.19338639 ], [ 135.92119778, 35.19354417 ], [ 135.92125972, 35.19362861 ], [ 135.92152056, 35.19404 ], [ 135.921650840000012, 35.19426555 ], [ 135.92184305, 35.19451917 ], [ 135.92229611, 35.19524611 ], [ 135.92261833, 35.19573639 ], [ 135.92292028, 35.19606305 ], [ 135.923098610000011, 35.19622083 ], [ 135.92333194, 35.19640694 ], [ 135.92367528, 35.19655334 ], [ 135.92376445, 35.19660416 ], [ 135.92381945, 35.19666611 ], [ 135.92384694, 35.19673388 ], [ 135.92384694, 35.19684638 ], [ 135.92399778, 35.19697055 ], [ 135.924032219999987, 35.19701555 ], [ 135.924052780000011, 35.19710584 ], [ 135.924052780000011, 35.19733111 ], [ 135.92401166, 35.19752278 ], [ 135.92399083, 35.19774833 ], [ 135.92399083, 35.19803556 ], [ 135.924045830000011, 35.19871194 ], [ 135.92408694, 35.19889222 ], [ 135.92416945, 35.19912889 ], [ 135.92447139, 35.19983333 ], [ 135.92456055, 35.2000475 ], [ 135.92461555, 35.20026722 ], [ 135.92465667, 35.200335 ], [ 135.92474583, 35.20036861 ], [ 135.92486944, 35.20038555 ], [ 135.92496555, 35.20043055 ], [ 135.92502722, 35.20051528 ], [ 135.92515778, 35.20077445 ], [ 135.92526056, 35.20101695 ], [ 135.92545278, 35.2013325 ], [ 135.92561056, 35.20154083 ], [ 135.925764719999989, 35.20180194 ], [ 135.92593333, 35.20209334 ], [ 135.92640666, 35.20273555 ], [ 135.926640279999987, 35.20305111 ], [ 135.92678417, 35.20322583 ], [ 135.92755306, 35.20394723 ], [ 135.92791667, 35.20430805 ], [ 135.92846583, 35.20468556 ], [ 135.92869223, 35.20483222 ], [ 135.92895278, 35.20497305 ], [ 135.92925473, 35.20517584 ], [ 135.92938528, 35.20527722 ], [ 135.92957055, 35.20535611 ], [ 135.92979, 35.20539556 ], [ 135.930428330000012, 35.20557028 ], [ 135.93073028, 35.20568306 ], [ 135.931114720000011, 35.20584639 ], [ 135.93137556, 35.20593639 ], [ 135.93156084, 35.20598722 ], [ 135.932, 35.20607167 ], [ 135.93231584, 35.20611694 ], [ 135.93265889, 35.20611111 ], [ 135.93285083, 35.20608889 ], [ 135.93300861, 35.206055 ], [ 135.933200840000012, 35.20599305 ], [ 135.933372490000011, 35.20588028 ], [ 135.93363333, 35.20560973 ], [ 135.93379112, 35.20549723 ], [ 135.934079450000013, 35.20538444 ], [ 135.9342575, 35.20529277 ], [ 135.93442945000001, 35.20520417 ], [ 135.93451861, 35.20513639 ], [ 135.93466278, 35.2050575 ], [ 135.93486861, 35.20498417 ], [ 135.93507444, 35.20493917 ], [ 135.93519111, 35.20492778 ], [ 135.935451949999987, 35.20492778 ], [ 135.93560972, 35.20495611 ], [ 135.935703890000013, 35.20498806 ], [ 135.935780560000012, 35.20502277 ], [ 135.93582222, 35.20505195 ], [ 135.93588417, 35.2051025 ], [ 135.936076390000011, 35.20519277 ], [ 135.936193050000014, 35.20523777 ], [ 135.93637139, 35.205345 ], [ 135.93645361, 35.20542944 ], [ 135.93651139, 35.205525 ], [ 135.936549719999988, 35.205655 ], [ 135.93656361, 35.2056775 ], [ 135.93661389, 35.20578111 ], [ 135.93667278, 35.2059875 ], [ 135.93667334, 35.20643833 ], [ 135.93658417, 35.20679889 ], [ 135.936570280000012, 35.20691139 ], [ 135.93651555, 35.20710306 ], [ 135.93645389, 35.207385 ], [ 135.93641277, 35.20808945 ], [ 135.936399169999987, 35.20859667 ], [ 135.93644028, 35.20913195 ], [ 135.93651584, 35.20940833 ], [ 135.93657056, 35.20954333 ], [ 135.936666659999986, 35.20970666 ], [ 135.936941389999987, 35.21008417 ], [ 135.93728445, 35.21049 ], [ 135.9373875, 35.21063083 ], [ 135.93757972, 35.21096917 ], [ 135.93766194, 35.21123973 ], [ 135.93772361, 35.21138056 ], [ 135.93842361, 35.21230472 ], [ 135.938601940000012, 35.21258639 ], [ 135.93871861, 35.21272722 ], [ 135.93904805, 35.21305973 ], [ 135.939363609999987, 35.21333583 ], [ 135.939449169999989, 35.21340278 ], [ 135.93979611, 35.21367416 ], [ 135.94034527, 35.21404055 ], [ 135.94070195, 35.21431667 ], [ 135.94100416, 35.21450833 ], [ 135.941539440000014, 35.21476195 ], [ 135.941758889999988, 35.21493667 ], [ 135.942013050000014, 35.21522389 ], [ 135.9424725, 35.21570862 ], [ 135.94272639, 35.21593944 ], [ 135.942932219999989, 35.21617611 ], [ 135.94311083, 35.21641861 ], [ 135.943220559999986, 35.21653111 ], [ 135.9435775, 35.2168075 ], [ 135.943955, 35.21714 ], [ 135.94422945, 35.21740472 ], [ 135.944840269999986, 35.21792889 ], [ 135.94523834, 35.21822195 ], [ 135.94551972, 35.21837972 ], [ 135.94598639, 35.21862778 ], [ 135.94646695, 35.2188475 ], [ 135.94681, 35.21898861 ], [ 135.94707084, 35.21908972 ], [ 135.947351950000012, 35.2192025 ], [ 135.9474, 35.21923055 ], [ 135.94760917, 35.21933445 ], [ 135.94769527, 35.21937722 ], [ 135.94802472, 35.2195125 ], [ 135.94818944, 35.21956306 ], [ 135.94852556, 35.21965333 ], [ 135.94860111, 35.21968722 ], [ 135.94870416, 35.21974917 ], [ 135.94869028, 35.21981667 ], [ 135.948505, 35.219935 ], [ 135.94828528, 35.22005334 ], [ 135.948155, 35.22014917 ], [ 135.948155, 35.2202 ], [ 135.94821667, 35.22025083 ], [ 135.94827167, 35.220245 ], [ 135.94840889, 35.22018861 ], [ 135.94886194, 35.21988444 ], [ 135.948916950000012, 35.21986194 ], [ 135.94906778, 35.2198675 ], [ 135.9491775, 35.21990694 ], [ 135.94950694, 35.22003084 ], [ 135.94979527000001, 35.22012111 ], [ 135.95054334, 35.22030694 ], [ 135.951112779999988, 35.22040278 ], [ 135.951510829999989, 35.2204875 ], [ 135.95167555, 35.22053805 ], [ 135.95185389, 35.22062278 ], [ 135.95208722000001, 35.22077472 ], [ 135.952286390000012, 35.22096639 ], [ 135.95242362, 35.22112416 ], [ 135.95293833, 35.22184556 ], [ 135.95346695, 35.22264 ], [ 135.953590279999986, 35.22279778 ], [ 135.95387166, 35.22307972 ], [ 135.954070840000014, 35.22325444 ], [ 135.95443445, 35.22351916 ], [ 135.95487028, 35.22380972 ], [ 135.954873889999988, 35.22381222 ], [ 135.955024720000011, 35.22389139 ], [ 135.955223890000013, 35.22397027 ], [ 135.95547083, 35.22403777 ], [ 135.95564944, 35.22407722 ], [ 135.95598528, 35.22412222 ], [ 135.95610194, 35.22413917 ], [ 135.95648639, 35.22415056 ], [ 135.956616669999988, 35.2241675 ], [ 135.9573375, 35.2241675 ], [ 135.95782472, 35.22415611 ], [ 135.95787778, 35.22415916 ], [ 135.95801139, 35.22417167 ], [ 135.958167769999989, 35.22420111 ], [ 135.95823639, 35.22422944 ], [ 135.95836695, 35.22431389 ], [ 135.95843222, 35.22438028 ], [ 135.95848361, 35.22443223 ], [ 135.958579719999989, 35.22459583 ], [ 135.9586825, 35.22483805 ], [ 135.95873056, 35.22515945 ], [ 135.95879917, 35.22543555 ], [ 135.95891611, 35.22579611 ], [ 135.95903277, 35.22605528 ], [ 135.959197499999988, 35.22626361 ], [ 135.959416940000011, 35.22644417 ], [ 135.959691389999989, 35.22659056 ], [ 135.959966110000011, 35.22672584 ], [ 135.96041222, 35.22694556 ], [ 135.96144833, 35.227295 ], [ 135.96175028, 35.22737972 ], [ 135.96207973, 35.22750361 ], [ 135.962663060000011, 35.22776278 ], [ 135.96301306, 35.22793195 ], [ 135.963205280000011, 35.22804472 ], [ 135.963431390000011, 35.22819111 ], [ 135.96372666, 35.22841666 ], [ 135.9638225, 35.22852945 ], [ 135.96387055, 35.22865306 ], [ 135.96387055, 35.22885612 ], [ 135.9638225, 35.22905334 ], [ 135.96377472, 35.22916028 ], [ 135.96361, 35.22941389 ], [ 135.96344528, 35.22973527 ], [ 135.963273890000011, 35.23009028 ], [ 135.96308861, 35.23067639 ], [ 135.96304527, 35.2307475 ], [ 135.96293750000001, 35.23092445 ], [ 135.962711109999987, 35.23118333 ], [ 135.96245722, 35.23141445 ], [ 135.961763889999986, 35.23213583 ], [ 135.96159917, 35.23236139 ], [ 135.96140028, 35.23273888 ], [ 135.961153059999987, 35.23313334 ], [ 135.96105, 35.23320167 ], [ 135.960826950000012, 35.23336722 ], [ 135.96076889, 35.233505 ], [ 135.96065889, 35.23382639 ], [ 135.96060416, 35.23394472 ], [ 135.960466950000011, 35.2344125 ], [ 135.96043973, 35.23459278 ], [ 135.96043973, 35.235055 ], [ 135.960453050000012, 35.23541 ], [ 135.96052167, 35.2357875 ], [ 135.96061777, 35.23608056 ], [ 135.96073444000001, 35.23627195 ], [ 135.96085112, 35.23640167 ], [ 135.96120805000001, 35.23671166 ], [ 135.96131083, 35.23684695 ], [ 135.96139333, 35.23699917 ], [ 135.96146194, 35.23720195 ], [ 135.961482499999988, 35.23734861 ], [ 135.961482499999988, 35.23756556 ], [ 135.961482499999988, 35.23797972 ], [ 135.96144833, 35.23825555 ], [ 135.96144833, 35.23861639 ], [ 135.961489449999988, 35.2388925 ], [ 135.9615375, 35.23905027 ], [ 135.96160611, 35.23918 ], [ 135.96172278, 35.23934889 ], [ 135.962244449999986, 35.23995194 ], [ 135.96234722, 35.24009861 ], [ 135.96254639, 35.24041417 ], [ 135.96266972, 35.24066722 ], [ 135.96276583, 35.24086472 ], [ 135.96287583, 35.24123111 ], [ 135.96293056, 35.24151306 ], [ 135.96304028, 35.24182861 ], [ 135.96318445, 35.24209917 ], [ 135.96336972, 35.24237528 ], [ 135.96354806, 35.24261194 ], [ 135.963767780000012, 35.24284305 ], [ 135.96403528, 35.24307389 ], [ 135.96461889, 35.24348528 ], [ 135.96491945, 35.243675 ], [ 135.96508555, 35.24377278 ], [ 135.96571695, 35.24411639 ], [ 135.96610805, 35.24430806 ], [ 135.966437219999989, 35.24444889 ], [ 135.96690389, 35.244635 ], [ 135.96750111, 35.24482111 ], [ 135.967734439999987, 35.2449 ], [ 135.96812556, 35.24500694 ], [ 135.96839333, 35.24506333 ], [ 135.96876389, 35.24515361 ], [ 135.969244159999988, 35.24531695 ], [ 135.97038333, 35.24564944 ], [ 135.971186390000014, 35.24587472 ], [ 135.971378609999988, 35.24599306 ], [ 135.97142556, 35.24605722 ], [ 135.97147444, 35.24615083 ], [ 135.9715225, 35.24637612 ], [ 135.971605, 35.24668056 ], [ 135.97165306, 35.24692305 ], [ 135.97174916, 35.24732306 ], [ 135.97181778, 35.24748083 ], [ 135.971934440000013, 35.24768388 ], [ 135.97218833, 35.24803334 ], [ 135.972558889999988, 35.24855139 ], [ 135.97315583, 35.24950389 ], [ 135.97375972, 35.2503775 ], [ 135.97393139, 35.25069277 ], [ 135.97403417000001, 35.25094639 ], [ 135.97413028, 35.25120583 ], [ 135.97428833, 35.25165666 ], [ 135.97449416, 35.25228777 ], [ 135.97456277, 35.25247389 ], [ 135.974617779999988, 35.25269917 ], [ 135.97465889, 35.25296945 ], [ 135.9747, 35.25308778 ], [ 135.97480194, 35.25320056 ], [ 135.97483473, 35.25335833 ], [ 135.97490334, 35.25355 ], [ 135.974992500000013, 35.25371917 ], [ 135.97516417, 35.25393334 ], [ 135.975328889999986, 35.25416417 ], [ 135.97552138, 35.25440667 ], [ 135.97568639, 35.25463777 ], [ 135.975892499999986, 35.25486861 ], [ 135.976160279999988, 35.25523473 ], [ 135.976215270000012, 35.25533639 ], [ 135.976222220000011, 35.25543222 ], [ 135.9762125, 35.25544111 ], [ 135.97616722, 35.25548278 ], [ 135.976084719999989, 35.25550528 ], [ 135.97587167, 35.25552222 ], [ 135.97582361, 35.25554472 ], [ 135.97578612, 35.25559611 ], [ 135.97576195, 35.25562944 ], [ 135.9757275, 35.25574778 ], [ 135.975720560000013, 35.25586611 ], [ 135.97573444, 35.25602944 ], [ 135.975768609999989, 35.25607472 ], [ 135.97580445, 35.25610389 ], [ 135.97581666, 35.25611417 ], [ 135.97585805, 35.25633945 ], [ 135.97592667, 35.25650834 ], [ 135.97613944, 35.25679583 ], [ 135.97626305, 35.25693111 ], [ 135.976428059999989, 35.25706639 ], [ 135.97653111, 35.25711695 ], [ 135.97666166, 35.25721833 ], [ 135.97692945, 35.25735361 ], [ 135.97719056, 35.25748334 ], [ 135.97750667, 35.25770306 ], [ 135.977595830000013, 35.25775389 ], [ 135.97796667, 35.2579625 ], [ 135.97843389, 35.25819334 ], [ 135.97853, 35.25822167 ], [ 135.9787775, 35.25831722 ], [ 135.97901778, 35.25839611 ], [ 135.97911389, 35.25845806 ], [ 135.97919638, 35.25853694 ], [ 135.97929277, 35.25866083 ], [ 135.97936833, 35.25867056 ], [ 135.97973306, 35.25875611 ], [ 135.97998389, 35.25883083 ], [ 135.98046083, 35.25906694 ], [ 135.98129667, 35.25944583 ], [ 135.98181111, 35.25972777 ], [ 135.98214167, 35.25994361 ], [ 135.9826225, 35.26031778 ], [ 135.9832175, 35.26082778 ], [ 135.98380555, 35.26127028 ], [ 135.98384001, 35.26127028 ], [ 135.98406, 35.26135472 ], [ 135.98438278, 35.26149555 ], [ 135.98482945, 35.26176056 ], [ 135.985275840000014, 35.26198583 ], [ 135.98531723, 35.26199722 ], [ 135.98559167, 35.26213222 ], [ 135.98575667, 35.26219972 ], [ 135.986498610000012, 35.26245917 ], [ 135.987323049999986, 35.26279166 ], [ 135.98771444, 35.26296056 ], [ 135.987858609999989, 35.26302833 ], [ 135.98794111, 35.26306778 ], [ 135.98805778, 35.26313528 ], [ 135.988312220000012, 35.26325361 ], [ 135.98854555, 35.26334944 ], [ 135.988903060000013, 35.26345666 ], [ 135.9893975, 35.263575 ], [ 135.98969305, 35.2636425 ], [ 135.98971361, 35.26365389 ], [ 135.990105, 35.26373833 ], [ 135.99019444000001, 35.26374972 ], [ 135.990221670000011, 35.26376083 ], [ 135.99060666, 35.26381167 ], [ 135.99073694, 35.26382861 ], [ 135.99097056, 35.26386778 ], [ 135.99107361, 35.26387333 ], [ 135.99123167, 35.26390167 ], [ 135.99134167, 35.26390722 ], [ 135.99147222, 35.26392972 ], [ 135.99162333000001, 35.26394111 ], [ 135.99167139, 35.26395222 ], [ 135.9920975, 35.26399167 ], [ 135.99237889, 35.26403111 ], [ 135.99268111, 35.26405945 ], [ 135.99301778, 35.26411584 ], [ 135.9932375, 35.26413834 ], [ 135.99343, 35.26418889 ], [ 135.993561949999986, 35.26424556 ], [ 135.99358806, 35.26425667 ], [ 135.993643060000011, 35.26430167 ], [ 135.99372889, 35.26438778 ], [ 135.993766670000014, 35.26442583 ], [ 135.99385583, 35.26462861 ], [ 135.99391778, 35.26486528 ], [ 135.99394528, 35.26504 ], [ 135.99399333, 35.26527666 ], [ 135.99407584, 35.26556972 ], [ 135.994213050000013, 35.26600361 ], [ 135.994357220000012, 35.266415 ], [ 135.99448084, 35.26671917 ], [ 135.994686949999988, 35.2671025 ], [ 135.995003059999988, 35.26755334 ], [ 135.99516805, 35.26775056 ], [ 135.995312219999988, 35.26789694 ], [ 135.99550445, 35.26805473 ], [ 135.99568334, 35.26817861 ], [ 135.99623806, 35.26857528 ], [ 135.99653472, 35.2687875 ], [ 135.99656583, 35.26882833 ], [ 135.997139440000012, 35.26923944 ], [ 135.997351939999987, 35.26939028 ], [ 135.997558340000012, 35.26953055 ], [ 135.998118330000011, 35.26980667 ], [ 135.99869056, 35.27005139 ], [ 135.999355, 35.27030056 ], [ 136.000190550000013, 35.27059805 ], [ 136.00083389, 35.27079195 ], [ 136.0030425, 35.27152055 ], [ 136.00516306, 35.27221112 ], [ 136.00608111, 35.27252445 ], [ 136.00650223, 35.272735 ], [ 136.00718694, 35.27297084 ], [ 136.00745667000001, 35.27306389 ], [ 136.00849722000001, 35.27341889 ], [ 136.00898333, 35.27358834 ], [ 136.00958501, 35.27374278 ], [ 136.01033167, 35.27390361 ], [ 136.01104555, 35.27408695 ], [ 136.01167139, 35.27438139 ], [ 136.01205611, 35.27461612 ], [ 136.01224194, 35.27477361 ], [ 136.012433890000011, 35.27499305 ], [ 136.01266833, 35.275285 ], [ 136.012821949999989, 35.27545445 ], [ 136.01304389, 35.27562278 ], [ 136.01502, 35.27691639 ], [ 136.0150925, 35.27690583 ], [ 136.01562361, 35.27725028 ], [ 136.01604305, 35.27750556 ], [ 136.01636944, 35.27765389 ], [ 136.01691028, 35.2779 ], [ 136.01700305, 35.27797361 ], [ 136.017288330000014, 35.27810667 ], [ 136.01761805000001, 35.27837722 ], [ 136.01789972, 35.27850139 ], [ 136.01811278, 35.27859694 ], [ 136.018256939999986, 35.27867583 ], [ 136.01836667, 35.27876056 ], [ 136.01846973, 35.27888445 ], [ 136.018557499999986, 35.27896166 ], [ 136.018623889999986, 35.27903945 ], [ 136.01872556, 35.27919167 ], [ 136.01879972, 35.27935555 ], [ 136.018840829999988, 35.27960556 ], [ 136.018854440000013, 35.27969583 ], [ 136.018847779999987, 35.28014084 ], [ 136.01879277, 35.28034389 ], [ 136.01857722, 35.28090695 ], [ 136.01846305, 35.28125666 ], [ 136.01839417, 35.28162278 ], [ 136.01836667, 35.282085 ], [ 136.01837806, 35.28246139 ], [ 136.018401110000013, 35.2827725 ], [ 136.01838722, 35.28328528 ], [ 136.01836, 35.28342055 ], [ 136.01829111, 35.28348945 ], [ 136.01838028, 35.28472444 ], [ 136.01841167, 35.28528945 ], [ 136.0183175, 35.28619444 ], [ 136.01801445000001, 35.28718695 ], [ 136.01721056, 35.28879361 ], [ 136.017148889999987, 35.28908111 ], [ 136.01703862, 35.28939417 ], [ 136.01683, 35.28981667 ], [ 136.01636084, 35.29085166 ], [ 136.01616277, 35.291385 ], [ 136.01602222, 35.29182167 ], [ 136.01592944, 35.29191056 ], [ 136.015763889999988, 35.29197 ], [ 136.01572083, 35.2920625 ], [ 136.015624440000011, 35.29227056 ], [ 136.015538889999988, 35.29275 ], [ 136.01552306, 35.2934125 ], [ 136.01561195, 35.29372667 ], [ 136.01573556, 35.29364222 ], [ 136.01579056, 35.29343944 ], [ 136.0157975, 35.293355 ], [ 136.0158525, 35.29327611 ], [ 136.01591416, 35.29322528 ], [ 136.015977779999986, 35.29323111 ], [ 136.016002500000013, 35.29325334 ], [ 136.01600333, 35.29333 ], [ 136.01597611, 35.2933775 ], [ 136.01599667, 35.29347889 ], [ 136.01616277, 35.29367972 ], [ 136.01629222, 35.29385055 ], [ 136.01635362, 35.29393222 ], [ 136.016436379999988, 35.29403667 ], [ 136.016506389999989, 35.29412 ], [ 136.01659361, 35.29421111 ], [ 136.01661889, 35.29426306 ], [ 136.01678694, 35.29444806 ], [ 136.0168075, 35.2944875 ], [ 136.016835, 35.29449861 ], [ 136.01705472, 35.29472417 ], [ 136.01707527, 35.29475222 ], [ 136.01736361, 35.29497778 ], [ 136.01751972, 35.29508056 ], [ 136.01779222, 35.29522777 ], [ 136.017947779999986, 35.29530972 ], [ 136.018332500000014, 35.29562027 ], [ 136.01855222, 35.29584001 ], [ 136.01861306, 35.29593611 ], [ 136.01864833, 35.29599223 ], [ 136.019095, 35.29647694 ], [ 136.01919806, 35.2965725 ], [ 136.019891949999987, 35.29711917 ], [ 136.02023555, 35.29738417 ], [ 136.02055833, 35.29757 ], [ 136.02062723, 35.29760389 ], [ 136.02095, 35.29784611 ], [ 136.02104444, 35.2979275 ], [ 136.02108333000001, 35.29802111 ], [ 136.021138330000014, 35.298035 ], [ 136.021169719999989, 35.29806583 ], [ 136.02121083, 35.29811639 ], [ 136.02127278, 35.29814472 ], [ 136.021382499999987, 35.29826861 ], [ 136.02147889, 35.29854472 ], [ 136.02155445, 35.29869695 ], [ 136.02165055, 35.29883778 ], [ 136.02181527, 35.29902389 ], [ 136.02220695, 35.2993675 ], [ 136.022275830000012, 35.29940694 ], [ 136.02252306, 35.29960417 ], [ 136.02263972, 35.29967195 ], [ 136.02283917, 35.29982417 ], [ 136.02288028000001, 35.29984111 ], [ 136.023058889999987, 35.29999306 ], [ 136.02359472, 35.30050612 ], [ 136.023759719999987, 35.30063555 ], [ 136.02406195, 35.30081584 ], [ 136.024725280000013, 35.30114778 ], [ 136.02494139, 35.30126111 ], [ 136.02497834, 35.30127139 ], [ 136.025202220000011, 35.30138055 ], [ 136.02536722, 35.30150361 ], [ 136.025449439999988, 35.30157667 ], [ 136.025545, 35.30168639 ], [ 136.025703889999988, 35.30176278 ], [ 136.02604722, 35.30198223 ], [ 136.026219160000011, 35.30208361 ], [ 136.02648695, 35.30221889 ], [ 136.02659, 35.30228083 ], [ 136.02724278, 35.30257389 ], [ 136.027826659999988, 35.30284445 ], [ 136.02808084, 35.30297972 ], [ 136.028493059999988, 35.30316584 ], [ 136.028541389999987, 35.30317695 ], [ 136.02891222, 35.30335167 ], [ 136.028962220000011, 35.30341833 ], [ 136.02908389000001, 35.30343056 ], [ 136.02918695, 35.30347556 ], [ 136.029344720000012, 35.30356583 ], [ 136.02965389, 35.30368973 ], [ 136.02982583, 35.30374055 ], [ 136.03043723, 35.30388139 ], [ 136.0307325, 35.30395472 ], [ 136.03084945, 35.30398278 ], [ 136.03091138, 35.30398861 ], [ 136.03119973, 35.30405056 ], [ 136.03195555, 35.30417444 ], [ 136.03203111, 35.30419139 ], [ 136.03218028, 35.30421723 ], [ 136.03223834, 35.30425555 ], [ 136.03225694, 35.30427222 ], [ 136.03255334, 35.30428166 ], [ 136.032759449999986, 35.30430972 ], [ 136.03335722, 35.30434361 ], [ 136.03341222, 35.30435472 ], [ 136.0341675, 35.30438306 ], [ 136.03455222, 35.30439416 ], [ 136.03481333, 35.30441111 ], [ 136.03484778, 35.30441111 ], [ 136.03540417, 35.30441111 ], [ 136.03648278, 35.30434388 ], [ 136.036757779999988, 35.30431556 ], [ 136.03699139, 35.30429306 ], [ 136.03723861, 35.30429306 ], [ 136.03732333, 35.30431084 ], [ 136.037351949999987, 35.3043 ], [ 136.03742417, 35.304265 ], [ 136.03763722, 35.30421972 ], [ 136.03807694, 35.30416916 ], [ 136.03854361, 35.30415222 ], [ 136.038949159999987, 35.30410722 ], [ 136.039368059999987, 35.30402833 ], [ 136.039801110000013, 35.30391 ], [ 136.04030945, 35.30375778 ], [ 136.04060472, 35.30366195 ], [ 136.04098278, 35.30352111 ], [ 136.041085829999986, 35.30347028 ], [ 136.04111333, 35.30344223 ], [ 136.04119555, 35.30339694 ], [ 136.04142834000001, 35.30316472 ], [ 136.04147194, 35.303105 ], [ 136.04149805, 35.30306444 ], [ 136.04187583, 35.30269833 ], [ 136.042006390000012, 35.30260278 ], [ 136.0421575, 35.302535 ], [ 136.04228111, 35.30250695 ], [ 136.04243917, 35.30250695 ], [ 136.04286473, 35.30223138 ], [ 136.04335278, 35.30191528 ], [ 136.043386950000013, 35.30181945 ], [ 136.04344889, 35.30178 ], [ 136.04353833, 35.30176305 ], [ 136.04382, 35.30176861 ], [ 136.04432139, 35.30180805 ], [ 136.044775, 35.30185889 ], [ 136.04506333, 35.30191528 ], [ 136.04531083, 35.30199695 ], [ 136.04555806, 35.30211806 ], [ 136.04577805, 35.30226444 ], [ 136.04601833000001, 35.30246166 ], [ 136.04638945, 35.30283389 ], [ 136.04670556, 35.30318889 ], [ 136.04699389000001, 35.30354945 ], [ 136.04706723000001, 35.30366667 ], [ 136.04706611, 35.30370778 ], [ 136.04713139, 35.30389861 ], [ 136.047165830000012, 35.30409028 ], [ 136.0472275, 35.30460862 ], [ 136.04727583, 35.30487917 ], [ 136.04734445, 35.30514417 ], [ 136.04743111, 35.30538806 ], [ 136.04753666, 35.3056175 ], [ 136.047681110000013, 35.30586528 ], [ 136.04785972, 35.30612472 ], [ 136.048045269999989, 35.30635 ], [ 136.04825139, 35.30655306 ], [ 136.04868417, 35.30691333 ], [ 136.049645840000011, 35.30764028 ], [ 136.049748889999989, 35.30769111 ], [ 136.04988389, 35.30779334 ], [ 136.04998917, 35.30785472 ], [ 136.05005472, 35.30789111 ], [ 136.05008555, 35.30794472 ], [ 136.05018167, 35.3081475 ], [ 136.050277779999988, 35.30842945 ], [ 136.05042889, 35.30858139 ], [ 136.05064889, 35.30877305 ], [ 136.05096472, 35.30898722 ], [ 136.0518375, 35.3095225 ], [ 136.05383667000001, 35.31069444 ], [ 136.053946669999988, 35.31075084 ], [ 136.053946669999988, 35.31082972 ], [ 136.05391916, 35.31093111 ], [ 136.05391916, 35.31103278 ], [ 136.053967230000012, 35.31109473 ], [ 136.05428333, 35.311275 ], [ 136.05466805, 35.31145528 ], [ 136.05567917, 35.31185944 ], [ 136.055744729999986, 35.31188388 ], [ 136.05576166, 35.31192084 ], [ 136.05602306, 35.31209083 ], [ 136.05628972, 35.31226083 ], [ 136.05665722, 35.31250445 ], [ 136.05635611, 35.31281222 ], [ 136.05718250000001, 35.31340861 ], [ 136.057375549999989, 35.31322583 ], [ 136.05747778, 35.31330361 ], [ 136.05762194, 35.31337694 ], [ 136.057704449999989, 35.313405 ], [ 136.05813723, 35.31351778 ], [ 136.05829528000001, 35.31362473 ], [ 136.05843944, 35.31374888 ], [ 136.05854695, 35.31382111 ], [ 136.05849444, 35.31386806 ], [ 136.05933055, 35.31412612 ], [ 136.059350560000013, 35.31409139 ], [ 136.05940834, 35.3140925 ], [ 136.059449449999988, 35.314115 ], [ 136.05974194, 35.31441056 ], [ 136.0601225, 35.31472945 ], [ 136.060369720000011, 35.31492667 ], [ 136.06097445, 35.31536611 ], [ 136.06109805, 35.31548445 ], [ 136.06115305, 35.31557472 ], [ 136.06115806, 35.31567611 ], [ 136.06109111, 35.31576055 ], [ 136.06094694, 35.31589028 ], [ 136.06070639, 35.3160425 ], [ 136.06044472, 35.31618306 ], [ 136.06096639, 35.31666889 ], [ 136.061022220000012, 35.31662834 ], [ 136.06111834, 35.31656639 ], [ 136.061406940000012, 35.316375 ], [ 136.06149639, 35.31632972 ], [ 136.06153361, 35.31632167 ], [ 136.061565, 35.31632972 ], [ 136.061592499999989, 35.3163525 ], [ 136.061870840000012, 35.31635528 ], [ 136.06214889, 35.31635805 ], [ 136.062245280000013, 35.31622833 ], [ 136.062389450000012, 35.316065 ], [ 136.06247195, 35.31602 ], [ 136.0627125, 35.31590722 ], [ 136.06282916, 35.31587334 ], [ 136.06304222, 35.31587334 ], [ 136.06331667, 35.31594111 ], [ 136.063536660000011, 35.31603111 ], [ 136.06364639, 35.31609306 ], [ 136.063955560000011, 35.31632417 ], [ 136.06417889, 35.31646694 ], [ 136.064225279999988, 35.31648361 ], [ 136.06429222, 35.31651584 ], [ 136.06440917, 35.31656084 ], [ 136.06462194, 35.31661167 ], [ 136.064788060000012, 35.31665972 ], [ 136.06510805, 35.31674861 ], [ 136.06529583, 35.31684333 ], [ 136.06561222, 35.31704695 ], [ 136.06604416, 35.31732916 ], [ 136.066407770000012, 35.31754861 ], [ 136.06668055, 35.31768417 ], [ 136.06697194, 35.31776917 ], [ 136.06725666, 35.31779916 ], [ 136.06777333, 35.31782333 ], [ 136.068515280000014, 35.31781306 ], [ 136.068758050000014, 35.31782611 ], [ 136.06880555, 35.31780611 ], [ 136.06905278, 35.31760889 ], [ 136.06916945, 35.31753556 ], [ 136.06925417, 35.31750361 ], [ 136.06929527, 35.31755055 ], [ 136.06987278, 35.31735473 ], [ 136.06972861, 35.31710639 ], [ 136.06954417, 35.31716444 ], [ 136.06942361, 35.31715833 ], [ 136.06936861, 35.31713 ], [ 136.06936861, 35.31707389 ], [ 136.06942361, 35.31702861 ], [ 136.06977416, 35.31680889 ], [ 136.069904439999988, 35.31670167 ], [ 136.069986949999986, 35.31657222 ], [ 136.07006944, 35.31643694 ], [ 136.07019306, 35.31628472 ], [ 136.07024833, 35.31622972 ], [ 136.07044722, 35.31607056 ], [ 136.07058472, 35.31598611 ], [ 136.07074972, 35.31593528 ], [ 136.07079972, 35.31595305 ], [ 136.070831950000013, 35.31599722 ], [ 136.070811389999989, 35.3160425 ], [ 136.07070167, 35.31613833 ], [ 136.070543609999987, 35.31626222 ], [ 136.07038556, 35.31636917 ], [ 136.07026194, 35.31647639 ], [ 136.07021361, 35.31654972 ], [ 136.07020001, 35.31664556 ], [ 136.070227499999987, 35.3167075 ], [ 136.07035111, 35.31686528 ], [ 136.07060528, 35.31713 ], [ 136.070831950000013, 35.31733306 ], [ 136.07091444, 35.31744556 ], [ 136.07115472000001, 35.31774972 ], [ 136.07123028, 35.31784 ], [ 136.071285280000012, 35.31782861 ], [ 136.071408889999987, 35.31773278 ], [ 136.07141583, 35.31764834 ], [ 136.07133334, 35.31750167 ], [ 136.07123722, 35.31737806 ], [ 136.07094195, 35.31701166 ], [ 136.07092139, 35.31694973 ], [ 136.07092834, 35.31687083 ], [ 136.07127861, 35.31625667 ], [ 136.07136778, 35.31616083 ], [ 136.07146389, 35.31607639 ], [ 136.071615, 35.31597472 ], [ 136.07168361, 35.31594666 ], [ 136.07171111, 35.31592416 ], [ 136.07187611, 35.31582834 ], [ 136.071986110000012, 35.31581139 ], [ 136.072041109999986, 35.31585639 ], [ 136.072041109999986, 35.31596916 ], [ 136.07188305, 35.31640889 ], [ 136.07177305, 35.31679194 ], [ 136.0718075, 35.31685389 ], [ 136.07191056, 35.31699473 ], [ 136.07195861, 35.31706805 ], [ 136.071965549999987, 35.31725972 ], [ 136.07195167, 35.31733306 ], [ 136.07194472, 35.31751333 ], [ 136.071986110000012, 35.31755806 ], [ 136.07206862000001, 35.31756389 ], [ 136.07213722, 35.31752472 ], [ 136.07220583, 35.31740639 ], [ 136.072218889999988, 35.31733889 ], [ 136.07225388, 35.31715833 ], [ 136.072295270000012, 35.31687639 ], [ 136.07239139, 35.31660027 ], [ 136.07243945, 35.31652722 ], [ 136.07252889, 35.31652139 ], [ 136.072593610000013, 35.31661472 ], [ 136.072593610000013, 35.31668639 ], [ 136.07249445, 35.31711889 ], [ 136.07243945, 35.31747944 ], [ 136.07239944, 35.31762444 ], [ 136.07227473, 35.31780056 ], [ 136.07215778, 35.31790195 ], [ 136.07208916, 35.31794138 ], [ 136.07195167, 35.31793583 ], [ 136.07182805, 35.31791306 ], [ 136.0717525, 35.31792445 ], [ 136.07169056, 35.31795833 ], [ 136.0716425, 35.31803722 ], [ 136.071615, 35.31811055 ], [ 136.07156, 35.31820055 ], [ 136.071477499999986, 35.31837527 ], [ 136.07141278, 35.31849555 ], [ 136.07126972, 35.31866055 ], [ 136.07108611000001, 35.31882611 ], [ 136.070825, 35.31915306 ], [ 136.07081111, 35.31918111 ], [ 136.070818050000014, 35.31923194 ], [ 136.07084472, 35.31923388 ], [ 136.07099667, 35.3191475 ], [ 136.07109972, 35.31909667 ], [ 136.07115167, 35.31909944 ], [ 136.071181669999987, 35.31911612 ], [ 136.07120278, 35.31917 ], [ 136.071226669999987, 35.31916916 ], [ 136.07131278, 35.31907417 ], [ 136.071608059999988, 35.31882055 ], [ 136.0716975, 35.31874723 ], [ 136.07175944, 35.31867389 ], [ 136.07209584, 35.31838667 ], [ 136.07219444, 35.31832417 ], [ 136.072207780000014, 35.31838055 ], [ 136.07213722, 35.31853306 ], [ 136.07201361, 35.31884861 ], [ 136.072047770000012, 35.31884861 ], [ 136.07208916, 35.31879223 ], [ 136.07215222, 35.31873416 ], [ 136.07223611, 35.31865028 ], [ 136.07238944, 35.31849083 ], [ 136.0726525, 35.31809362 ], [ 136.072759170000012, 35.31795944 ], [ 136.07284723, 35.31789083 ], [ 136.07307167, 35.31773278 ], [ 136.07322917, 35.31756972 ], [ 136.07327056, 35.31750778 ], [ 136.073428619999987, 35.31730472 ], [ 136.07354528, 35.31720889 ], [ 136.07375833, 35.31707945 ], [ 136.0738475, 35.31700055 ], [ 136.0739575, 35.31685389 ], [ 136.07398139, 35.31682195 ], [ 136.07411667, 35.31664028 ], [ 136.0741375, 35.31663667 ], [ 136.07423917, 35.31671861 ], [ 136.07442472, 35.31680889 ], [ 136.074514169999986, 35.31682028 ], [ 136.07455528, 35.3167975 ], [ 136.07462388, 35.31670167 ], [ 136.07462388, 35.31658917 ], [ 136.074575829999986, 35.31651584 ], [ 136.07447278, 35.31642555 ], [ 136.07436972, 35.31638055 ], [ 136.07406056, 35.31638055 ], [ 136.073998890000013, 35.31630167 ], [ 136.07401944, 35.31622833 ], [ 136.07404695, 35.31604806 ], [ 136.07410861, 35.31591278 ], [ 136.074211670000011, 35.31569305 ], [ 136.07432861, 35.31557472 ], [ 136.07440416, 35.31552972 ], [ 136.07450028, 35.31549028 ], [ 136.074596390000011, 35.31549583 ], [ 136.074651390000014, 35.31552972 ], [ 136.07466527, 35.31552972 ], [ 136.074912500000011, 35.31572111 ], [ 136.07493306, 35.31572694 ], [ 136.07500195, 35.3157775 ], [ 136.0750775, 35.31581694 ], [ 136.07543444, 35.31592972 ], [ 136.07559806, 35.31595972 ], [ 136.076080280000014, 35.31595778 ], [ 136.07623138, 35.31599166 ], [ 136.07628556, 35.31603611 ], [ 136.076286939999989, 35.31613972 ], [ 136.07608223, 35.31649334 ], [ 136.07592917, 35.31672444 ], [ 136.07586722, 35.31680333 ], [ 136.075675, 35.31707945 ], [ 136.075568049999987, 35.31721084 ], [ 136.076565, 35.31741972 ], [ 136.07737834, 35.31798112 ], [ 136.07741973, 35.31802055 ], [ 136.07741973, 35.31834722 ], [ 136.07744722000001, 35.3186175 ], [ 136.07745417000001, 35.31884305 ], [ 136.07741973, 35.31909667 ], [ 136.07741973, 35.31929389 ], [ 136.07748139, 35.31946861 ], [ 136.077701389999987, 35.31990805 ], [ 136.077790560000011, 35.32006028 ], [ 136.07797611, 35.32028583 ], [ 136.078099720000012, 35.32040417 ], [ 136.07847084, 35.32069722 ], [ 136.07856694, 35.32079861 ], [ 136.078690560000013, 35.32100111 ], [ 136.078738609999988, 35.32109139 ], [ 136.07877278, 35.32115333 ], [ 136.07878666, 35.32122666 ], [ 136.07879778, 35.32128694 ], [ 136.07876416, 35.32135972 ], [ 136.07844667, 35.32150111 ], [ 136.07849416, 35.32159611 ], [ 136.07855222, 35.32171222 ], [ 136.07877889, 35.32162917 ], [ 136.07864917, 35.32180722 ], [ 136.078497770000013, 35.32203611 ], [ 136.07834, 35.32233111 ], [ 136.07826473, 35.32259056 ], [ 136.07823695, 35.32283833 ], [ 136.07817555, 35.3230975 ], [ 136.07813416, 35.32321028 ], [ 136.078086109999987, 35.32327222 ], [ 136.078017499999987, 35.32330056 ], [ 136.07792805, 35.32331167 ], [ 136.07762584, 35.32328361 ], [ 136.07710362, 35.32327806 ], [ 136.076849439999989, 35.32331722 ], [ 136.076732779999986, 35.32334528 ], [ 136.07683583, 35.32338472 ], [ 136.07693888, 35.32340722 ], [ 136.07733722, 35.32341306 ], [ 136.07760528, 35.32343556 ], [ 136.07773583, 35.32344667 ], [ 136.07781805, 35.32346361 ], [ 136.078045, 35.32350305 ], [ 136.07821084, 35.32356472 ], [ 136.07833305, 35.32361028 ], [ 136.078395, 35.32364389 ], [ 136.078436110000013, 35.32367778 ], [ 136.078511670000012, 35.32370028 ], [ 136.07860111, 35.32374556 ], [ 136.07834945, 35.32388972 ], [ 136.07868389, 35.32417694 ], [ 136.07891028, 35.32401028 ], [ 136.079075280000012, 35.32415694 ], [ 136.07924695, 35.32425277 ], [ 136.079343060000014, 35.32427527 ], [ 136.07942555, 35.32431472 ], [ 136.07944611, 35.32436527 ], [ 136.0795425, 35.32457445 ], [ 136.079659170000014, 35.3248275 ], [ 136.07974166, 35.32488389 ], [ 136.079775829999988, 35.32496833 ], [ 136.07978972, 35.32522194 ], [ 136.079714169999988, 35.32572917 ], [ 136.079645269999986, 35.32606722 ], [ 136.07955611, 35.32635444 ], [ 136.07942555, 35.326715 ], [ 136.07926056, 35.32705889 ], [ 136.079006389999989, 35.32747583 ], [ 136.078814169999987, 35.32770139 ], [ 136.0785225, 35.32797722 ], [ 136.078181949999987, 35.32836084 ], [ 136.07806528, 35.32846777 ], [ 136.07796972, 35.32858111 ], [ 136.077515549999987, 35.32899723 ], [ 136.077226950000011, 35.32922278 ], [ 136.07704167, 35.32934111 ], [ 136.076601939999989, 35.32960028 ], [ 136.07645778, 35.32966222 ], [ 136.076210550000013, 35.32972416 ], [ 136.07585333, 35.32976945 ], [ 136.07576389, 35.32980306 ], [ 136.075585280000013, 35.32983139 ], [ 136.07528972, 35.32987639 ], [ 136.074925830000012, 35.32996667 ], [ 136.074678330000012, 35.33003972 ], [ 136.07452722, 35.33010195 ], [ 136.07424555, 35.33022584 ], [ 136.074005, 35.33035556 ], [ 136.07386806, 35.33046806 ], [ 136.073765, 35.33059751 ], [ 136.07360695, 35.33086805 ], [ 136.073503890000012, 35.33107639 ], [ 136.07344194, 35.33128472 ], [ 136.07344194, 35.331285 ], [ 136.07340084, 35.33150472 ], [ 136.07329083, 35.33178667 ], [ 136.073167219999988, 35.33202889 ], [ 136.07295416, 35.33220917 ], [ 136.0729125, 35.33232223 ], [ 136.072844159999988, 35.33250805 ], [ 136.07283139, 35.33255833 ], [ 136.072727500000013, 35.33270527 ], [ 136.0725075, 35.33309389 ], [ 136.07237473, 35.33305 ], [ 136.072062499999987, 35.33369083 ], [ 136.072191659999987, 35.33371944 ], [ 136.07200611, 35.33420389 ], [ 136.0717175, 35.33520138 ], [ 136.07165778000001, 35.33546139 ], [ 136.07163361, 35.33556917 ], [ 136.07161111, 35.33565028 ], [ 136.0715875, 35.33573666 ], [ 136.07149055, 35.33605222 ], [ 136.071394450000014, 35.33640167 ], [ 136.07135833000001, 35.33652556 ], [ 136.07135861, 35.33653944 ], [ 136.07139111, 35.33653944 ], [ 136.07129, 35.33675722 ], [ 136.07122861, 35.33705473 ], [ 136.07117083, 35.33745305 ], [ 136.071144159999989, 35.3379025 ], [ 136.0711325, 35.33845167 ], [ 136.07111527, 35.33865111 ], [ 136.071074720000013, 35.33893305 ], [ 136.07101333, 35.33940639 ], [ 136.07098278, 35.33977 ], [ 136.070976949999988, 35.339995 ], [ 136.070971109999988, 35.34021334 ], [ 136.070975, 35.34056583 ], [ 136.07099417, 35.34070083 ], [ 136.071023059999987, 35.34081612 ], [ 136.07103084, 35.34093472 ], [ 136.071029720000013, 35.34120722 ], [ 136.07098, 35.34171333 ], [ 136.07094723, 35.34202278 ], [ 136.07094167, 35.34247555 ], [ 136.07090722, 35.34258972 ], [ 136.07090444, 35.34269139 ], [ 136.07090333, 35.34273111 ], [ 136.070893610000013, 35.34279055 ], [ 136.07082083, 35.34305444 ], [ 136.07081528, 35.34326861 ], [ 136.07082277, 35.34365916 ], [ 136.07081695, 35.3438375 ], [ 136.07078833, 35.34397639 ], [ 136.07072722, 35.34431277 ], [ 136.07070417, 35.34449667 ], [ 136.070681939999986, 35.34473722 ], [ 136.07066583, 35.34491 ], [ 136.07065834, 35.34525055 ], [ 136.07068111000001, 35.34537111 ], [ 136.070708059999987, 35.34572084 ], [ 136.07073083, 35.34602528 ], [ 136.0707175, 35.34612861 ], [ 136.070629450000013, 35.34650805 ], [ 136.07057, 35.34671305 ], [ 136.07048778, 35.34688723 ], [ 136.07044194, 35.34705444 ], [ 136.070399720000012, 35.34735139 ], [ 136.07039611, 35.34770972 ], [ 136.07037889, 35.34784361 ], [ 136.070301660000013, 35.34825583 ], [ 136.07022139, 35.34844055 ], [ 136.07012583, 35.34859473 ], [ 136.06999389, 35.34873083 ], [ 136.06975667, 35.34898055 ], [ 136.06960555, 35.34910555 ], [ 136.06953167, 35.34922805 ], [ 136.06952722, 35.34923556 ], [ 136.069446950000014, 35.34934528 ], [ 136.06942028, 35.34941722 ], [ 136.069416389999986, 35.34944694 ], [ 136.069458340000011, 35.34957417 ], [ 136.06946222, 35.34959917 ], [ 136.069460279999987, 35.34962889 ], [ 136.069441110000014, 35.34967112 ], [ 136.069356950000014, 35.34982555 ], [ 136.06931667, 35.34991944 ], [ 136.06929917, 35.35007583 ], [ 136.06927056, 35.35024694 ], [ 136.069220840000014, 35.35038945 ], [ 136.06911166, 35.35062472 ], [ 136.06907417, 35.35075056 ], [ 136.069040840000014, 35.35086111 ], [ 136.06893083, 35.35103306 ], [ 136.06888695, 35.35110167 ], [ 136.068858330000012, 35.35116111 ], [ 136.06886222, 35.35126084 ], [ 136.068877500000013, 35.35139695 ], [ 136.068888890000011, 35.35149056 ], [ 136.06887556, 35.35152611 ], [ 136.06885084000001, 35.35155944 ], [ 136.068797499999988, 35.35161111 ], [ 136.06878416, 35.35164695 ], [ 136.06877472, 35.35169527 ], [ 136.068778329999986, 35.35174972 ], [ 136.06881083, 35.35185028 ], [ 136.06881639, 35.35190777 ], [ 136.06881083, 35.35194222 ], [ 136.06878028, 35.35200305 ], [ 136.06871555, 35.35208111 ], [ 136.06850556, 35.35240166 ], [ 136.0683625, 35.35259444 ], [ 136.06819861, 35.35287362 ], [ 136.06805361, 35.35313611 ], [ 136.06795445, 35.35335194 ], [ 136.0679125, 35.35350805 ], [ 136.06785527, 35.35369111 ], [ 136.06784195, 35.35375778 ], [ 136.06784389, 35.35400833 ], [ 136.06786861, 35.35425639 ], [ 136.06784556, 35.35435472 ], [ 136.067796109999989, 35.35445806 ], [ 136.06767416, 35.35457194 ], [ 136.06753278, 35.35471777 ], [ 136.0674225, 35.35489389 ], [ 136.067300280000012, 35.35511778 ], [ 136.06726611, 35.35527528 ], [ 136.067271940000012, 35.35541556 ], [ 136.067277499999989, 35.35555194 ], [ 136.06726805, 35.3556625 ], [ 136.06723556, 35.35574667 ], [ 136.06716472, 35.35583639 ], [ 136.06709444, 35.35588472 ], [ 136.06704861, 35.35593611 ], [ 136.06701056, 35.35597972 ], [ 136.066956940000011, 35.35605694 ], [ 136.06688639, 35.35627194 ], [ 136.06678528, 35.35656611 ], [ 136.06670917, 35.35685 ], [ 136.066625280000011, 35.35704083 ], [ 136.066556670000011, 35.35714362 ], [ 136.066438330000011, 35.35746472 ], [ 136.066331670000011, 35.357725 ], [ 136.06627805, 35.35781138 ], [ 136.06620389, 35.35788 ], [ 136.06617334, 35.35789861 ], [ 136.0660725, 35.35790973 ], [ 136.06604, 35.35792361 ], [ 136.065982780000013, 35.35796416 ], [ 136.06591389, 35.35804417 ], [ 136.06587, 35.35815333 ], [ 136.065835560000011, 35.35829277 ], [ 136.06577472, 35.35845972 ], [ 136.06569861, 35.35853917 ], [ 136.06559195, 35.35862167 ], [ 136.06547333, 35.35868472 ], [ 136.06529834, 35.35873278 ], [ 136.06517083, 35.35876999 ], [ 136.06507389, 35.35882833 ], [ 136.06506361000001, 35.35883444 ], [ 136.06482945, 35.35904667 ], [ 136.0647625, 35.35907944 ], [ 136.06450111, 35.35914222 ], [ 136.0644325, 35.35916861 ], [ 136.064345, 35.35921861 ], [ 136.064234160000012, 35.35933639 ], [ 136.06417111, 35.35940028 ], [ 136.06409889, 35.35943917 ], [ 136.064009160000012, 35.35946111 ], [ 136.063965560000014, 35.35946111 ], [ 136.06392166, 35.35944695 ], [ 136.06388361, 35.35941583 ], [ 136.06379167, 35.35926084 ], [ 136.06375556, 35.35922333 ], [ 136.063715550000012, 35.35920306 ], [ 136.063666110000014, 35.35919695 ], [ 136.06358583, 35.35919833 ], [ 136.06347889, 35.35923639 ], [ 136.06331694, 35.35929389 ], [ 136.0632675, 35.35933445 ], [ 136.06324833, 35.35936583 ], [ 136.06325417, 35.35939834 ], [ 136.06329972, 35.35949556 ], [ 136.06329972, 35.35953778 ], [ 136.06328444, 35.35956722 ], [ 136.063246389999989, 35.35959389 ], [ 136.06320444, 35.35960166 ], [ 136.06313972, 35.35959834 ], [ 136.06306917, 35.35956584 ], [ 136.06303111, 35.35956111 ], [ 136.063004439999986, 35.35956584 ], [ 136.06296445000001, 35.359575 ], [ 136.062928050000011, 35.35959222 ], [ 136.062878610000013, 35.35963111 ], [ 136.06283083, 35.35970944 ], [ 136.062752780000011, 35.35983278 ], [ 136.06265528, 35.35992695 ], [ 136.06252, 35.36003139 ], [ 136.06234056, 35.36012528 ], [ 136.062121389999987, 35.36021889 ], [ 136.06202195, 35.36028194 ], [ 136.06196111, 35.36033972 ], [ 136.06189278, 35.36042084 ], [ 136.061866110000011, 35.36051111 ], [ 136.06185278, 35.36057056 ], [ 136.06181639, 35.36063917 ], [ 136.06173639, 35.36072833 ], [ 136.06168861, 35.36078 ], [ 136.06164972, 35.36084028 ], [ 136.06164028, 35.36090111 ], [ 136.06162889, 35.36093 ], [ 136.061609729999986, 35.36096583 ], [ 136.061548890000012, 35.36101083 ], [ 136.06149195, 35.36102473 ], [ 136.061444169999987, 35.36103139 ], [ 136.06128277, 35.361005 ], [ 136.06124666, 35.361005 ], [ 136.06118417, 35.36102528 ], [ 136.061129169999987, 35.3610625 ], [ 136.06102639, 35.36122 ], [ 136.06092945, 35.36135666 ], [ 136.06086306, 35.36141583 ], [ 136.06072584, 35.36147861 ], [ 136.060522780000014, 35.36153778 ], [ 136.06046584, 35.36156555 ], [ 136.06041833, 35.36159972 ], [ 136.060389719999989, 35.361645 ], [ 136.06032861, 35.36176861 ], [ 136.060260559999989, 35.36192389 ], [ 136.06023944, 35.36197222 ], [ 136.06015973, 35.36209027 ], [ 136.06007806, 35.36215249 ], [ 136.059985, 35.36220361 ], [ 136.059868060000014, 35.3622525 ], [ 136.05979194, 35.362265 ], [ 136.05972, 35.36226361 ], [ 136.05969416, 35.36225416 ], [ 136.05967055, 35.36223694 ], [ 136.05965139, 35.36221389 ], [ 136.05964083, 35.36211945 ], [ 136.059630270000014, 35.36209056 ], [ 136.0595925, 35.36205806 ], [ 136.059565, 35.3620425 ], [ 136.05953639, 35.36204001 ], [ 136.05951167, 35.36204001 ], [ 136.05949166, 35.36204694 ], [ 136.059465, 35.36206416 ], [ 136.05942722, 35.36210306 ], [ 136.05937805, 35.36218528 ], [ 136.05930611, 35.36228778 ], [ 136.05923389, 35.36234861 ], [ 136.05909361, 35.36242445 ], [ 136.05904833, 35.36245695 ], [ 136.0589, 35.36265472 ], [ 136.05883, 35.36274916 ], [ 136.058761659999988, 35.36280194 ], [ 136.05869167, 35.36283306 ], [ 136.05856778, 35.36286166 ], [ 136.05850195, 35.36288167 ], [ 136.05846778, 35.36290972 ], [ 136.0584375, 35.36296556 ], [ 136.05840139, 35.36308194 ], [ 136.05836111, 35.36315694 ], [ 136.05831362, 35.363205 ], [ 136.05821889, 35.36325305 ], [ 136.05813944, 35.36326862 ], [ 136.05808611, 35.36326862 ], [ 136.05804833, 35.36325639 ], [ 136.05791861, 35.36318056 ], [ 136.05785028, 35.36316167 ], [ 136.057794449999989, 35.363165 ], [ 136.05776972000001, 35.36317583 ], [ 136.0577525, 35.36319528 ], [ 136.05774889, 35.36321694 ], [ 136.05775083, 35.36324249 ], [ 136.057783050000012, 35.36328667 ], [ 136.05779084, 35.36331055 ], [ 136.057785, 35.36334 ], [ 136.0577625, 35.36335861 ], [ 136.05771889, 35.3633725 ], [ 136.05767723, 35.36336778 ], [ 136.05764277, 35.36334917 ], [ 136.057561389999989, 35.36329056 ], [ 136.057533049999989, 35.36327945 ], [ 136.05749723, 35.36327945 ], [ 136.05744027, 35.36329972 ], [ 136.05739861, 35.36332917 ], [ 136.05739111, 35.3633725 ], [ 136.05739306000001, 35.36340972 ], [ 136.05743833, 35.36346555 ], [ 136.057561389999989, 35.36356223 ], [ 136.0576125, 35.36364083 ], [ 136.05762194, 35.36370278 ], [ 136.057614449999988, 35.36374778 ], [ 136.05759361, 35.36378167 ], [ 136.05749333, 35.36385805 ], [ 136.057442220000013, 35.36390305 ], [ 136.057330549999989, 35.36402861 ], [ 136.05730028, 35.36405944 ], [ 136.05717139, 35.36408917 ], [ 136.05707861, 35.36413723 ], [ 136.057029449999987, 35.36416973 ], [ 136.056930560000012, 35.36419667 ], [ 136.056801940000014, 35.36424305 ], [ 136.05671666, 35.36431278 ], [ 136.0566675, 35.36438861 ], [ 136.056633049999988, 35.3644775 ], [ 136.05659723, 35.36465722 ], [ 136.05658028, 35.36470055 ], [ 136.05652917, 35.36473945 ], [ 136.05643833, 35.36478111 ], [ 136.05627306, 35.36483277 ], [ 136.05589472, 35.36491972 ], [ 136.055669450000011, 35.36499083 ], [ 136.05556083, 35.36505972 ], [ 136.05538861, 35.36523917 ], [ 136.05527361, 35.36529805 ], [ 136.0551125, 35.36534611 ], [ 136.055012229999988, 35.36535083 ], [ 136.05492277, 35.36532445 ], [ 136.05476583, 35.36524222 ], [ 136.05458028000001, 35.36511056 ], [ 136.054524719999989, 35.36516055 ], [ 136.054471940000013, 35.36520805 ], [ 136.054617220000011, 35.365355 ], [ 136.054681390000013, 35.36546083 ], [ 136.05473444, 35.36559389 ], [ 136.0547325, 35.36570666 ], [ 136.05469861, 35.36583417 ], [ 136.054634170000014, 35.36595778 ], [ 136.054522780000013, 35.36609695 ], [ 136.0544375, 35.36615195 ], [ 136.0542825, 35.36624305 ], [ 136.05408417000001, 35.36632361 ], [ 136.05402, 35.36632806 ], [ 136.05394583, 35.36630028 ], [ 136.05384306, 35.36620528 ], [ 136.05396944, 35.36610805 ], [ 136.05374889, 35.36594278 ], [ 136.05342251, 35.36623055 ], [ 136.053614720000013, 35.36638 ], [ 136.053690280000012, 35.36632611 ], [ 136.053714719999988, 35.36635555 ], [ 136.05392056, 35.36653917 ], [ 136.05393945, 35.36656528 ], [ 136.05394694, 35.36661084 ], [ 136.05394028, 35.36663945 ], [ 136.05383667000001, 35.36674361 ], [ 136.053566389999986, 35.36699 ], [ 136.05330028, 35.36721083 ], [ 136.053076659999988, 35.36736972 ], [ 136.05275444, 35.36755667 ], [ 136.05254278000001, 35.36764417 ], [ 136.052092499999986, 35.36780583 ], [ 136.05192972, 35.36790722 ], [ 136.05182305, 35.36800695 ], [ 136.05166889, 35.36819972 ], [ 136.05148917, 35.36846639 ], [ 136.05119667, 35.36878139 ], [ 136.051140839999988, 35.36882555 ], [ 136.05105778, 35.36889083 ], [ 136.05088167, 35.36900111 ], [ 136.0506675, 35.36915806 ], [ 136.050497220000011, 35.36927139 ], [ 136.050452220000011, 35.36928389 ], [ 136.05032667, 35.36927306 ], [ 136.05031166, 35.36928223 ], [ 136.05030222, 35.36930667 ], [ 136.05030611, 35.36938945 ], [ 136.05030222, 35.36942639 ], [ 136.05022917, 35.36957417 ], [ 136.050210560000011, 35.36962167 ], [ 136.050212499999986, 35.36965694 ], [ 136.050233060000011, 35.36969694 ], [ 136.050265, 35.36972916 ], [ 136.050353050000012, 35.36978333 ], [ 136.05038861, 35.36981388 ], [ 136.050407220000011, 35.3698675 ], [ 136.05042, 35.36999778 ], [ 136.050448890000013, 35.37006917 ], [ 136.05049417, 35.37013222 ], [ 136.05055722, 35.37017056 ], [ 136.05059806, 35.37021306 ], [ 136.05060278, 35.370235 ], [ 136.050601949999987, 35.37026 ], [ 136.050586939999988, 35.37029056 ], [ 136.05055722, 35.37031806 ], [ 136.050456950000012, 35.37036139 ], [ 136.050416109999986, 35.37038805 ], [ 136.05035028, 35.37046639 ], [ 136.05032806, 35.37047917 ], [ 136.050293610000011, 35.37047917 ], [ 136.05020167, 35.37046139 ], [ 136.050171940000013, 35.37046667 ], [ 136.050155280000013, 35.370485 ], [ 136.05014222, 35.37050305 ], [ 136.05013944, 35.37053194 ], [ 136.05014694, 35.37056611 ], [ 136.05019805, 35.37063639 ], [ 136.05019805, 35.3706575 ], [ 136.0501925, 35.37068917 ], [ 136.05016472, 35.37072722 ], [ 136.05007194, 35.37081722 ], [ 136.050042499999989, 35.37085195 ], [ 136.05004417, 35.37089445 ], [ 136.05005306000001, 35.37092916 ], [ 136.050070839999989, 35.3709475 ], [ 136.050181939999987, 35.37098334 ], [ 136.05021417, 35.37100528 ], [ 136.05022723, 35.3710375 ], [ 136.05022723, 35.37106028 ], [ 136.05022083, 35.37107833 ], [ 136.05019027, 35.3711275 ], [ 136.05013861, 35.371175 ], [ 136.05010639, 35.37118805 ], [ 136.05004556, 35.37118945 ], [ 136.05001417, 35.37118417 ], [ 136.04988694, 35.37112166 ], [ 136.04982417, 35.37109223 ], [ 136.04978723, 35.37108972 ], [ 136.04975889, 35.37109805 ], [ 136.04973027, 35.37112389 ], [ 136.04971722, 35.37115806 ], [ 136.04971722, 35.37125083 ], [ 136.04972833, 35.37127945 ], [ 136.049752219999988, 35.37129972 ], [ 136.04980666, 35.37131416 ], [ 136.049910829999988, 35.3713325 ], [ 136.0499375, 35.37134445 ], [ 136.04995417, 35.37137389 ], [ 136.04995778, 35.37143305 ], [ 136.04995028, 35.37146167 ], [ 136.04993277, 35.37150611 ], [ 136.04989833, 35.37157389 ], [ 136.04985056000001, 35.37162639 ], [ 136.04979167, 35.37165361 ], [ 136.04954167, 35.37165972 ], [ 136.04956223, 35.37175583 ], [ 136.04957056, 35.37183945 ], [ 136.04956223, 35.37186333 ], [ 136.049541940000012, 35.37188528 ], [ 136.04951723, 35.37190334 ], [ 136.04948112, 35.37191833 ], [ 136.04944445000001, 35.37192834 ], [ 136.04932, 35.37192139 ], [ 136.04921611, 35.37192444 ], [ 136.04894417, 35.37198583 ], [ 136.048775830000011, 35.3720325 ], [ 136.048622779999988, 35.37210277 ], [ 136.04857694, 35.37215028 ], [ 136.048538330000014, 35.37224222 ], [ 136.04848861, 35.37228277 ], [ 136.04833639, 35.37236555 ], [ 136.048240279999987, 35.37242055 ], [ 136.04811528, 35.37250917 ], [ 136.0480475, 35.37257667 ], [ 136.047985, 35.37266834 ], [ 136.04790778, 35.37284805 ], [ 136.047804719999988, 35.37300584 ], [ 136.04761889, 35.37325917 ], [ 136.04747778, 35.37343972 ], [ 136.047292230000011, 35.37365694 ], [ 136.04710861, 35.37383277 ], [ 136.047003890000013, 35.37394111 ], [ 136.04679583, 35.37409361 ], [ 136.04645806, 35.3743175 ], [ 136.04633833, 35.37440389 ], [ 136.046162220000014, 35.37456139 ], [ 136.04596139, 35.37474417 ], [ 136.04572833, 35.37497861 ], [ 136.04560694, 35.37512639 ], [ 136.04552612, 35.37527056 ], [ 136.04548083, 35.3754375 ], [ 136.045365, 35.37551639 ], [ 136.04521528, 35.37538778 ], [ 136.04491027, 35.37557222 ], [ 136.044991110000012, 35.37565638 ], [ 136.045165559999987, 35.37555333 ], [ 136.04521333, 35.37560445 ], [ 136.04515723, 35.37565417 ], [ 136.04530028, 35.37579666 ], [ 136.04537, 35.37589472 ], [ 136.04541222, 35.37600889 ], [ 136.04541028, 35.37606278 ], [ 136.04537916000001, 35.37612888 ], [ 136.0453125, 35.376195 ], [ 136.04515777, 35.37627584 ], [ 136.04499666000001, 35.37636 ], [ 136.04494584, 35.37637333 ], [ 136.044901939999988, 35.37638389 ], [ 136.04467028, 35.37637667 ], [ 136.04459723, 35.37637972 ], [ 136.04434833, 35.37646916 ], [ 136.044225, 35.37650472 ], [ 136.0439575, 35.37654805 ], [ 136.04352777, 35.37661944 ], [ 136.04330916, 35.37665083 ], [ 136.04299361, 35.37672805 ], [ 136.04287917, 35.37674583 ], [ 136.042805, 35.37674583 ], [ 136.04271528000001, 35.3767325 ], [ 136.042459439999988, 35.37666861 ], [ 136.04230694, 35.37665972 ], [ 136.042007500000011, 35.37669084 ], [ 136.04170917, 35.37676972 ], [ 136.04144777, 35.37681584 ], [ 136.04137111, 35.37681194 ], [ 136.041294169999986, 35.37680806 ], [ 136.04114028, 35.37689862 ], [ 136.04090777, 35.37699695 ], [ 136.04072334, 35.37703834 ], [ 136.040576390000012, 35.37704416 ], [ 136.04046778, 35.37702639 ], [ 136.0404225, 35.37699388 ], [ 136.04042611, 35.376945 ], [ 136.04035278, 35.37694416 ], [ 136.04027278, 35.37694362 ], [ 136.04021945, 35.37698222 ], [ 136.03999472000001, 35.37700722 ], [ 136.03974555, 35.37703084 ], [ 136.039479160000013, 35.37706472 ], [ 136.03907195, 35.37708555 ], [ 136.038829170000014, 35.37708722 ], [ 136.038285, 35.37705167 ], [ 136.03804556, 35.37704889 ], [ 136.037925, 35.37705472 ], [ 136.03775056, 35.37709584 ], [ 136.03757361000001, 35.37717 ], [ 136.03742055, 35.37725083 ], [ 136.03735583, 35.37729778 ], [ 136.03727833, 35.37739556 ], [ 136.03719361, 35.37747805 ], [ 136.03715195, 35.37750333 ], [ 136.03707667, 35.37754861 ], [ 136.03700666, 35.37757083 ], [ 136.036815280000013, 35.37759917 ], [ 136.03658694, 35.37763167 ], [ 136.03646278, 35.37766417 ], [ 136.036323610000011, 35.37772778 ], [ 136.03622306, 35.37780584 ], [ 136.03613834, 35.37790889 ], [ 136.03604805, 35.37807472 ], [ 136.03588055, 35.37844916 ], [ 136.035792500000014, 35.37868889 ], [ 136.03572583, 35.37896 ], [ 136.03563777, 35.37923334 ], [ 136.03559805, 35.37940333 ], [ 136.035576389999989, 35.37956972 ], [ 136.03557306, 35.37972639 ], [ 136.035581939999986, 35.37978084 ], [ 136.03561445, 35.37983527 ], [ 136.035697230000011, 35.37993694 ], [ 136.03582334, 35.38006806 ], [ 136.03602695, 35.38023528 ], [ 136.03612056, 35.38033555 ], [ 136.036149169999987, 35.38039278 ], [ 136.036163609999988, 35.38044444 ], [ 136.036170840000011, 35.38066639 ], [ 136.036179729999986, 35.38076055 ], [ 136.03623556, 35.38090945 ], [ 136.03630056, 35.38103527 ], [ 136.03634028, 35.3810825 ], [ 136.036412219999988, 35.38115611 ], [ 136.036608339999987, 35.38132167 ], [ 136.036649720000014, 35.3813675 ], [ 136.03667667, 35.38145722 ], [ 136.036680280000013, 35.38159861 ], [ 136.03666388, 35.38171278 ], [ 136.036629729999987, 35.38183222 ], [ 136.036635280000013, 35.38199277 ], [ 136.03664806, 35.38210556 ], [ 136.03667861, 35.38221445 ], [ 136.036739720000014, 35.38231612 ], [ 136.03683722, 35.38244167 ], [ 136.03696306, 35.38257723 ], [ 136.037186389999988, 35.38275888 ], [ 136.037231389999988, 35.38282805 ], [ 136.037276389999988, 35.38296111 ], [ 136.03728361, 35.38303333 ], [ 136.037283050000013, 35.38303667 ], [ 136.037274450000012, 35.38308778 ], [ 136.03725667, 35.38312166 ], [ 136.037216949999987, 35.38316722 ], [ 136.037123329999986, 35.38321333 ], [ 136.036809729999987, 35.38340389 ], [ 136.03673222, 35.38347472 ], [ 136.03667834, 35.38352639 ], [ 136.03662612, 35.38361305 ], [ 136.03657361, 35.38375667 ], [ 136.03648722, 35.38414778 ], [ 136.03639, 35.38450222 ], [ 136.03633222, 35.38464638 ], [ 136.03625861, 35.38483139 ], [ 136.03616833000001, 35.38500277 ], [ 136.036065830000013, 35.38523833 ], [ 136.03591278, 35.38548361 ], [ 136.03570195, 35.38585861 ], [ 136.03557417, 35.38609417 ], [ 136.035457220000012, 35.38629972 ], [ 136.03532583, 35.38651917 ], [ 136.035261389999988, 35.38661528 ], [ 136.03519222, 35.38671861 ], [ 136.03496694, 35.38704055 ], [ 136.0347475, 35.38743027 ], [ 136.03452055, 35.38787445 ], [ 136.03444667, 35.38806444 ], [ 136.034372780000012, 35.38834861 ], [ 136.03424166, 35.38897361 ], [ 136.03422694, 35.38906555 ], [ 136.03417667, 35.38937972 ], [ 136.03412805, 35.38979334 ], [ 136.03407445, 35.39033806 ], [ 136.03406111000001, 35.3908125 ], [ 136.03405278, 35.3911125 ], [ 136.034085, 35.39172584 ], [ 136.03412333, 35.39212361 ], [ 136.034128329999987, 35.39217555 ], [ 136.03418806, 35.39269167 ], [ 136.03427084, 35.39319723 ], [ 136.034348060000013, 35.39361722 ], [ 136.034441390000012, 35.39406945 ], [ 136.034545830000013, 35.39456583 ], [ 136.03464639, 35.39499306 ], [ 136.03468056, 35.39519166 ], [ 136.03473111, 35.39537778 ], [ 136.03487306, 35.3958975 ], [ 136.034917220000011, 35.396065 ], [ 136.0349575, 35.3962175 ], [ 136.03509556, 35.39668917 ], [ 136.035239170000011, 35.39713639 ], [ 136.03529472, 35.39734277 ], [ 136.03561084, 35.39815667 ], [ 136.03561166, 35.39815861 ], [ 136.03576639, 35.39861667 ], [ 136.0357675, 35.39862083 ], [ 136.03561306, 35.39868194 ], [ 136.035623890000011, 35.39872527 ], [ 136.035639730000014, 35.39874 ], [ 136.03565584, 35.39874278 ], [ 136.03597527, 35.39863972 ], [ 136.03602139, 35.398625 ], [ 136.036046379999988, 35.3986425 ], [ 136.03611695, 35.39885445 ], [ 136.03625084, 35.39919778 ], [ 136.03632195, 35.39938389 ], [ 136.03643889, 35.39964444 ], [ 136.036535, 35.39987444 ], [ 136.03660055, 35.40005528 ], [ 136.036771390000013, 35.40046 ], [ 136.03686556, 35.40070333 ], [ 136.03702722, 35.40110084 ], [ 136.037108890000013, 35.40129028 ], [ 136.037236940000014, 35.40152805 ], [ 136.03734694, 35.40178528 ], [ 136.037475, 35.40204611 ], [ 136.03755862, 35.4022175 ], [ 136.03766167, 35.40239556 ], [ 136.037911939999987, 35.40280583 ], [ 136.03803111, 35.40298667 ], [ 136.038258610000014, 35.40331278 ], [ 136.03842416, 35.40357528 ], [ 136.038610549999987, 35.40381805 ], [ 136.03870278, 35.40389805 ], [ 136.03880806, 35.40394528 ], [ 136.03895028, 35.40399473 ], [ 136.03896611, 35.40401777 ], [ 136.03896444, 35.40404555 ], [ 136.03891528, 35.40410723 ], [ 136.03891472, 35.40410806 ], [ 136.03902111, 35.40410639 ], [ 136.039245, 35.40444611 ], [ 136.03941722, 35.4046625 ], [ 136.03949889, 35.40475917 ], [ 136.03974027000001, 35.40493305 ], [ 136.03983305, 35.40502389 ], [ 136.040028330000013, 35.405255 ], [ 136.04012889, 35.40534778 ], [ 136.04014389, 35.40536166 ], [ 136.040374719999988, 35.40553306 ], [ 136.040508609999989, 35.40560472 ], [ 136.04067555, 35.40567139 ], [ 136.04111111, 35.40571667 ], [ 136.04155334, 35.40576611 ], [ 136.04185528, 35.405785 ], [ 136.0425075, 35.40577361 ], [ 136.043094450000012, 35.40574111 ], [ 136.043545279999989, 35.40569194 ], [ 136.04400611, 35.40570222 ], [ 136.044465839999987, 35.40571083 ], [ 136.04501833, 35.40581001 ], [ 136.04551944, 35.40592806 ], [ 136.04601194, 35.40605916 ], [ 136.04639389, 35.40615945 ], [ 136.04664806, 35.40623695 ], [ 136.04695694, 35.40634166 ], [ 136.047190269999987, 35.40645639 ], [ 136.04724084, 35.40649862 ], [ 136.04724694, 35.40652389 ], [ 136.04724250000001, 35.40654723 ], [ 136.04723, 35.40656528 ], [ 136.047204169999986, 35.40658 ], [ 136.04711694, 35.40660444 ], [ 136.0471875, 35.40689139 ], [ 136.04729111, 35.40731139 ], [ 136.047646390000011, 35.40740111 ], [ 136.047715, 35.407425 ], [ 136.047752769999988, 35.40744944 ], [ 136.047759719999988, 35.40747528 ], [ 136.047759719999988, 35.40749916 ], [ 136.047752769999988, 35.40752556 ], [ 136.047715, 35.40757111 ], [ 136.04760972, 35.40767 ], [ 136.047376390000011, 35.40786 ], [ 136.04720139, 35.4080075 ], [ 136.047083609999987, 35.40813278 ], [ 136.04692083, 35.40832778 ], [ 136.046797770000012, 35.40844889 ], [ 136.046556110000012, 35.40865973 ], [ 136.04643694, 35.40877667 ], [ 136.04636305, 35.40885722 ], [ 136.04626861, 35.40898417 ], [ 136.04624583, 35.40899805 ], [ 136.046207220000014, 35.40899861 ], [ 136.04617389, 35.40899278 ], [ 136.046146670000013, 35.40897861 ], [ 136.04612584, 35.40896361 ], [ 136.04611555, 35.40894417 ], [ 136.04611111, 35.408885 ], [ 136.046124170000013, 35.40881694 ], [ 136.04617167, 35.408745 ], [ 136.046338060000011, 35.40858695 ], [ 136.046558330000011, 35.40839528 ], [ 136.04658638, 35.40833945 ], [ 136.046595, 35.408305 ], [ 136.046582769999986, 35.40827195 ], [ 136.04656528000001, 35.40824778 ], [ 136.04647945, 35.40818556 ], [ 136.04622611, 35.4080125 ], [ 136.04603, 35.40819195 ], [ 136.04600389, 35.40823611 ], [ 136.04600389, 35.40828667 ], [ 136.04602417000001, 35.40838055 ], [ 136.04592528, 35.40862166 ], [ 136.04582889, 35.40888945 ], [ 136.0458425, 35.40891833 ], [ 136.045868610000014, 35.40894833 ], [ 136.04593306000001, 35.40899111 ], [ 136.04598361, 35.4090175 ], [ 136.045995, 35.40903611 ], [ 136.04599417, 35.4090675 ], [ 136.04597917000001, 35.40910195 ], [ 136.04591528, 35.40917417 ], [ 136.04583194, 35.40927972 ], [ 136.045698609999988, 35.4094725 ], [ 136.0455825, 35.40963888 ], [ 136.04552, 35.40976222 ], [ 136.0455025, 35.40980639 ], [ 136.04548, 35.40992722 ], [ 136.04548361, 35.41009833 ], [ 136.04550611, 35.41021833 ], [ 136.045536950000013, 35.41033861 ], [ 136.04567222, 35.41065111 ], [ 136.04572583, 35.41079444 ], [ 136.04581417, 35.41094889 ], [ 136.045854170000013, 35.41105306 ], [ 136.045876670000013, 35.4111225 ], [ 136.0459425, 35.41136278 ], [ 136.045965, 35.41147889 ], [ 136.045978889999986, 35.41157862 ], [ 136.045998059999988, 35.41175583 ], [ 136.046020559999988, 35.41192917 ], [ 136.046074159999989, 35.41220194 ], [ 136.046100270000011, 35.41238944 ], [ 136.04610722000001, 35.41250139 ], [ 136.04610194, 35.41271444 ], [ 136.04608973, 35.41286194 ], [ 136.04606028, 35.41301833 ], [ 136.046036109999989, 35.41319833 ], [ 136.046032770000011, 35.41332083 ], [ 136.04604473, 35.41347389 ], [ 136.04604139, 35.41356222 ], [ 136.04602223, 35.41359778 ], [ 136.04594083, 35.41363723 ], [ 136.046029159999989, 35.41368306 ], [ 136.04604834, 35.41370139 ], [ 136.04606222000001, 35.41373111 ], [ 136.04606389, 35.41388611 ], [ 136.04607445, 35.41399527 ], [ 136.04609167000001, 35.41406361 ], [ 136.046110559999988, 35.41411028 ], [ 136.04619388, 35.41421972 ], [ 136.046244159999986, 35.41429056 ], [ 136.046303060000014, 35.41442861 ], [ 136.04636027, 35.4146275 ], [ 136.04638277, 35.41476056 ], [ 136.046401949999989, 35.41498834 ], [ 136.04641583, 35.41518084 ], [ 136.04642777, 35.4152375 ], [ 136.04645722, 35.41531555 ], [ 136.04658694, 35.4156325 ], [ 136.046618059999986, 35.41575167 ], [ 136.04664417, 35.415915 ], [ 136.046652779999988, 35.41609777 ], [ 136.04664417, 35.41618944 ], [ 136.04661305, 35.41632528 ], [ 136.04660278, 35.41655139 ], [ 136.04662334, 35.41675139 ], [ 136.046625830000011, 35.41677056 ], [ 136.0466425, 35.41689778 ], [ 136.04663722, 35.4170325 ], [ 136.04659389, 35.41731611 ], [ 136.046525, 35.41781944 ], [ 136.04645222, 35.41819416 ], [ 136.046435, 35.41848555 ], [ 136.046365830000013, 35.41889111 ], [ 136.04628639, 35.41923611 ], [ 136.04622333, 35.419525 ], [ 136.046185, 35.41971917 ], [ 136.04617334, 35.41976194 ], [ 136.04616612, 35.41983611 ], [ 136.04622222, 35.41983611 ], [ 136.04622222, 35.41985 ], [ 136.04611805, 35.42008306 ], [ 136.04605888, 35.42026139 ], [ 136.04605139, 35.42035333 ], [ 136.04605888, 35.42044166 ], [ 136.04610695, 35.4206725 ], [ 136.04614139, 35.42124166 ], [ 136.04614834, 35.42148945 ], [ 136.04612778, 35.42162472 ], [ 136.04609334, 35.42174889 ], [ 136.045935, 35.42207 ], [ 136.04577667, 35.4224025 ], [ 136.04568389, 35.42290889 ], [ 136.04559111, 35.42323056 ], [ 136.045576939999989, 35.42328138 ], [ 136.045494170000012, 35.42343333 ], [ 136.04539112, 35.42363055 ], [ 136.04534973, 35.42377167 ], [ 136.04530139, 35.42416611 ], [ 136.04527389, 35.424335 ], [ 136.04518445, 35.42458861 ], [ 136.045143059999987, 35.42465639 ], [ 136.0446475, 35.42510722 ], [ 136.04452361, 35.42524222 ], [ 136.044206949999989, 35.42574944 ], [ 136.044138049999987, 35.42589 ], [ 136.04400027, 35.42633527 ], [ 136.04392472, 35.4264875 ], [ 136.04385584, 35.42656639 ], [ 136.043706390000011, 35.42677277 ], [ 136.04363555, 35.42687056 ], [ 136.04342195000001, 35.42710167 ], [ 136.04309167, 35.42746806 ], [ 136.0429125, 35.42771583 ], [ 136.0428025, 35.42789611 ], [ 136.042706110000012, 35.42813861 ], [ 136.042478890000012, 35.42883695 ], [ 136.042471940000013, 35.42893278 ], [ 136.04255472, 35.42907944 ], [ 136.042210829999988, 35.42935556 ], [ 136.04217639, 35.42941195 ], [ 136.042135, 35.42955278 ], [ 136.04206611, 35.42968222 ], [ 136.04178389, 35.42997527 ], [ 136.04142583, 35.43053889 ], [ 136.04133639, 35.43058945 ], [ 136.04123306, 35.43060639 ], [ 136.04128889, 35.43067473 ], [ 136.041302769999987, 35.43071055 ], [ 136.041298329999989, 35.43074278 ], [ 136.041272780000014, 35.4307675 ], [ 136.04123306, 35.43077556 ], [ 136.041121940000011, 35.43093167 ], [ 136.04098528, 35.43112472 ], [ 136.040957780000014, 35.43123722 ], [ 136.04086834, 35.43146278 ], [ 136.04085444, 35.43160362 ], [ 136.04090278000001, 35.43176694 ], [ 136.04089861, 35.43185111 ], [ 136.040895830000011, 35.43190806 ], [ 136.04075805, 35.4323475 ], [ 136.040765, 35.43248833 ], [ 136.04081305, 35.432725 ], [ 136.04085444, 35.43286583 ], [ 136.040950830000014, 35.43313083 ], [ 136.041005829999989, 35.43323222 ], [ 136.04128806, 35.43390806 ], [ 136.04143944, 35.43415611 ], [ 136.04164583, 35.43453917 ], [ 136.04186611, 35.43504083 ], [ 136.04192, 35.43514333 ], [ 136.041967230000012, 35.43523278 ], [ 136.042120829999988, 35.43552556 ], [ 136.042355, 35.43586361 ], [ 136.042637219999989, 35.43629167 ], [ 136.04278195, 35.43651694 ], [ 136.04300222, 35.43687195 ], [ 136.043222500000013, 35.4371875 ], [ 136.04371777, 35.43795972 ], [ 136.04389, 35.438185 ], [ 136.043986389999986, 35.43828083 ], [ 136.04432362, 35.43870889 ], [ 136.04452917, 35.43896195 ], [ 136.04499138, 35.43953167 ], [ 136.04517722, 35.43975139 ], [ 136.045659160000014, 35.44037695 ], [ 136.04575555, 35.44052333 ], [ 136.045845, 35.44064167 ], [ 136.046023889999987, 35.4408275 ], [ 136.04636111, 35.44126167 ], [ 136.046595270000012, 35.44150917 ], [ 136.04701639000001, 35.44197416 ], [ 136.047070280000014, 35.44206723 ], [ 136.04727666, 35.44230945 ], [ 136.04764167, 35.44268694 ], [ 136.048165, 35.44317722 ], [ 136.048467499999987, 35.44352111 ], [ 136.04879111, 35.44384778 ], [ 136.04903195, 35.44407861 ], [ 136.04939694, 35.44449556 ], [ 136.04949333, 35.44458583 ], [ 136.04988556, 35.44500833 ], [ 136.05023, 35.44532389 ], [ 136.05031944000001, 35.44539722 ], [ 136.050628890000013, 35.44567055 ], [ 136.05075306, 35.44578028 ], [ 136.051158890000011, 35.44606222 ], [ 136.05161, 35.44642 ], [ 136.051875, 35.44664805 ], [ 136.05203333, 35.44680583 ], [ 136.052308610000011, 35.44701417 ], [ 136.05259111, 35.44718334 ], [ 136.052825, 35.44730722 ], [ 136.05307973, 35.44740306 ], [ 136.05356139, 35.44751583 ], [ 136.05446333, 35.44751583 ], [ 136.054573330000011, 35.44752695 ], [ 136.0547525, 35.44756639 ], [ 136.05493139, 35.44758917 ], [ 136.05510361, 35.44762278 ], [ 136.055482219999988, 35.44773 ], [ 136.05564056, 35.44773 ], [ 136.05574389, 35.44771305 ], [ 136.056163340000012, 35.44769055 ], [ 136.056308050000013, 35.4477075 ], [ 136.05643194000001, 35.44776361 ], [ 136.056473329999989, 35.44780889 ], [ 136.05658, 35.44788583 ], [ 136.05667917, 35.4479575 ], [ 136.05671417, 35.44796084 ], [ 136.05699639, 35.448085 ], [ 136.057065279999989, 35.44813 ], [ 136.05719223, 35.4481925 ], [ 136.057306110000013, 35.44824833 ], [ 136.05740444, 35.44825722 ], [ 136.056878610000012, 35.44870445 ], [ 136.05755111, 35.44918334 ], [ 136.05782555, 35.44893778 ], [ 136.057628060000013, 35.44877639 ], [ 136.057599720000013, 35.44871973 ], [ 136.057607499999989, 35.44866528 ], [ 136.057663889999986, 35.44860028 ], [ 136.05773306, 35.44865417 ], [ 136.05775361, 35.44869361 ], [ 136.05787084, 35.44880611 ], [ 136.05816, 35.44896361 ], [ 136.058359450000012, 35.44912722 ], [ 136.058442219999989, 35.44915528 ], [ 136.058635, 35.44917778 ], [ 136.05894444, 35.44917222 ], [ 136.05911667, 35.44912722 ], [ 136.05925417, 35.44907084 ], [ 136.059495270000014, 35.44893 ], [ 136.05964667, 35.44887361 ], [ 136.0598325, 35.44885111 ], [ 136.05990139, 35.44886222 ], [ 136.060032220000011, 35.44892417 ], [ 136.060094170000013, 35.4489975 ], [ 136.060094170000013, 35.44909334 ], [ 136.0601475, 35.44930972 ], [ 136.060199720000014, 35.44952111 ], [ 136.06022195, 35.44951806 ], [ 136.060244719999986, 35.44953361 ], [ 136.06034194, 35.44978084 ], [ 136.06036945, 35.44982584 ], [ 136.06045889, 35.45009639 ], [ 136.06045889, 35.45024305 ], [ 136.060438330000011, 35.45036139 ], [ 136.060438330000011, 35.45079528 ], [ 136.06045889, 35.4509925 ], [ 136.06045889, 35.45119528 ], [ 136.060479719999989, 35.45135278 ], [ 136.060479719999989, 35.45163444 ], [ 136.06040389, 35.45189389 ], [ 136.060321390000013, 35.45215861 ], [ 136.06029389, 35.45235027 ], [ 136.06029389, 35.45265444 ], [ 136.06032833, 35.45286861 ], [ 136.06034194, 35.45337028 ], [ 136.06034194, 35.45360694 ], [ 136.06038333, 35.45374778 ], [ 136.060486669999989, 35.45395611 ], [ 136.06056222, 35.45406861 ], [ 136.060672219999987, 35.45419277 ], [ 136.06119528, 35.45479 ], [ 136.061601669999988, 35.45517889 ], [ 136.06188389, 35.45551695 ], [ 136.06238638, 35.45605222 ], [ 136.06256528, 35.45624389 ], [ 136.06281306, 35.45646889 ], [ 136.063825, 35.45734806 ], [ 136.063896949999986, 35.45739888 ], [ 136.06402444, 35.45748889 ], [ 136.06412083, 35.45754528 ], [ 136.06463027, 35.45794556 ], [ 136.06497472, 35.45822723 ], [ 136.065201660000014, 35.45841305 ], [ 136.06547, 35.45866667 ], [ 136.065614720000013, 35.45881333 ], [ 136.06575917, 35.45891472 ], [ 136.06608972, 35.45908916 ], [ 136.06624111, 35.45917916 ], [ 136.066433890000013, 35.45933695 ], [ 136.06659222, 35.45950612 ], [ 136.06670222, 35.45957362 ], [ 136.06697778, 35.45969194 ], [ 136.06701945, 35.45971945 ], [ 136.067294440000012, 35.45990056 ], [ 136.067700269999989, 35.46014278 ], [ 136.06826472, 35.46047527 ], [ 136.0684025, 35.46056556 ], [ 136.06895333, 35.46088666 ], [ 136.06931111, 35.46112333 ], [ 136.06955222, 35.46127555 ], [ 136.07013722, 35.46164722 ], [ 136.07044695, 35.46182194 ], [ 136.070798059999987, 35.46203028 ], [ 136.070913890000014, 35.46209473 ], [ 136.07152, 35.46268167 ], [ 136.07145306000001, 35.46276 ], [ 136.07176139, 35.462895 ], [ 136.07183917, 35.46292889 ], [ 136.07192, 35.46296416 ], [ 136.071963610000012, 35.46296695 ], [ 136.072015560000011, 35.46298472 ], [ 136.072453059999987, 35.46318834 ], [ 136.07341889, 35.46355139 ], [ 136.07456, 35.46391667 ], [ 136.07521972, 35.46405583 ], [ 136.07529362, 35.46408528 ], [ 136.07536778, 35.46411472 ], [ 136.0757125, 35.46419361 ], [ 136.07608194, 35.46427028 ], [ 136.07689194, 35.46438 ], [ 136.07744306, 35.464435 ], [ 136.07779555, 35.46445778 ], [ 136.07823972, 35.46445778 ], [ 136.078505549999988, 35.46441889 ], [ 136.07867889, 35.46437333 ], [ 136.078880270000013, 35.46428638 ], [ 136.07902389, 35.46409834 ], [ 136.079278609999989, 35.46377167 ], [ 136.079457780000013, 35.46364778 ], [ 136.07980889000001, 35.46338278 ], [ 136.07993972, 35.4632475 ], [ 136.07998778000001, 35.46315167 ], [ 136.08006361, 35.46303333 ], [ 136.08041472, 35.46276861 ], [ 136.080504170000012, 35.46263889 ], [ 136.080635, 35.46232334 ], [ 136.08075889, 35.46191194 ], [ 136.08075889, 35.46184444 ], [ 136.08069695, 35.46179361 ], [ 136.08061444, 35.46177667 ], [ 136.08044222, 35.46171472 ], [ 136.080387230000014, 35.46166972 ], [ 136.080366379999987, 35.46161334 ], [ 136.080366379999987, 35.46150639 ], [ 136.08044916, 35.46122445 ], [ 136.08046278, 35.46113472 ], [ 136.08051806, 35.46088666 ], [ 136.08053861, 35.46067833 ], [ 136.080552219999987, 35.46037945 ], [ 136.08059361, 35.46002444 ], [ 136.08064861, 35.45977667 ], [ 136.080745, 35.45950055 ], [ 136.08092416, 35.458875 ], [ 136.081144450000011, 35.45842445 ], [ 136.08117194, 35.45834555 ], [ 136.081192499999986, 35.45831166 ], [ 136.08139222, 35.45786084 ], [ 136.081481669999988, 35.45773694 ], [ 136.08167445, 35.45751139 ], [ 136.08186722, 35.457365 ], [ 136.08189472, 35.45735361 ], [ 136.08202556, 35.45723528 ], [ 136.082121949999987, 35.45710584 ], [ 136.082170280000014, 35.45697056 ], [ 136.082225279999989, 35.456745 ], [ 136.082218329999989, 35.45633389 ], [ 136.0822125, 35.45609277 ], [ 136.08221139, 35.45604111 ], [ 136.08225972, 35.45567472 ], [ 136.08231472, 35.4554775 ], [ 136.08238361, 35.45536472 ], [ 136.082535, 35.45521834 ], [ 136.08278945, 35.45504361 ], [ 136.08290667, 35.45488583 ], [ 136.08298223, 35.45470555 ], [ 136.08301667, 35.45451944 ], [ 136.08312694, 35.45414195 ], [ 136.08336778, 35.45362916 ], [ 136.083457220000014, 35.45344334 ], [ 136.0836225, 35.45318417 ], [ 136.08378778, 35.45297 ], [ 136.08407, 35.45272223 ], [ 136.084152499999988, 35.45260944 ], [ 136.08427667, 35.45240667 ], [ 136.0844625, 35.45210778 ], [ 136.0846, 35.45193333 ], [ 136.08468278, 35.45186556 ], [ 136.084889159999989, 35.45175277 ], [ 136.08492917, 35.45172889 ], [ 136.0849475, 35.45171278 ], [ 136.084995, 35.45162222 ], [ 136.08502611, 35.4515875 ], [ 136.08506555, 35.45156916 ], [ 136.08507111, 35.45153472 ], [ 136.08508638, 35.45152222 ], [ 136.08511889, 35.45151195 ], [ 136.08514972, 35.45150833 ], [ 136.08517056, 35.45149805 ], [ 136.08523528, 35.45146139 ], [ 136.085312499999986, 35.45142445 ], [ 136.08535028, 35.45141889 ], [ 136.0853825, 35.45142111 ], [ 136.085420559999989, 35.4514325 ], [ 136.08547084, 35.45138889 ], [ 136.08555389, 35.45134528 ], [ 136.085584720000014, 35.45131667 ], [ 136.08560305, 35.45130861 ], [ 136.08565389, 35.45130527 ], [ 136.085763609999987, 35.45120638 ], [ 136.08597, 35.45107666 ], [ 136.08615584, 35.45098111 ], [ 136.08628, 35.45086833 ], [ 136.086444730000011, 35.45067111 ], [ 136.08651361, 35.45056417 ], [ 136.08650666, 35.4504175 ], [ 136.08645166, 35.45031055 ], [ 136.086355559999987, 35.45015278 ], [ 136.08632806, 35.45007389 ], [ 136.086335, 35.44997806 ], [ 136.08639, 35.44989361 ], [ 136.086458889999989, 35.44982584 ], [ 136.086589440000012, 35.44975277 ], [ 136.08684416, 35.44967389 ], [ 136.08699556, 35.44963444 ], [ 136.08709889, 35.44958917 ], [ 136.087160829999988, 35.44954417 ], [ 136.08722278, 35.44944278 ], [ 136.08726417, 35.44925666 ], [ 136.087395, 35.44898639 ], [ 136.087518890000013, 35.44889056 ], [ 136.087566939999988, 35.44887361 ], [ 136.08773222, 35.44887361 ], [ 136.08778027, 35.44887917 ], [ 136.08795944, 35.44893556 ], [ 136.088090279999989, 35.44896944 ], [ 136.08868916, 35.44900306 ], [ 136.08906778, 35.44899194 ], [ 136.089295, 35.44893556 ], [ 136.08941889, 35.44888472 ], [ 136.08962528, 35.44876639 ], [ 136.08972834, 35.44872139 ], [ 136.08988, 35.4486875 ], [ 136.09015528, 35.44870445 ], [ 136.090251669999986, 35.44869889 ], [ 136.090382510000012, 35.44862583 ], [ 136.090774720000013, 35.44832166 ], [ 136.0908575, 35.44828778 ], [ 136.09108473, 35.44828778 ], [ 136.091284159999987, 35.44832166 ], [ 136.09144945, 35.44835555 ], [ 136.091715560000011, 35.44834 ], [ 136.09242695, 35.44842861 ], [ 136.092708890000011, 35.44847112 ], [ 136.09277806, 35.44843194 ], [ 136.09289112, 35.44843666 ], [ 136.092956390000012, 35.44848638 ], [ 136.09300445, 35.44850611 ], [ 136.093075559999988, 35.44852 ], [ 136.09312361, 35.44854194 ], [ 136.093191389999987, 35.44858723 ], [ 136.09329028, 35.44862889 ], [ 136.09334, 35.44865417 ], [ 136.09335611, 35.44869917 ], [ 136.09352139, 35.44876667 ], [ 136.09374861, 35.44888472 ], [ 136.09418917, 35.44910472 ], [ 136.09461611, 35.449375 ], [ 136.0948225, 35.44952167 ], [ 136.09491888, 35.44956667 ], [ 136.09527667, 35.44957805 ], [ 136.09550388, 35.4496175 ], [ 136.09580667, 35.44975277 ], [ 136.09602028, 35.44992167 ], [ 136.09616473, 35.45000639 ], [ 136.09657084, 35.45013583 ], [ 136.09663278, 35.45016417 ], [ 136.09691528, 35.45025417 ], [ 136.0977275, 35.45038389 ], [ 136.098326109999988, 35.45049083 ], [ 136.09862917, 35.45055861 ], [ 136.09898028, 35.45069361 ], [ 136.09927611, 35.45085166 ], [ 136.09935195, 35.45090778 ], [ 136.09944834, 35.45095861 ], [ 136.09984778, 35.45120667 ], [ 136.10004722, 35.45133055 ], [ 136.10031584, 35.45147139 ], [ 136.10055639, 35.45160111 ], [ 136.10108667, 35.45193333 ], [ 136.1013825, 35.45206833 ], [ 136.10162362, 35.452215 ], [ 136.101754449999987, 35.45231083 ], [ 136.10214667, 35.45267694 ], [ 136.10224306, 35.45281806 ], [ 136.10239472, 35.45309972 ], [ 136.10246973, 35.45327472 ], [ 136.10252527, 35.45340389 ], [ 136.10267, 35.45373083 ], [ 136.10275944, 35.4540125 ], [ 136.10282139, 35.45429444 ], [ 136.10288333, 35.45444611 ], [ 136.102959160000012, 35.45457583 ], [ 136.10323417, 35.45497583 ], [ 136.10357167, 35.45535916 ], [ 136.10429445, 35.45601834 ], [ 136.10441139, 35.45620444 ], [ 136.10465917, 35.45672861 ], [ 136.10471444, 35.45695389 ], [ 136.104879720000014, 35.45738195 ], [ 136.104941669999988, 35.45755083 ], [ 136.10510666, 35.45793417 ], [ 136.10539584, 35.45852583 ], [ 136.10544389, 35.45859333 ], [ 136.10567778, 35.45901611 ], [ 136.10596694, 35.45955139 ], [ 136.10613916, 35.45994583 ], [ 136.10616667, 35.460115 ], [ 136.10618055, 35.46052611 ], [ 136.106228609999988, 35.460695 ], [ 136.10625611, 35.46074028 ], [ 136.106276939999987, 35.46081916 ], [ 136.10631805, 35.46101638 ], [ 136.10633195, 35.46146139 ], [ 136.10635944, 35.46157972 ], [ 136.10644195, 35.46174889 ], [ 136.106634719999988, 35.46204195 ], [ 136.106745, 35.46229556 ], [ 136.1068, 35.46250973 ], [ 136.1068275, 35.46267861 ], [ 136.106868889999987, 35.46288167 ], [ 136.106979169999988, 35.46325361 ], [ 136.10709612, 35.463845 ], [ 136.107165, 35.46425056 ], [ 136.10720611, 35.46447611 ], [ 136.107213050000013, 35.46502834 ], [ 136.107226950000012, 35.46522 ], [ 136.107275, 35.46560305 ], [ 136.10728889, 35.46565389 ], [ 136.10734389000001, 35.465975 ], [ 136.107378329999989, 35.46625111 ], [ 136.107392229999988, 35.4662625 ], [ 136.10743333, 35.4665325 ], [ 136.10748167, 35.46667917 ], [ 136.10759861, 35.46692139 ], [ 136.10775, 35.46711306 ], [ 136.10799111, 35.46734972 ], [ 136.1082475, 35.46762388 ], [ 136.10853472, 35.46793028 ], [ 136.10881694, 35.46830195 ], [ 136.10904417, 35.46855556 ], [ 136.10906473, 35.46856139 ], [ 136.10947083, 35.46896695 ], [ 136.10980139, 35.46929389 ], [ 136.10996667, 35.46948556 ], [ 136.11001472, 35.46955306 ], [ 136.11033834, 35.46991361 ], [ 136.11045528, 35.47008277 ], [ 136.11063445, 35.4703925 ], [ 136.11071, 35.47057833 ], [ 136.11078583, 35.470815 ], [ 136.11089611, 35.47126584 ], [ 136.11096473, 35.47157028 ], [ 136.11110222, 35.47196472 ], [ 136.111184720000011, 35.47249445 ], [ 136.1112125, 35.47269167 ], [ 136.11121916, 35.47302972 ], [ 136.11119194, 35.47324945 ], [ 136.11116444000001, 35.47335056 ], [ 136.11102, 35.47366055 ], [ 136.11088917, 35.47385777 ], [ 136.11078583, 35.47399306 ], [ 136.11073084, 35.47411139 ], [ 136.11073084, 35.4743425 ], [ 136.11076528000001, 35.47448333 ], [ 136.11111639, 35.47508056 ], [ 136.11119889, 35.47526667 ], [ 136.11142611, 35.4757175 ], [ 136.11144972, 35.47575639 ], [ 136.111570269999987, 35.47595417 ], [ 136.11167361, 35.47608361 ], [ 136.11172195, 35.47612889 ], [ 136.11183194, 35.47620195 ], [ 136.111928330000012, 35.47624139 ], [ 136.112114170000012, 35.47635417 ], [ 136.11218305, 35.47641056 ], [ 136.112327779999987, 35.47655694 ], [ 136.112348340000011, 35.47659639 ], [ 136.11237778, 35.47661778 ], [ 136.112433329999988, 35.47661306 ], [ 136.11248056, 35.47662473 ], [ 136.11252362, 35.47664805 ], [ 136.11255055, 35.4766725 ], [ 136.112559440000013, 35.47675583 ], [ 136.11265083, 35.47680611 ], [ 136.11266361, 35.47682361 ], [ 136.112692220000014, 35.47691028 ], [ 136.11271084, 35.47693222 ], [ 136.11278667, 35.47698167 ], [ 136.11280944, 35.47703084 ], [ 136.11282806, 35.47709972 ], [ 136.11283389, 35.47714583 ], [ 136.1128625, 35.47717277 ], [ 136.1128525, 35.47725555 ], [ 136.11284111, 35.47728834 ], [ 136.11280944, 35.47732334 ], [ 136.11287834, 35.4776275 ], [ 136.11302305000001, 35.47805027 ], [ 136.1131125, 35.47839389 ], [ 136.11315389, 35.47852916 ], [ 136.113263890000013, 35.47888972 ], [ 136.11335333, 35.47908139 ], [ 136.11358056, 35.47955472 ], [ 136.113594440000014, 35.47956611 ], [ 136.113663339999988, 35.47976334 ], [ 136.113773329999987, 35.4801575 ], [ 136.11381472, 35.48034916 ], [ 136.11382167, 35.48054639 ], [ 136.11378722, 35.48070417 ], [ 136.11367, 35.48089555 ], [ 136.11362889, 35.48099694 ], [ 136.11356695, 35.48127333 ], [ 136.11352556, 35.48160555 ], [ 136.11344305, 35.48236639 ], [ 136.11343611, 35.4825525 ], [ 136.11345666, 35.48267639 ], [ 136.11349805, 35.4828 ], [ 136.1135875, 35.48294666 ], [ 136.113773329999987, 35.48317195 ], [ 136.11431722, 35.48362834 ], [ 136.11440667, 35.48371861 ], [ 136.114455, 35.48378056 ], [ 136.114537500000012, 35.48391583 ], [ 136.11475778, 35.48430472 ], [ 136.114985, 35.48459778 ], [ 136.11508139, 35.48469361 ], [ 136.11519138, 35.48476666 ], [ 136.11543917, 35.48489638 ], [ 136.11572139, 35.48498638 ], [ 136.11590028, 35.48502583 ], [ 136.11606556000001, 35.48503167 ], [ 136.11628472000001, 35.48505639 ], [ 136.11631333, 35.48505972 ], [ 136.11652, 35.48511055 ], [ 136.11671278, 35.485195 ], [ 136.116885, 35.48530222 ], [ 136.11694695, 35.48534722 ], [ 136.11775167, 35.48588972 ], [ 136.11780667, 35.4858875 ], [ 136.11792139, 35.48590055 ], [ 136.11795805, 35.48592111 ], [ 136.11801528, 35.48600527 ], [ 136.11804473, 35.4861125 ], [ 136.118071109999988, 35.48614139 ], [ 136.118144730000012, 35.48622194 ], [ 136.11815639, 35.4862675 ], [ 136.11828222, 35.48638973 ], [ 136.118543609999989, 35.4867725 ], [ 136.11866083000001, 35.48690222 ], [ 136.11886722, 35.48703194 ], [ 136.1190325, 35.48706555 ], [ 136.11985861, 35.48700917 ], [ 136.119963610000013, 35.48700222 ], [ 136.12038056, 35.48695417 ], [ 136.12054777, 35.48699333 ], [ 136.12073862, 35.48703806 ], [ 136.12135722, 35.48700445 ], [ 136.12152278, 35.48703334 ], [ 136.12162278, 35.48712028 ], [ 136.12166417, 35.48721639 ], [ 136.12166695, 35.48739055 ], [ 136.12167, 35.48757777 ], [ 136.12185861, 35.4875825 ], [ 136.12188416, 35.4873 ], [ 136.12212333, 35.48729861 ], [ 136.122213609999989, 35.4872875 ], [ 136.12244722, 35.48643528 ], [ 136.1226375, 35.48571056 ], [ 136.122645549999987, 35.48543722 ], [ 136.1230525, 35.48535722 ], [ 136.12304028, 35.48525167 ], [ 136.122758049999987, 35.48488861 ], [ 136.122947219999986, 35.48484583 ], [ 136.12283833, 35.48466777 ], [ 136.122802220000011, 35.48449695 ], [ 136.12279806, 35.48434417 ], [ 136.12283027, 35.48412695 ], [ 136.12288278, 35.48391611 ], [ 136.12295139, 35.48368056 ], [ 136.12297944, 35.48360194 ], [ 136.12298361, 35.48352167 ], [ 136.12319695, 35.4829525 ], [ 136.12329333, 35.48282861 ], [ 136.12392666, 35.48242833 ], [ 136.124016110000014, 35.48239472 ], [ 136.12416084, 35.48237778 ], [ 136.12453944, 35.48236639 ], [ 136.124773330000011, 35.48238889 ], [ 136.12493167, 35.48241722 ], [ 136.12509695, 35.48246778 ], [ 136.12526889, 35.4825525 ], [ 136.1253375, 35.482575 ], [ 136.12546833, 35.48264806 ], [ 136.12561305, 35.48278916 ], [ 136.1258125, 35.48305945 ], [ 136.12592278, 35.48322862 ], [ 136.12603277, 35.48338639 ], [ 136.12613611, 35.48361194 ], [ 136.12621889, 35.48380333 ], [ 136.12630139, 35.48390473 ], [ 136.126363340000012, 35.48396111 ], [ 136.12648028000001, 35.48412472 ], [ 136.126521669999988, 35.48421472 ], [ 136.126538610000011, 35.48431917 ], [ 136.12659667, 35.48459889 ], [ 136.12661861, 35.48483 ], [ 136.12662973, 35.48486889 ], [ 136.12667, 35.48491083 ], [ 136.12697861, 35.48507667 ], [ 136.12705556, 35.48509444 ], [ 136.12715111, 35.48508556 ], [ 136.12734167, 35.48504666 ], [ 136.127458890000014, 35.4850375 ], [ 136.127601950000013, 35.4850525 ], [ 136.12781973, 35.48507667 ], [ 136.12792972, 35.48506778 ], [ 136.1280875, 35.48503472 ], [ 136.12857861, 35.48489972 ], [ 136.12952612, 35.48463195 ], [ 136.12991584, 35.48452361 ], [ 136.129989169999988, 35.48447556 ], [ 136.130172499999986, 35.48436472 ], [ 136.13027139, 35.48433167 ], [ 136.131222220000012, 35.48413 ], [ 136.1315175, 35.48404833 ], [ 136.13156722, 35.48402305 ], [ 136.13198, 35.48380917 ], [ 136.132138340000012, 35.48370194 ], [ 136.13229, 35.48354972 ], [ 136.13235889, 35.48342027 ], [ 136.13240694000001, 35.48307638 ], [ 136.13242084, 35.48285695 ], [ 136.13242084, 35.48275556 ], [ 136.13237945, 35.48267666 ], [ 136.13235194, 35.48255834 ], [ 136.13235889, 35.4824625 ], [ 136.132441379999989, 35.48223722 ], [ 136.132491109999989, 35.48215528 ], [ 136.1325575, 35.4820975 ], [ 136.13258639, 35.48184361 ], [ 136.13257805, 35.48163694 ], [ 136.132491109999989, 35.48133083 ], [ 136.13239166, 35.48113445 ], [ 136.13235889, 35.48112695 ], [ 136.13219361, 35.48102556 ], [ 136.13208334, 35.48092972 ], [ 136.13200778, 35.48081139 ], [ 136.13197333, 35.48069861 ], [ 136.131952500000011, 35.48052972 ], [ 136.131876940000012, 35.48011833 ], [ 136.13182167, 35.47989861 ], [ 136.1317875, 35.47981972 ], [ 136.13173916, 35.47976889 ], [ 136.13151195, 35.47968445 ], [ 136.13135361, 35.47959417 ], [ 136.13122278, 35.47950972 ], [ 136.13116084, 35.47941972 ], [ 136.13114723000001, 35.47935778 ], [ 136.13114723000001, 35.47917195 ], [ 136.131188619999989, 35.47906472 ], [ 136.13125722, 35.47898028 ], [ 136.13136750000001, 35.47889584 ], [ 136.13149834, 35.47883361 ], [ 136.131539440000012, 35.47880555 ], [ 136.13256528, 35.47839973 ], [ 136.132695829999989, 35.47829833 ], [ 136.132695829999989, 35.47819694 ], [ 136.13263389, 35.478135 ], [ 136.132441379999989, 35.47799972 ], [ 136.13237945, 35.47793777 ], [ 136.1323725, 35.47785305 ], [ 136.132537500000012, 35.477425 ], [ 136.132544450000012, 35.47732916 ], [ 136.13253056, 35.47727278 ], [ 136.13231055, 35.47709805 ], [ 136.13220056, 35.47703055 ], [ 136.13202139, 35.47692333 ], [ 136.13194583, 35.47690083 ], [ 136.13134695, 35.47685 ], [ 136.130968059999987, 35.4767825 ], [ 136.130734170000011, 35.4767825 ], [ 136.130080279999987, 35.47687278 ], [ 136.129261109999987, 35.47702472 ], [ 136.12890334, 35.47713194 ], [ 136.128738059999989, 35.47719944 ], [ 136.12855916, 35.47731222 ], [ 136.12843528, 35.4774025 ], [ 136.12816612, 35.47759555 ], [ 136.12809778, 35.47764472 ], [ 136.12789806, 35.47774055 ], [ 136.127733049999989, 35.47779695 ], [ 136.127533340000014, 35.47781945 ], [ 136.12744389, 35.47781945 ], [ 136.12731333, 35.47777417 ], [ 136.12718944, 35.47770667 ], [ 136.12705166, 35.47758278 ], [ 136.12690028, 35.47735722 ], [ 136.126693890000013, 35.47686695 ], [ 136.12666611, 35.47676556 ], [ 136.12659055, 35.47662473 ], [ 136.12638388, 35.476495 ], [ 136.126342779999987, 35.47648389 ], [ 136.12613611, 35.47634861 ], [ 136.125950280000012, 35.47628083 ], [ 136.125819439999987, 35.47627527 ], [ 136.12571612, 35.47630917 ], [ 136.12549583, 35.47643306 ], [ 136.125145, 35.47667556 ], [ 136.125007219999986, 35.47674861 ], [ 136.124828330000014, 35.47682195 ], [ 136.12462889, 35.47685583 ], [ 136.12456695, 35.47688945 ], [ 136.124532499999987, 35.47695167 ], [ 136.124532499999987, 35.47737417 ], [ 136.12455305, 35.47740806 ], [ 136.12470445, 35.477425 ], [ 136.124752769999986, 35.47745861 ], [ 136.12475916, 35.47747416 ], [ 136.12475945, 35.47750389 ], [ 136.12473889, 35.47756583 ], [ 136.12467694, 35.47760528 ], [ 136.12459444000001, 35.47761639 ], [ 136.124484169999988, 35.47758833 ], [ 136.124367220000011, 35.4775375 ], [ 136.12431917, 35.47748139 ], [ 136.12428472, 35.4774025 ], [ 136.12428472, 35.47730084 ], [ 136.124355, 35.47716139 ], [ 136.12433972, 35.47706417 ], [ 136.12423639, 35.47679945 ], [ 136.12403, 35.4764725 ], [ 136.12403, 35.47632611 ], [ 136.12405055, 35.47627527 ], [ 136.124243330000013, 35.47603861 ], [ 136.124288619999987, 35.47600917 ], [ 136.12436861, 35.47576639 ], [ 136.124439169999988, 35.47546222 ], [ 136.12442972, 35.475145 ], [ 136.12444861, 35.47491417 ], [ 136.12447695, 35.47477917 ], [ 136.124523610000011, 35.47467139 ], [ 136.124581119999988, 35.47445805 ], [ 136.1246, 35.47439278 ], [ 136.12460472, 35.47428083 ], [ 136.12462333, 35.47397666 ], [ 136.124632780000013, 35.47390361 ], [ 136.12466584, 35.47373278 ], [ 136.12468945, 35.47362111 ], [ 136.124698880000011, 35.47346722 ], [ 136.12468444000001, 35.47322722 ], [ 136.12461389, 35.47280361 ], [ 136.12454305, 35.47248694 ], [ 136.12446111, 35.47246444 ], [ 136.1243325, 35.47230833 ], [ 136.12422945, 35.47206083 ], [ 136.1241125, 35.47186917 ], [ 136.124016110000014, 35.47159305 ], [ 136.12397472, 35.47133389 ], [ 136.12394056, 35.47121556 ], [ 136.12382334, 35.47101834 ], [ 136.12372695, 35.47091111 ], [ 136.12357555, 35.47078722 ], [ 136.12327278, 35.47061806 ], [ 136.12319, 35.47053361 ], [ 136.123135, 35.47043223 ], [ 136.12308, 35.47025194 ], [ 136.12301806, 35.46989695 ], [ 136.122976670000014, 35.46969972 ], [ 136.12293528, 35.46951917 ], [ 136.12294222, 35.46918694 ], [ 136.12296278, 35.46893333 ], [ 136.12300417, 35.46880945 ], [ 136.123307219999987, 35.46828556 ], [ 136.123506670000012, 35.46777833 ], [ 136.12357555, 35.46764861 ], [ 136.12370639, 35.46749084 ], [ 136.123810279999987, 35.46744584 ], [ 136.12385444, 35.46735111 ], [ 136.123937500000011, 35.4671175 ], [ 136.12409334, 35.46677695 ], [ 136.124182499999989, 35.46664306 ], [ 136.124325559999988, 35.46640917 ], [ 136.12445639, 35.46624889 ], [ 136.12472695, 35.46597111 ], [ 136.12489806, 35.46583139 ], [ 136.12513611, 35.46570361 ], [ 136.125299719999987, 35.46560639 ], [ 136.12540361, 35.46555778 ], [ 136.1255525, 35.46541167 ], [ 136.12564167, 35.46531416 ], [ 136.12569611, 35.46518778 ], [ 136.12579639, 35.46484416 ], [ 136.125906109999988, 35.46429166 ], [ 136.12593972, 35.46402222 ], [ 136.12592528, 35.46383083 ], [ 136.125887229999989, 35.46369806 ], [ 136.12586306, 35.46363083 ], [ 136.12580195000001, 35.46350028 ], [ 136.125764440000012, 35.46347889 ], [ 136.125482229999989, 35.46327028 ], [ 136.12534445, 35.46315194 ], [ 136.12510361, 35.46288722 ], [ 136.124896940000014, 35.46267889 ], [ 136.12477306, 35.4625775 ], [ 136.12469055, 35.4625325 ], [ 136.124470269999989, 35.46232389 ], [ 136.12433944, 35.46214361 ], [ 136.12422917, 35.46173778 ], [ 136.12422917, 35.46149556 ], [ 136.124263610000014, 35.46119139 ], [ 136.124415269999986, 35.4608025 ], [ 136.12457361, 35.46054333 ], [ 136.12478694, 35.46032361 ], [ 136.12505527, 35.4600925 ], [ 136.125234440000014, 35.45997417 ], [ 136.12546139, 35.45985028 ], [ 136.125743879999987, 35.45973778 ], [ 136.126108609999989, 35.45963056 ], [ 136.126528330000014, 35.45950667 ], [ 136.126535280000013, 35.45949527 ], [ 136.12701027, 35.45935444 ], [ 136.12757473, 35.45920805 ], [ 136.12806333, 35.45910667 ], [ 136.1282975, 35.45903888 ], [ 136.12858667, 35.45892056 ], [ 136.1287175, 35.45884166 ], [ 136.128793050000013, 35.45877973 ], [ 136.12893778, 35.45862194 ], [ 136.12900639, 35.45848667 ], [ 136.12904083, 35.45840222 ], [ 136.129034170000011, 35.45825 ], [ 136.12894444, 35.45808667 ], [ 136.12883444, 35.4579625 ], [ 136.128696670000011, 35.45783861 ], [ 136.12829194, 35.45744584 ], [ 136.12821473, 35.45737083 ], [ 136.12785, 35.4570275 ], [ 136.127588339999988, 35.45680194 ], [ 136.127423060000012, 35.45661611 ], [ 136.12736806, 35.45649222 ], [ 136.12736111000001, 35.45637945 ], [ 136.127402499999988, 35.45625528 ], [ 136.1274575, 35.45615389 ], [ 136.12760917, 35.45597917 ], [ 136.127918889999989, 35.4556975 ], [ 136.128042779999987, 35.4556075 ], [ 136.128146109999989, 35.45555111 ], [ 136.12831805, 35.45549472 ], [ 136.12848333, 35.45546639 ], [ 136.128779439999988, 35.45546639 ], [ 136.128978890000013, 35.45550583 ], [ 136.12933, 35.45561305 ], [ 136.12939167, 35.45564111 ], [ 136.1300525, 35.455985 ], [ 136.130376109999986, 35.45612583 ], [ 136.13062389000001, 35.45624416 ], [ 136.13085111, 35.45632305 ], [ 136.13136750000001, 35.45646389 ], [ 136.131532779999986, 35.45649778 ], [ 136.13181472, 35.45657667 ], [ 136.13191111, 35.45659361 ], [ 136.1321175, 35.45664417 ], [ 136.132544450000012, 35.45675139 ], [ 136.133129450000013, 35.45692611 ], [ 136.133294729999989, 35.45699361 ], [ 136.13373528, 35.45723028 ], [ 136.133969439999987, 35.45732612 ], [ 136.134106949999989, 35.45739362 ], [ 136.13450611, 35.45753444 ], [ 136.13476083, 35.45760194 ], [ 136.13491223, 35.45761889 ], [ 136.13524944, 35.45761889 ], [ 136.13551111000001, 35.4576075 ], [ 136.13566444, 35.45760445 ], [ 136.13606167, 35.45759639 ], [ 136.13651583, 35.45759055 ], [ 136.13710778, 35.45766389 ], [ 136.137335, 35.45771472 ], [ 136.137727500000011, 35.45782722 ], [ 136.13795472000001, 35.45791194 ], [ 136.13861556, 35.45817667 ], [ 136.13926916, 35.45841917 ], [ 136.139345, 35.45845278 ], [ 136.13945444, 35.45847417 ], [ 136.13957222, 35.45850917 ], [ 136.139875, 35.45854861 ], [ 136.140756110000012, 35.45854861 ], [ 136.14172639, 35.45844278 ], [ 136.14176139, 35.45862361 ], [ 136.142066660000012, 35.45856361 ], [ 136.14230889000001, 35.45850472 ], [ 136.14271222, 35.45834611 ], [ 136.14327056, 35.45807916 ], [ 136.143387780000012, 35.45802111 ], [ 136.143313619999986, 35.45821195 ], [ 136.143295560000013, 35.45825862 ], [ 136.14321723, 35.45840806 ], [ 136.14327584, 35.45843666 ], [ 136.143334720000013, 35.458465 ], [ 136.14339944, 35.45840111 ], [ 136.14349084, 35.45825862 ], [ 136.143547219999988, 35.45815556 ], [ 136.14359556, 35.45797278 ], [ 136.14364111, 35.45790444 ], [ 136.14386889, 35.45755028 ], [ 136.14396, 35.457395 ], [ 136.14399806, 35.45727695 ], [ 136.14400611, 35.45711917 ], [ 136.14398334, 35.45692028 ], [ 136.143672220000013, 35.45619945 ], [ 136.14353695, 35.45588917 ], [ 136.14350944, 35.45570889 ], [ 136.14353, 35.45530306 ], [ 136.14356444, 35.45514528 ], [ 136.14364028, 35.45497611 ], [ 136.14368167, 35.45479028 ], [ 136.14375055, 35.4545425 ], [ 136.14375055, 35.45413694 ], [ 136.14372972000001, 35.45379861 ], [ 136.143716110000014, 35.45370861 ], [ 136.14368833, 35.45350583 ], [ 136.143716110000014, 35.45337611 ], [ 136.14388806, 35.45296472 ], [ 136.14390194, 35.45288583 ], [ 136.14391555, 35.45249139 ], [ 136.14387445, 35.45224334 ], [ 136.14384, 35.45180972 ], [ 136.14381916, 35.45167444 ], [ 136.14384, 35.45151666 ], [ 136.14386055, 35.45124055 ], [ 136.1438675, 35.450835 ], [ 136.143791670000013, 35.45053611 ], [ 136.14370917, 35.45036722 ], [ 136.14355805, 35.45010805 ], [ 136.14345472, 35.44984861 ], [ 136.143413329999987, 35.44964027 ], [ 136.14338583, 35.44946027 ], [ 136.143365280000012, 35.4493475 ], [ 136.14332389, 35.4490375 ], [ 136.14329638000001, 35.44895306 ], [ 136.14322055, 35.44884583 ], [ 136.14303472, 35.44868806 ], [ 136.14278694, 35.44841778 ], [ 136.1427525, 35.44832195 ], [ 136.14274555, 35.44785417 ], [ 136.14268361, 35.44770777 ], [ 136.14258723, 35.44754417 ], [ 136.14244972, 35.44740333 ], [ 136.14234639, 35.44731306 ], [ 136.14229028, 35.44726722 ], [ 136.14147917, 35.44660333 ], [ 136.14121083, 35.4463725 ], [ 136.1409975, 35.44616389 ], [ 136.14073584, 35.4457975 ], [ 136.140666939999988, 35.44572445 ], [ 136.14047417, 35.44557222 ], [ 136.14044666, 35.44556083 ], [ 136.1402125, 35.44534666 ], [ 136.14014361, 35.44521722 ], [ 136.14010277, 35.44507639 ], [ 136.14010277, 35.44490167 ], [ 136.14019916, 35.44465361 ], [ 136.140385, 35.4443325 ], [ 136.14048111, 35.44424222 ], [ 136.14065306, 35.44410722 ], [ 136.141018050000014, 35.443865 ], [ 136.141196939999986, 35.44379167 ], [ 136.141506670000012, 35.44367917 ], [ 136.14172695, 35.44363389 ], [ 136.1420575, 35.44360583 ], [ 136.14217444, 35.44360583 ], [ 136.14273889, 35.4435775 ], [ 136.14298695, 35.44354389 ], [ 136.143172779999986, 35.44349861 ], [ 136.14331028, 35.44345361 ], [ 136.14372334, 35.44326778 ], [ 136.14415, 35.44302528 ], [ 136.14421195, 35.44300833 ], [ 136.14422556, 35.44299722 ], [ 136.14430139000001, 35.44297472 ], [ 136.144514719999989, 35.44294638 ], [ 136.144950279999989, 35.44296778 ], [ 136.1453225, 35.44294667 ], [ 136.14574277, 35.44296195 ], [ 136.14609805, 35.44290695 ], [ 136.146380279999988, 35.44282806 ], [ 136.14647417, 35.44279167 ], [ 136.14670944, 35.44270055 ], [ 136.14680027, 35.44263083 ], [ 136.146978890000014, 35.442445 ], [ 136.14708223, 35.44237722 ], [ 136.14724055, 35.44229833 ], [ 136.14757805, 35.44217445 ], [ 136.14774306000001, 35.44212361 ], [ 136.14799027, 35.44206861 ], [ 136.148073610000012, 35.44207305 ], [ 136.1481425, 35.44209555 ], [ 136.14850028, 35.44233222 ], [ 136.148872219999987, 35.44254083 ], [ 136.14913361, 35.44267028 ], [ 136.14915445, 35.44267028 ], [ 136.14932639, 35.44273806 ], [ 136.14980111, 35.44290695 ], [ 136.150241670000014, 35.44309862 ], [ 136.15050333, 35.443245 ], [ 136.150579169999986, 35.44330139 ], [ 136.150654730000014, 35.44342556 ], [ 136.15071666, 35.44371861 ], [ 136.15082694, 35.44407917 ], [ 136.15096472, 35.44439473 ], [ 136.15108167, 35.444575 ], [ 136.15119861, 35.44470472 ], [ 136.15161862, 35.44522278 ], [ 136.151921109999989, 35.44574695 ], [ 136.152168890000013, 35.44629916 ], [ 136.15230667, 35.44666528 ], [ 136.152320550000013, 35.44696972 ], [ 136.152272219999986, 35.44729083 ], [ 136.15219667, 35.44758972 ], [ 136.151976389999987, 35.44816973 ], [ 136.15165278, 35.44884028 ], [ 136.1515425, 35.44916722 ], [ 136.15150806, 35.4493025 ], [ 136.151472219999988, 35.44943806 ], [ 136.15138639, 35.44976333 ], [ 136.15135695, 35.44987777 ], [ 136.15137722, 35.44999 ], [ 136.15142555, 35.45009695 ], [ 136.15166639, 35.45040667 ], [ 136.15178361, 35.4505025 ], [ 136.152334169999989, 35.45087445 ], [ 136.15249222, 35.45095333 ], [ 136.15255417, 35.45097028 ], [ 136.15271945, 35.45102638 ], [ 136.15305666, 35.45118417 ], [ 136.15347667, 35.45135889 ], [ 136.15372444, 35.45149416 ], [ 136.15398611, 35.45165778 ], [ 136.15415139000001, 35.45174778 ], [ 136.15430278, 35.45184917 ], [ 136.15491556, 35.45234528 ], [ 136.15503222000001, 35.45245223 ], [ 136.15528694, 35.45276222 ], [ 136.155486669999988, 35.45311166 ], [ 136.15562417000001, 35.45342139 ], [ 136.15563112000001, 35.45353972 ], [ 136.155603609999986, 35.45362972 ], [ 136.15552778, 35.45375361 ], [ 136.15544528, 35.45383805 ], [ 136.15512167, 35.45406361 ], [ 136.15476361, 35.45441861 ], [ 136.15466723, 35.4545425 ], [ 136.154557219999987, 35.45470611 ], [ 136.15442639, 35.45497639 ], [ 136.15435083, 35.45522445 ], [ 136.15428861, 35.45555694 ], [ 136.154275, 35.45609194 ], [ 136.15433, 35.45648083 ], [ 136.15443722, 35.45683611 ], [ 136.15448139, 35.45698222 ], [ 136.15457111, 35.45716833 ], [ 136.15466723, 35.4573825 ], [ 136.15490139, 35.45777694 ], [ 136.15501834, 35.45792333 ], [ 136.1553075, 35.45821083 ], [ 136.15541084, 35.45828972 ], [ 136.1556725, 35.458425 ], [ 136.15603694, 35.45863916 ], [ 136.15607139, 35.45865028 ], [ 136.15633305, 35.45876861 ], [ 136.15640861, 35.45881945 ], [ 136.15684944, 35.45907862 ], [ 136.15687695, 35.45908417 ], [ 136.156897500000014, 35.45910112 ], [ 136.15729, 35.45933194 ], [ 136.15746889, 35.45947834 ], [ 136.15775111, 35.45978278 ], [ 136.15801278, 35.46014917 ], [ 136.15847389000001, 35.46092667 ], [ 136.158680550000014, 35.46119722 ], [ 136.15872861, 35.46131 ], [ 136.15883166, 35.46159167 ], [ 136.15886611, 35.46178334 ], [ 136.15886611, 35.46207056 ], [ 136.15885917, 35.46268472 ], [ 136.158879719999987, 35.46307916 ], [ 136.158879719999987, 35.46340028 ], [ 136.15883166, 35.46351861 ], [ 136.15874222, 35.46359195 ], [ 136.158652780000011, 35.46362584 ], [ 136.158508329999989, 35.46363139 ], [ 136.158060830000011, 35.46355805 ], [ 136.15773139, 35.46353722 ], [ 136.15770305, 35.46353555 ], [ 136.157124720000013, 35.46348472 ], [ 136.15656028, 35.46350167 ], [ 136.156491390000014, 35.46351305 ], [ 136.15606445, 35.46355805 ], [ 136.15587861, 35.46358639 ], [ 136.15541055, 35.46358639 ], [ 136.15512833, 35.46355805 ], [ 136.15474278, 35.46346222 ], [ 136.154275, 35.46337222 ], [ 136.15404777, 35.46336083 ], [ 136.15395139, 35.46337222 ], [ 136.15371056, 35.46341167 ], [ 136.15355917, 35.46342833 ], [ 136.152973050000014, 35.46344306 ], [ 136.15254694, 35.46341722 ], [ 136.15216167, 35.46334389 ], [ 136.152140839999987, 35.46333278 ], [ 136.15196889, 35.46329889 ], [ 136.15175556, 35.46329889 ], [ 136.151541939999987, 35.46333278 ], [ 136.15137, 35.46337778 ], [ 136.151128879999987, 35.46343417 ], [ 136.15097056, 35.46349611 ], [ 136.15066805, 35.4636425 ], [ 136.15044083, 35.46380611 ], [ 136.15030306, 35.46394667 ], [ 136.150076109999986, 35.46436916 ], [ 136.14998639, 35.46457778 ], [ 136.1498075, 35.46509056 ], [ 136.14971111, 35.46540612 ], [ 136.149683610000011, 35.46551889 ], [ 136.14960111, 35.46581194 ], [ 136.14940833, 35.46624027 ], [ 136.14924305, 35.4664825 ], [ 136.14922694, 35.46650055 ], [ 136.14907778, 35.46666833 ], [ 136.14892638, 35.46678666 ], [ 136.14867861, 35.46694445 ], [ 136.148396389999988, 35.46709083 ], [ 136.14834111, 35.46714138 ], [ 136.148306670000011, 35.46720362 ], [ 136.148279159999987, 35.4674175 ], [ 136.14825862, 35.46750222 ], [ 136.148162219999989, 35.46775583 ], [ 136.148162219999989, 35.46794167 ], [ 136.14820361, 35.46809945 ], [ 136.14824472, 35.46839806 ], [ 136.14831361, 35.46864056 ], [ 136.14848583, 35.46914194 ], [ 136.14873361, 35.46962111 ], [ 136.148871390000011, 35.46985777 ], [ 136.14897445, 35.46998722 ], [ 136.14925, 35.47036473 ], [ 136.14960111, 35.47072528 ], [ 136.14967667, 35.47082667 ], [ 136.1498075, 35.47106334 ], [ 136.14988334, 35.47127195 ], [ 136.14993139, 35.47147472 ], [ 136.14993139, 35.47172834 ], [ 136.149903880000011, 35.47184667 ], [ 136.14984888, 35.47198194 ], [ 136.149725, 35.47217333 ], [ 136.14925, 35.47271444 ], [ 136.14894028, 35.47321612 ], [ 136.14867195, 35.47353694 ], [ 136.1481075, 35.47417361 ], [ 136.14801112, 35.47434833 ], [ 136.14800972, 35.47437778 ], [ 136.14800417, 35.47451167 ], [ 136.14802473, 35.47462444 ], [ 136.14817639, 35.47500195 ], [ 136.14840333, 35.47542472 ], [ 136.148555, 35.4756275 ], [ 136.14869250000001, 35.47578528 ], [ 136.14869250000001, 35.47580223 ], [ 136.14872, 35.47581361 ], [ 136.14883028, 35.47594305 ], [ 136.14900916, 35.47614027 ], [ 136.14936028, 35.47652916 ], [ 136.149683610000011, 35.47682195 ], [ 136.149965830000014, 35.47705305 ], [ 136.15035139, 35.47729528 ], [ 136.150564730000013, 35.4774025 ], [ 136.15091584000001, 35.47757694 ], [ 136.151315, 35.47772917 ], [ 136.15134945, 35.4777575 ], [ 136.151755830000013, 35.47795472 ], [ 136.15216861, 35.47806722 ], [ 136.152265, 35.47810667 ], [ 136.15249222, 35.47818 ], [ 136.15254722, 35.47818556 ], [ 136.15272611, 35.478225 ], [ 136.152939440000011, 35.47824778 ], [ 136.153063339999989, 35.47827583 ], [ 136.153359450000011, 35.47839416 ], [ 136.15364166, 35.47855195 ], [ 136.153868890000012, 35.4787775 ], [ 136.15395833, 35.4789125 ], [ 136.15399972, 35.47901416 ], [ 136.15405472, 35.47922806 ], [ 136.15404777, 35.47938583 ], [ 136.15393778, 35.47993806 ], [ 136.153868890000012, 35.48018583 ], [ 136.153855, 35.480355 ], [ 136.153868890000012, 35.480445 ], [ 136.15393778, 35.48059722 ], [ 136.15409972, 35.48085138 ], [ 136.154268050000013, 35.48111556 ], [ 136.15448833, 35.48142555 ], [ 136.15463972, 35.48159472 ], [ 136.154846389999989, 35.48176944 ], [ 136.15503917, 35.48196111 ], [ 136.155225, 35.48216945 ], [ 136.15540389, 35.48245111 ], [ 136.155486669999988, 35.48263166 ], [ 136.15558278, 35.48289611 ], [ 136.15570666, 35.48333 ], [ 136.15574111, 35.48342584 ], [ 136.155796110000011, 35.48363444 ], [ 136.1558925, 35.48388223 ], [ 136.156078330000014, 35.48420361 ], [ 136.15621611, 35.48446278 ], [ 136.15640195, 35.48468806 ], [ 136.15667722, 35.48497 ], [ 136.15691805, 35.48519528 ], [ 136.15708333, 35.48531917 ], [ 136.157406939999987, 35.48552222 ], [ 136.15767528, 35.48563472 ], [ 136.15787499000001, 35.48573639 ], [ 136.158370280000014, 35.48596139 ], [ 136.15865944, 35.48611361 ], [ 136.15894861000001, 35.48624889 ], [ 136.159230830000013, 35.48635028 ], [ 136.15968528, 35.4865025 ], [ 136.16068334, 35.48688555 ], [ 136.161249450000014, 35.48712278 ], [ 136.16126139, 35.48712778 ], [ 136.16170194, 35.48737028 ], [ 136.161970559999986, 35.48756195 ], [ 136.162095, 35.48767528 ], [ 136.16222528, 35.48783806 ], [ 136.16227333, 35.48791694 ], [ 136.162376669999986, 35.48813083 ], [ 136.162376669999986, 35.48836778 ], [ 136.16233528, 35.48851417 ], [ 136.16228723, 35.48862111 ], [ 136.16210805, 35.48890861 ], [ 136.16206, 35.48904361 ], [ 136.16206, 35.48924639 ], [ 136.162087500000013, 35.48938167 ], [ 136.16209444, 35.48971417 ], [ 136.16206, 35.4898325 ], [ 136.161908610000012, 35.49006916 ], [ 136.16175694, 35.49019305 ], [ 136.16164694, 35.49026083 ], [ 136.16148861, 35.49032278 ], [ 136.161226950000014, 35.49039611 ], [ 136.161096109999988, 35.49045806 ], [ 136.160972500000014, 35.49055389 ], [ 136.16089695, 35.49066084 ], [ 136.16077973, 35.49090888 ], [ 136.16065583, 35.49142167 ] ], [ [ 136.19132916, 35.43279389 ], [ 136.19132916, 35.43273167 ], [ 136.19134972, 35.43270361 ], [ 136.19138417, 35.43268111 ], [ 136.19142166, 35.43267638 ], [ 136.19148056, 35.43268667 ], [ 136.19161139, 35.43273167 ], [ 136.19176972, 35.43282194 ], [ 136.19210028, 35.43300222 ], [ 136.19221027, 35.43310361 ], [ 136.192251660000011, 35.43317695 ], [ 136.192265279999987, 35.43323333 ], [ 136.19223083, 35.43329528 ], [ 136.19218278, 35.43332361 ], [ 136.192045, 35.43334611 ], [ 136.191955549999989, 35.43337972 ], [ 136.19187306, 35.43336861 ], [ 136.191735279999989, 35.43328417 ], [ 136.19138417, 35.43287278 ], [ 136.19132916, 35.43279389 ] ], [ [ 136.18918861, 35.43078222 ], [ 136.18907834, 35.43063 ], [ 136.18908527, 35.43056806 ], [ 136.189105829999988, 35.43053445 ], [ 136.18914028, 35.43051166 ], [ 136.18918833, 35.43051527 ], [ 136.189229719999986, 35.43053445 ], [ 136.18931916, 35.43059056 ], [ 136.1893675, 35.43063583 ], [ 136.1894225, 35.43074278 ], [ 136.18943639, 35.43079362 ], [ 136.18941555, 35.43085 ], [ 136.18937612, 35.43087667 ], [ 136.189298619999988, 35.43087805 ], [ 136.18926416, 35.43086112 ], [ 136.18918861, 35.43078222 ] ], [ [ 136.1903375, 35.42942001 ], [ 136.1903275, 35.42935084 ], [ 136.190333329999987, 35.42922417 ], [ 136.190353890000011, 35.42920167 ], [ 136.19042277, 35.42916806 ], [ 136.19052611, 35.42915667 ], [ 136.19056278, 35.42913889 ], [ 136.19070917, 35.42882555 ], [ 136.19073194, 35.42878889 ], [ 136.190739439999987, 35.42873417 ], [ 136.19104916, 35.42835084 ], [ 136.19111111, 35.42831139 ], [ 136.19124195, 35.42827777 ], [ 136.19130388, 35.42824389 ], [ 136.19132473, 35.42822139 ], [ 136.19144416, 35.42816361 ], [ 136.19151917, 35.42815834 ], [ 136.19156722, 35.42817084 ], [ 136.19169444, 35.42828972 ], [ 136.19179306, 35.42831916 ], [ 136.19187528, 35.42835084 ], [ 136.19200777, 35.42835416 ], [ 136.19230223, 35.42831 ], [ 136.192686110000011, 35.4283025 ], [ 136.19280472, 35.42832834 ], [ 136.193174160000012, 35.42841444 ], [ 136.193275559999989, 35.42847695 ], [ 136.19332028, 35.42853361 ], [ 136.19332028, 35.42863777 ], [ 136.1932875, 35.42876306 ], [ 136.193196660000012, 35.42890305 ], [ 136.19314861, 35.42897083 ], [ 136.193086670000014, 35.42903277 ], [ 136.19303833, 35.42906083 ], [ 136.19299028, 35.42907777 ], [ 136.19292167, 35.42907222 ], [ 136.192821939999988, 35.42902 ], [ 136.19264472, 35.42897527 ], [ 136.192495, 35.42897639 ], [ 136.19231584, 35.42901027 ], [ 136.19218333, 35.42901305 ], [ 136.192035550000014, 35.42895333 ], [ 136.19187473, 35.42881666 ], [ 136.19185306, 35.4287775 ], [ 136.19185945000001, 35.42865916 ], [ 136.191816390000014, 35.42864334 ], [ 136.191689450000013, 35.42865528 ], [ 136.19164139, 35.42866639 ], [ 136.191510560000012, 35.42870583 ], [ 136.19144166000001, 35.42871723 ], [ 136.19135917, 35.42874528 ], [ 136.19131778, 35.42875111 ], [ 136.19118361, 35.42874666 ], [ 136.191065, 35.42869417 ], [ 136.19095277, 35.42868333 ], [ 136.19089778, 35.42871723 ], [ 136.19082889, 35.4288075 ], [ 136.19082222, 35.42882361 ], [ 136.19078584, 35.42893417 ], [ 136.19078083, 35.42912861 ], [ 136.190856950000011, 35.42924222 ], [ 136.190881389999987, 35.42930584 ], [ 136.190863330000013, 35.42936611 ], [ 136.19078778, 35.42941583 ], [ 136.190567499999986, 35.42952278 ], [ 136.190457220000013, 35.42952833 ], [ 136.19039167, 35.42949112 ], [ 136.1903375, 35.42942001 ] ], [ [ 136.14599167, 35.42403417 ], [ 136.14598472, 35.42400084 ], [ 136.146005550000012, 35.42395945 ], [ 136.14604861, 35.42393444 ], [ 136.146124719999989, 35.42392056 ], [ 136.14617056, 35.42387889 ], [ 136.14621222, 35.42386361 ], [ 136.146295, 35.42386222 ], [ 136.14634361, 35.42384 ], [ 136.14639639, 35.42383445 ], [ 136.14645889, 35.42385528 ], [ 136.14648362, 35.42390667 ], [ 136.1464575, 35.42397472 ], [ 136.14640333, 35.4240675 ], [ 136.146371390000013, 35.42415055 ], [ 136.14631723, 35.42417278 ], [ 136.14626334, 35.42418528 ], [ 136.14619112, 35.42416306 ], [ 136.14610778, 35.42417556 ], [ 136.146041669999988, 35.42412278 ], [ 136.146036110000011, 35.42410222 ], [ 136.146025, 35.42407583 ], [ 136.14599167, 35.42403417 ] ], [ [ 136.14001417, 35.41998 ], [ 136.14000139, 35.41985027 ], [ 136.14002389, 35.41982944 ], [ 136.140051949999986, 35.41977139 ], [ 136.140132779999988, 35.41956861 ], [ 136.140194720000011, 35.41950083 ], [ 136.14027722, 35.41944445 ], [ 136.140428609999987, 35.41936556 ], [ 136.14065555, 35.41930916 ], [ 136.140806950000012, 35.419315 ], [ 136.14095111, 35.41934306 ], [ 136.141226390000014, 35.4194275 ], [ 136.141473889999986, 35.41948389 ], [ 136.14165277, 35.41948389 ], [ 136.14201694, 35.41939945 ], [ 136.142168059999989, 35.41937139 ], [ 136.14241583, 35.41936556 ], [ 136.14265638, 35.41941083 ], [ 136.14278694, 35.41947278 ], [ 136.14291083, 35.41958528 ], [ 136.14298639, 35.4196925 ], [ 136.14301667, 35.41981111 ], [ 136.14301694, 35.41985027 ], [ 136.143014169999987, 35.41998778 ], [ 136.14302611, 35.4200125 ], [ 136.14307417, 35.42008611 ], [ 136.14312834, 35.42023389 ], [ 136.14339222000001, 35.42031167 ], [ 136.14345444, 35.42028806 ], [ 136.14350861, 35.42024861 ], [ 136.14358694, 35.42023389 ], [ 136.143629159999989, 35.42021916 ], [ 136.14373722, 35.42019445 ], [ 136.14374333, 35.420165 ], [ 136.14376139, 35.42011083 ], [ 136.14381555, 35.42008139 ], [ 136.14385778, 35.42007639 ], [ 136.14391194000001, 35.42010111 ], [ 136.14395389, 35.42014028 ], [ 136.14398583, 35.420115 ], [ 136.14421306, 35.41995722 ], [ 136.14422667, 35.41994056 ], [ 136.14430944, 35.41991777 ], [ 136.144357500000012, 35.41991777 ], [ 136.14442639, 35.41996861 ], [ 136.144522779999988, 35.42012083 ], [ 136.14454333, 35.42017723 ], [ 136.14455722, 35.4203575 ], [ 136.144591670000011, 35.42048139 ], [ 136.144639719999986, 35.42054917 ], [ 136.144839170000012, 35.42065056 ], [ 136.14490805, 35.42067861 ], [ 136.14508695, 35.42079139 ], [ 136.14513528, 35.42085334 ], [ 136.145169720000013, 35.42093222 ], [ 136.14519722, 35.4210225 ], [ 136.14535555, 35.42115778 ], [ 136.145513889999989, 35.42136612 ], [ 136.14562389, 35.42155222 ], [ 136.14567917, 35.42168167 ], [ 136.14571361, 35.4218 ], [ 136.14571361, 35.42196333 ], [ 136.145651390000012, 35.42218305 ], [ 136.145658340000011, 35.422335 ], [ 136.14571361, 35.42247611 ], [ 136.14574778, 35.42265056 ], [ 136.14577556, 35.42299445 ], [ 136.14576166, 35.42319722 ], [ 136.14569973, 35.42350167 ], [ 136.14571361, 35.42365944 ], [ 136.14576166, 35.42389611 ], [ 136.14578222, 35.42429056 ], [ 136.14575473, 35.42452139 ], [ 136.145644729999987, 35.42478056 ], [ 136.14559639, 35.42488195 ], [ 136.1454175, 35.42500583 ], [ 136.145231669999987, 35.42507917 ], [ 136.14498389, 35.42512417 ], [ 136.14480472, 35.42511862 ], [ 136.14464639, 35.42508472 ], [ 136.14446056, 35.42501167 ], [ 136.14386861, 35.42472416 ], [ 136.1435725, 35.424555 ], [ 136.14313195, 35.42439167 ], [ 136.14292584, 35.42431277 ], [ 136.14263667, 35.42423945 ], [ 136.14258139, 35.42421695 ], [ 136.14247139, 35.42413805 ], [ 136.14236111, 35.42398611 ], [ 136.14222362000001, 35.42386778 ], [ 136.14220389, 35.42383778 ], [ 136.14217528, 35.42379472 ], [ 136.14215472, 35.42364806 ], [ 136.14214777, 35.42327055 ], [ 136.142072219999989, 35.42294361 ], [ 136.142044449999986, 35.4228875 ], [ 136.141955, 35.42278028 ], [ 136.14176917, 35.42263944 ], [ 136.14171417, 35.422555 ], [ 136.141686670000013, 35.42243083 ], [ 136.141679720000013, 35.42231833 ], [ 136.14163167000001, 35.42218861 ], [ 136.141376939999986, 35.42196889 ], [ 136.14132167, 35.42187306 ], [ 136.14122527, 35.421625 ], [ 136.14114278, 35.4215575 ], [ 136.141019160000013, 35.42149555 ], [ 136.14090889, 35.42140555 ], [ 136.14088833, 35.42138305 ], [ 136.14084028, 35.42126472 ], [ 136.14081250000001, 35.42106195 ], [ 136.14076444, 35.42096611 ], [ 136.14062666, 35.42083084 ], [ 136.14033084, 35.42066167 ], [ 136.14022055, 35.42057167 ], [ 136.14015167, 35.42045889 ], [ 136.14009667, 35.42031805 ], [ 136.14001417, 35.41998 ] ], [ [ 136.21453222, 35.38973917 ], [ 136.21453222, 35.38958722 ], [ 136.21458722, 35.38946889 ], [ 136.2146975, 35.38937306 ], [ 136.2147525, 35.38935056 ], [ 136.2150275, 35.38932778 ], [ 136.21511, 35.38929972 ], [ 136.21518555, 35.38924889 ], [ 136.21529555, 35.389125 ], [ 136.215343890000014, 35.38901805 ], [ 136.21537139, 35.38893333 ], [ 136.21543333, 35.38894472 ], [ 136.215508879999987, 35.38897278 ], [ 136.2155775, 35.38898417 ], [ 136.21628555, 35.38919834 ], [ 136.21678777, 35.38939 ], [ 136.217083339999988, 35.389525 ], [ 136.21733777, 35.38966611 ], [ 136.21644389, 35.38969972 ], [ 136.21581139, 35.38977305 ], [ 136.215034440000011, 35.38991972 ], [ 136.21496556, 35.38993667 ], [ 136.21477306, 35.38993084 ], [ 136.21466306, 35.38989139 ], [ 136.21457361, 35.38980695 ], [ 136.21453222, 35.38973917 ] ], [ [ 136.07594973, 35.31722028 ], [ 136.07594973, 35.31714695 ], [ 136.07608722, 35.31699473 ], [ 136.07623833, 35.31687083 ], [ 136.07636889, 35.31679194 ], [ 136.07664361, 35.31658917 ], [ 136.07673306, 35.31647639 ], [ 136.07673306, 35.31643694 ], [ 136.07669167, 35.31643139 ], [ 136.076513049999988, 35.31657222 ], [ 136.07647861, 35.31656667 ], [ 136.076444439999989, 35.31651584 ], [ 136.076355, 35.31631305 ], [ 136.07641695, 35.31629611 ], [ 136.07666416, 35.31623972 ], [ 136.07694583, 35.31612139 ], [ 136.07715194, 35.31603111 ], [ 136.07733027, 35.31598056 ], [ 136.07747472, 35.31595778 ], [ 136.077557219999989, 35.31597472 ], [ 136.07767389, 35.31605361 ], [ 136.07774944, 35.31613833 ], [ 136.077825, 35.31623972 ], [ 136.0779075, 35.3164425 ], [ 136.07788695, 35.31654389 ], [ 136.0778525, 35.31656667 ], [ 136.07760528, 35.31661167 ], [ 136.07744028, 35.31667361 ], [ 136.077309719999988, 35.3167075 ], [ 136.07716584, 35.31676389 ], [ 136.07705583, 35.31679194 ], [ 136.07700778, 35.31681444 ], [ 136.07687028, 35.31685973 ], [ 136.07656805, 35.31698916 ], [ 136.07598417, 35.31722028 ], [ 136.07594973, 35.31722028 ] ], [ [ 136.07287222, 35.31655527 ], [ 136.07285861, 35.31611583 ], [ 136.07287222, 35.31605945 ], [ 136.07286556, 35.3160425 ], [ 136.07287917, 35.31600861 ], [ 136.07305778, 35.31594111 ], [ 136.07314833, 35.31592 ], [ 136.07317695, 35.31595695 ], [ 136.07316083, 35.31604806 ], [ 136.07298223, 35.31644834 ], [ 136.07296861, 35.31645944 ], [ 136.07293583, 35.31669805 ], [ 136.07292139, 35.31671 ], [ 136.072893060000013, 35.31664556 ], [ 136.07287222, 35.31655527 ] ], [ [ 136.070871939999989, 35.31582778 ], [ 136.07086278, 35.31580361 ], [ 136.07088027, 35.31576639 ], [ 136.071072500000014, 35.31560861 ], [ 136.07125111, 35.31551833 ], [ 136.071381659999986, 35.31548445 ], [ 136.071457220000013, 35.31548445 ], [ 136.071484450000014, 35.31550139 ], [ 136.07149833, 35.31556333 ], [ 136.07142972, 35.31561972 ], [ 136.071333610000011, 35.31567055 ], [ 136.07099, 35.31581694 ], [ 136.07095583, 35.31582278 ], [ 136.070935, 35.31582834 ], [ 136.070871939999989, 35.31582778 ] ], [ [ 136.177565, 35.29699695 ], [ 136.17756472, 35.29697111 ], [ 136.17762389, 35.29695917 ], [ 136.17766305, 35.29695528 ], [ 136.17767944, 35.29697 ], [ 136.17768111, 35.29701166 ], [ 136.17764445, 35.29703639 ], [ 136.17759278, 35.29703306 ], [ 136.177575, 35.29702362 ], [ 136.177565, 35.29699695 ] ], [ [ 136.17716528, 35.29608223 ], [ 136.1771225, 35.29599916 ], [ 136.17715, 35.29596472 ], [ 136.17718806, 35.2959575 ], [ 136.17730917, 35.29593389 ], [ 136.17744111, 35.29594333 ], [ 136.177487219999989, 35.29596167 ], [ 136.177552780000013, 35.29598945 ], [ 136.177655, 35.29601583 ], [ 136.17774639000001, 35.29604806 ], [ 136.17783361, 35.2960625 ], [ 136.17794555, 35.29604611 ], [ 136.1779575, 35.29602917 ], [ 136.177975839999988, 35.29599555 ], [ 136.178034450000013, 35.29599611 ], [ 136.178085829999986, 35.29602527 ], [ 136.17816333, 35.29603556 ], [ 136.17820472, 35.29605278 ], [ 136.178283889999989, 35.29611917 ], [ 136.17829361, 35.29613611 ], [ 136.178297500000014, 35.29616778 ], [ 136.17825861, 35.29621556 ], [ 136.17824639, 35.29624528 ], [ 136.17834056, 35.29632055 ], [ 136.17837723, 35.29637972 ], [ 136.17841306, 35.29641472 ], [ 136.17849666, 35.29646584 ], [ 136.178685840000014, 35.29653528 ], [ 136.17883305, 35.29659445 ], [ 136.17893695, 35.29665 ], [ 136.179082779999987, 35.29679139 ], [ 136.17914027, 35.29684444 ], [ 136.17922528, 35.29690027 ], [ 136.17930472, 35.29699167 ], [ 136.179308889999987, 35.29708945 ], [ 136.179277500000012, 35.29718611 ], [ 136.17921278, 35.29731889 ], [ 136.179166110000011, 35.2973475 ], [ 136.17908667, 35.29736916 ], [ 136.17904945, 35.29735778 ], [ 136.1789525, 35.29730222 ], [ 136.17880556, 35.29722055 ], [ 136.17870972, 35.29715583 ], [ 136.17866528, 35.2971 ], [ 136.178545, 35.29693362 ], [ 136.178487780000012, 35.29687973 ], [ 136.17848056, 35.29690555 ], [ 136.1784725, 35.29694806 ], [ 136.17842889, 35.29695 ], [ 136.1784, 35.29694195 ], [ 136.17835527, 35.296895 ], [ 136.17833805, 35.29688666 ], [ 136.178295, 35.29689305 ], [ 136.17822361, 35.29689334 ], [ 136.178188330000012, 35.29689194 ], [ 136.178145840000013, 35.29688417 ], [ 136.1781325, 35.29690278 ], [ 136.17812111, 35.29693805 ], [ 136.17811472, 35.29699333 ], [ 136.17807306, 35.29703583 ], [ 136.178031940000011, 35.29705111 ], [ 136.17797945, 35.29707972 ], [ 136.17794555, 35.29706695 ], [ 136.177855279999989, 35.29704973 ], [ 136.17783028, 35.29701 ], [ 136.17780778, 35.29697666 ], [ 136.17776889000001, 35.29690388 ], [ 136.177696669999989, 35.29687973 ], [ 136.17766611, 35.29683805 ], [ 136.17760417, 35.29679056 ], [ 136.177580830000011, 35.29674139 ], [ 136.177475, 35.29664667 ], [ 136.177479440000013, 35.29656361 ], [ 136.17742361, 35.29650917 ], [ 136.17741528, 35.29643305 ], [ 136.17735, 35.29639861 ], [ 136.1773475, 35.29632167 ], [ 136.17731666, 35.296285 ], [ 136.17729583, 35.29620694 ], [ 136.17725805, 35.29615722 ], [ 136.17722833, 35.29610722 ], [ 136.177195, 35.29608945 ], [ 136.17716528, 35.29608223 ] ], [ [ 136.17777916, 35.29596861 ], [ 136.177771940000014, 35.29594084 ], [ 136.17778722, 35.29593278 ], [ 136.17781417, 35.29593417 ], [ 136.177839440000014, 35.29593917 ], [ 136.177850830000011, 35.29594639 ], [ 136.177850830000011, 35.29596528 ], [ 136.17784111, 35.29597917 ], [ 136.17783139, 35.29599139 ], [ 136.17781111, 35.29599306 ], [ 136.177795550000013, 35.29598806 ], [ 136.17777916, 35.29596861 ] ], [ [ 136.12392666, 35.29348805 ], [ 136.12391917, 35.29346056 ], [ 136.12393667, 35.29343862 ], [ 136.12400528, 35.29342389 ], [ 136.124046670000013, 35.29340306 ], [ 136.12409639, 35.29339917 ], [ 136.12413528, 35.29340166 ], [ 136.12416694, 35.29342695 ], [ 136.12419334, 35.29344278 ], [ 136.12420361, 35.29347277 ], [ 136.124170279999987, 35.29352111 ], [ 136.12416472000001, 35.29355333 ], [ 136.12416055, 35.29356805 ], [ 136.12414861, 35.29358389 ], [ 136.12411056, 35.29359251 ], [ 136.1240775, 35.29359028 ], [ 136.12404333, 35.293585 ], [ 136.124008620000012, 35.29358416 ], [ 136.123975269999988, 35.29358416 ], [ 136.12394222, 35.29354555 ], [ 136.12392666, 35.29348805 ] ], [ [ 136.12396306, 35.29328778 ], [ 136.12395389, 35.29326528 ], [ 136.123956389999989, 35.29325194 ], [ 136.12397445, 35.29324917 ], [ 136.12401083, 35.29325528 ], [ 136.124040830000013, 35.29325639 ], [ 136.12411, 35.29326194 ], [ 136.12414333000001, 35.29326916 ], [ 136.124161109999989, 35.29327584 ], [ 136.12416416, 35.29329417 ], [ 136.124151110000014, 35.29332612 ], [ 136.1241225, 35.29333361 ], [ 136.12408528, 35.29333695 ], [ 136.12403139, 35.29332612 ], [ 136.12399639, 35.29330888 ], [ 136.12396306, 35.29328778 ] ], [ [ 136.12422417, 35.29323861 ], [ 136.12418555, 35.29323777 ], [ 136.12419, 35.2932175 ], [ 136.12421361, 35.29318417 ], [ 136.12423306, 35.29318472 ], [ 136.124296109999989, 35.29320527 ], [ 136.12430056, 35.29323139 ], [ 136.12429805, 35.29324305 ], [ 136.12428305, 35.29324722 ], [ 136.12424888000001, 35.29324778 ], [ 136.12422417, 35.29323861 ] ], [ [ 136.12435639, 35.2931825 ], [ 136.124350279999987, 35.29316583 ], [ 136.124357769999989, 35.29314777 ], [ 136.1243775, 35.29314139 ], [ 136.12441306, 35.29314361 ], [ 136.124445, 35.29315666 ], [ 136.1244575, 35.29316389 ], [ 136.12444084, 35.29319 ], [ 136.12442139, 35.29320361 ], [ 136.12439361, 35.29320917 ], [ 136.12437334, 35.29320278 ], [ 136.12435639, 35.2931825 ] ], [ [ 136.08434889, 35.20306583 ], [ 136.08434111, 35.2030275 ], [ 136.08436111, 35.20299555 ], [ 136.08442806, 35.20299555 ], [ 136.0845075, 35.20302139 ], [ 136.08457167, 35.20303527 ], [ 136.08461889, 35.20305972 ], [ 136.08462194, 35.20309611 ], [ 136.084605, 35.20313278 ], [ 136.084551659999988, 35.20313723 ], [ 136.084515, 35.20313723 ], [ 136.08448, 35.20316334 ], [ 136.08444028, 35.20316639 ], [ 136.08439, 35.20315722 ], [ 136.084355, 35.20313416 ], [ 136.08434584, 35.20310528 ], [ 136.08434889, 35.20306583 ] ], [ [ 136.06624722, 35.21104723 ], [ 136.06616222, 35.21101805 ], [ 136.06612694, 35.21098916 ], [ 136.066105560000011, 35.21094834 ], [ 136.06608444, 35.21093694 ], [ 136.06605973, 35.21093972 ], [ 136.06601722, 35.21094556 ], [ 136.06592083000001, 35.21093944 ], [ 136.06583583, 35.21091028 ], [ 136.0658075, 35.21088417 ], [ 136.06578278, 35.21086667 ], [ 136.065765270000014, 35.21086972 ], [ 136.06572972, 35.21088138 ], [ 136.06568361, 35.21088138 ], [ 136.06561278, 35.21086389 ], [ 136.06553861, 35.21084055 ], [ 136.06549944, 35.21080528 ], [ 136.06547805, 35.21075889 ], [ 136.06541445, 35.21074139 ], [ 136.06540361, 35.21072388 ], [ 136.06535778, 35.21066306 ], [ 136.06532583, 35.21061056 ], [ 136.065318889999986, 35.21055834 ], [ 136.065255, 35.21053528 ], [ 136.065226669999987, 35.21051777 ], [ 136.06518778, 35.21049445 ], [ 136.06514084, 35.21045639 ], [ 136.06508083, 35.21043305 ], [ 136.064999160000013, 35.21039527 ], [ 136.06494611, 35.21034889 ], [ 136.06488944, 35.21032861 ], [ 136.06472306, 35.21026167 ], [ 136.06460973, 35.21024138 ], [ 136.06421278, 35.21016833 ], [ 136.06408528, 35.21015389 ], [ 136.06387278, 35.21012778 ], [ 136.06369583, 35.21008695 ], [ 136.06355056000001, 35.21004055 ], [ 136.063433339999989, 35.20999916 ], [ 136.06334833, 35.20997028 ], [ 136.06325972, 35.20994694 ], [ 136.063235, 35.20996445 ], [ 136.06321028, 35.20997611 ], [ 136.06315, 35.20996445 ], [ 136.06310389, 35.20996167 ], [ 136.06307916, 35.20995278 ], [ 136.06304028, 35.20992083 ], [ 136.063022499999988, 35.20990639 ], [ 136.06300833, 35.20990639 ], [ 136.06298, 35.20992945 ], [ 136.062933890000011, 35.20994416 ], [ 136.06289139, 35.20994416 ], [ 136.06284195, 35.20993527 ], [ 136.06278167, 35.20991805 ], [ 136.062756940000014, 35.20989194 ], [ 136.06274638, 35.20987722 ], [ 136.06268972, 35.20988028 ], [ 136.06262611, 35.20988028 ], [ 136.062565830000011, 35.20984834 ], [ 136.062544440000011, 35.20981916 ], [ 136.0625375, 35.20977556 ], [ 136.062488050000013, 35.20976389 ], [ 136.06242445, 35.20975527 ], [ 136.06232889, 35.20970583 ], [ 136.06230055, 35.20967972 ], [ 136.062293610000012, 35.20960722 ], [ 136.06218361, 35.20956361 ], [ 136.06208806, 35.20952583 ], [ 136.061978329999988, 35.20950249 ], [ 136.06174112, 35.20945611 ], [ 136.06140972, 35.20941556 ], [ 136.06127167, 35.20941251 ], [ 136.06111945, 35.20941833 ], [ 136.06092834, 35.20945916 ], [ 136.06061222, 35.20956166 ], [ 136.06029611, 35.20970695 ], [ 136.0602925, 35.20972139 ], [ 136.06028722, 35.20973722 ], [ 136.060266109999986, 35.2097575 ], [ 136.06023055, 35.20978528 ], [ 136.060198609999986, 35.2098 ], [ 136.06015973, 35.20980584 ], [ 136.06012805, 35.20980862 ], [ 136.06011028, 35.20982167 ], [ 136.060105, 35.20984333 ], [ 136.060099720000011, 35.20985944 ], [ 136.06006611, 35.20987833 ], [ 136.060025560000014, 35.20989555 ], [ 136.05995583, 35.20989862 ], [ 136.05992584, 35.20989862 ], [ 136.059915280000013, 35.20991472 ], [ 136.05991361, 35.20993778 ], [ 136.05989417, 35.2099625 ], [ 136.05985861, 35.20998139 ], [ 136.0598075, 35.21000028 ], [ 136.05975805, 35.21001028 ], [ 136.05969416, 35.20999861 ], [ 136.05965889, 35.20999444 ], [ 136.059648329999987, 35.21001611 ], [ 136.05963584, 35.21004222 ], [ 136.05961305, 35.21005528 ], [ 136.05954388, 35.21007862 ], [ 136.059494160000014, 35.21008361 ], [ 136.05945861, 35.21007916 ], [ 136.05942861, 35.21008639 ], [ 136.05939694, 35.21010972 ], [ 136.059365, 35.21013278 ], [ 136.05928889, 35.21015611 ], [ 136.05919889, 35.21017361 ], [ 136.05916528, 35.21016778 ], [ 136.059142220000012, 35.21016916 ], [ 136.059126389999989, 35.21018223 ], [ 136.05910333, 35.21019389 ], [ 136.059039719999987, 35.21020694 ], [ 136.05893111, 35.21021416 ], [ 136.058902780000011, 35.21020972 ], [ 136.05888528, 35.21020111 ], [ 136.0588675, 35.21020389 ], [ 136.058849720000012, 35.21022278 ], [ 136.058821669999986, 35.21024472 ], [ 136.0587525, 35.21025917 ], [ 136.05870305, 35.21025917 ], [ 136.0586625, 35.21024889 ], [ 136.05864306, 35.21024305 ], [ 136.05861278, 35.21024889 ], [ 136.05857889, 35.21027639 ], [ 136.05849778000001, 35.21028805 ], [ 136.0584625, 35.21028528 ], [ 136.05843417, 35.21029111 ], [ 136.05842694, 35.21031139 ], [ 136.05840222, 35.2103375 ], [ 136.05838112, 35.21034889 ], [ 136.05830694, 35.21036361 ], [ 136.05824722, 35.21034611 ], [ 136.05822583, 35.21032861 ], [ 136.05819778, 35.21031723 ], [ 136.05817639, 35.21031723 ], [ 136.05812694, 35.21031723 ], [ 136.05809889, 35.21031139 ], [ 136.05807056, 35.21029389 ], [ 136.05804944, 35.21028805 ], [ 136.05802473, 35.21029389 ], [ 136.05793277, 35.2103375 ], [ 136.057858610000011, 35.21035472 ], [ 136.05779138, 35.21035778 ], [ 136.05775972, 35.21034611 ], [ 136.05773389, 35.21034027 ], [ 136.05770583, 35.21034611 ], [ 136.057645549999989, 35.2103575 ], [ 136.05756444, 35.21035167 ], [ 136.05753611, 35.21032861 ], [ 136.05751139, 35.21031416 ], [ 136.05749028, 35.21031416 ], [ 136.05742666, 35.21032 ], [ 136.05736306, 35.21033138 ], [ 136.057292499999988, 35.21032 ], [ 136.057175550000011, 35.21031111 ], [ 136.05715084, 35.21030527 ], [ 136.057129440000011, 35.21030527 ], [ 136.057108340000013, 35.21032278 ], [ 136.05708361, 35.21033722 ], [ 136.057023609999987, 35.2103575 ], [ 136.05696361, 35.21036027 ], [ 136.05692111, 35.21035444 ], [ 136.05689639, 35.21035444 ], [ 136.056878610000012, 35.21035444 ], [ 136.05686472, 35.21038611 ], [ 136.05684333, 35.21041222 ], [ 136.056815, 35.21042084 ], [ 136.056755, 35.21042084 ], [ 136.05667723, 35.21041222 ], [ 136.056635, 35.21038028 ], [ 136.05661389, 35.21037167 ], [ 136.05658888, 35.21038028 ], [ 136.05655027, 35.210395 ], [ 136.056479450000012, 35.21039778 ], [ 136.05641583, 35.21039195 ], [ 136.05636278, 35.21035722 ], [ 136.05634167, 35.21035139 ], [ 136.056316939999988, 35.21036306 ], [ 136.056299450000012, 35.2103775 ], [ 136.05626056, 35.21038611 ], [ 136.05612611, 35.21038611 ], [ 136.05604139, 35.21038028 ], [ 136.05600611, 35.21036584 ], [ 136.055991940000013, 35.2103775 ], [ 136.055945830000013, 35.21039778 ], [ 136.05584694, 35.21040055 ], [ 136.05576222, 35.21039195 ], [ 136.05569861, 35.21037167 ], [ 136.05565972, 35.21038889 ], [ 136.05562445000001, 35.21040639 ], [ 136.0555325, 35.21041222 ], [ 136.05544305, 35.21039166 ], [ 136.05540417, 35.21035695 ], [ 136.05538306, 35.21035972 ], [ 136.055287779999986, 35.21036861 ], [ 136.05523111, 35.21036277 ], [ 136.055156939999989, 35.21032806 ], [ 136.05512166, 35.21030472 ], [ 136.05509695, 35.21025555 ], [ 136.05507222, 35.21023806 ], [ 136.05504389, 35.21023222 ], [ 136.05501555, 35.21019166 ], [ 136.05498639000001, 35.21007111 ], [ 136.054951390000014, 35.21005666 ], [ 136.05490555, 35.21003111 ], [ 136.054866940000011, 35.20997917 ], [ 136.05483167, 35.2099675 ], [ 136.05474028, 35.20993278 ], [ 136.05468389, 35.20987222 ], [ 136.05461361, 35.20977694 ], [ 136.05455361, 35.20976556 ], [ 136.054511389999988, 35.20975389 ], [ 136.054476380000011, 35.20972805 ], [ 136.05442, 35.20967028 ], [ 136.0544025, 35.20957694 ], [ 136.05439195, 35.20956528 ], [ 136.0543075, 35.20952194 ], [ 136.054254719999989, 35.20946417 ], [ 136.0542125, 35.20941806 ], [ 136.05419833, 35.20936889 ], [ 136.05416305, 35.20933722 ], [ 136.054135, 35.2093025 ], [ 136.05412444000001, 35.20926223 ], [ 136.05413861, 35.2091525 ], [ 136.054071670000013, 35.20911389 ], [ 136.05402945, 35.2090675 ], [ 136.05400472, 35.20900695 ], [ 136.05400472, 35.20892611 ], [ 136.05393444, 35.20883945 ], [ 136.05393444, 35.20879917 ], [ 136.053945, 35.20874417 ], [ 136.05391695, 35.20865473 ], [ 136.05389222, 35.20845555 ], [ 136.05391, 35.20824639 ], [ 136.05394861, 35.20802139 ], [ 136.05400139, 35.20787139 ], [ 136.05410695, 35.20775861 ], [ 136.05421611, 35.20768084 ], [ 136.05440611, 35.20751917 ], [ 136.05458611, 35.20739333 ], [ 136.05466694, 35.20732111 ], [ 136.05475861, 35.20724028 ], [ 136.0548325, 35.207145 ], [ 136.05487806, 35.20708444 ], [ 136.05494861, 35.20690833 ], [ 136.05500833, 35.20679583 ], [ 136.05505416, 35.20669195 ], [ 136.055096389999989, 35.20655333 ], [ 136.055099719999987, 35.20628916 ], [ 136.055099719999987, 35.20611 ], [ 136.055131390000014, 35.20601194 ], [ 136.05516305, 35.20591972 ], [ 136.05525472, 35.20572334 ], [ 136.05530389, 35.20559917 ], [ 136.055321389999989, 35.20549527 ], [ 136.0553175, 35.2053775 ], [ 136.0553175, 35.20529389 ], [ 136.055303329999987, 35.20519889 ], [ 136.05525778, 35.20502277 ], [ 136.05513111, 35.2047775 ], [ 136.05491584, 35.20439444 ], [ 136.05482444, 35.20422111 ], [ 136.054754440000011, 35.2040875 ], [ 136.05472611, 35.20401667 ], [ 136.05469806, 35.20394166 ], [ 136.054594720000011, 35.20357166 ], [ 136.05457722, 35.20347083 ], [ 136.0545525, 35.20335833 ], [ 136.054538619999988, 35.2030125 ], [ 136.05452084, 35.20264778 ], [ 136.05453501, 35.20248667 ], [ 136.05457361, 35.20240306 ], [ 136.05463611, 35.20232528 ], [ 136.05466861, 35.20169305 ], [ 136.054655, 35.20144083 ], [ 136.05462778, 35.20132333 ], [ 136.05460722, 35.2012675 ], [ 136.05448444000001, 35.20116666 ], [ 136.054442779999988, 35.20113195 ], [ 136.05442305, 35.20111473 ], [ 136.05419083000001, 35.20091639 ], [ 136.05401584, 35.20075583 ], [ 136.053785, 35.20062083 ], [ 136.05357722, 35.20054194 ], [ 136.05333250000001, 35.20048444 ], [ 136.05307695, 35.20042694 ], [ 136.052758610000012, 35.20040972 ], [ 136.05211277, 35.20034305 ], [ 136.051951949999989, 35.20032861 ], [ 136.05148638, 35.20030583 ], [ 136.051290560000012, 35.20025111 ], [ 136.05099666000001, 35.20015944 ], [ 136.050961660000013, 35.20014777 ], [ 136.05090583, 35.20013917 ], [ 136.05086723, 35.20007833 ], [ 136.05082528, 35.20002389 ], [ 136.05083916000001, 35.19999222 ], [ 136.05084638, 35.199955 ], [ 136.050807780000014, 35.19994917 ], [ 136.050765829999989, 35.19993778 ], [ 136.05073417, 35.19988612 ], [ 136.05069222, 35.19985166 ], [ 136.05068166, 35.19982 ], [ 136.05069917, 35.1997425 ], [ 136.05066778, 35.19973388 ], [ 136.05061889000001, 35.19972528 ], [ 136.05059444, 35.19964472 ], [ 136.050587220000011, 35.19956722 ], [ 136.05060472, 35.19952416 ], [ 136.05059444, 35.19951861 ], [ 136.05053833, 35.19949834 ], [ 136.05052084, 35.19946388 ], [ 136.050517500000012, 35.19939999 ], [ 136.050535, 35.19932527 ], [ 136.05059444, 35.1993025 ], [ 136.050605, 35.19928805 ], [ 136.050583890000013, 35.19925361 ], [ 136.05059166, 35.19919555 ], [ 136.05063722, 35.19909806 ], [ 136.05066528, 35.19906639 ], [ 136.050721110000012, 35.19904639 ], [ 136.050717780000014, 35.19899472 ], [ 136.050717780000014, 35.19895444 ], [ 136.05076306, 35.19887111 ], [ 136.05081555000001, 35.19879084 ], [ 136.05090666000001, 35.19875917 ], [ 136.05095, 35.19873 ], [ 136.051171939999989, 35.19858028 ], [ 136.05149361, 35.19832778 ], [ 136.051563609999988, 35.19829639 ], [ 136.05163, 35.19829639 ], [ 136.05177667000001, 35.19831055 ], [ 136.05204472, 35.1983675 ], [ 136.05206167, 35.19838639 ], [ 136.052180560000011, 35.19847 ], [ 136.05235083, 35.19853973 ], [ 136.0525175, 35.19857056 ], [ 136.05276583, 35.19860667 ], [ 136.05312278, 35.19865972 ], [ 136.05331, 35.19867083 ], [ 136.053486670000012, 35.19871 ], [ 136.05371778, 35.19877972 ], [ 136.054029719999988, 35.19888 ], [ 136.05438361, 35.19901389 ], [ 136.05468278, 35.19918139 ], [ 136.05483722, 35.19926138 ], [ 136.05494639, 35.19935083 ], [ 136.05504166, 35.19946805 ], [ 136.05529694, 35.19944862 ], [ 136.055562220000013, 35.19940944 ], [ 136.055856940000012, 35.19932583 ], [ 136.056125830000013, 35.19921972 ], [ 136.05648667, 35.19935639 ], [ 136.05709278, 35.19953528 ], [ 136.05863611, 35.20004805 ], [ 136.05852028000001, 35.20027695 ], [ 136.05671583, 35.19969583 ], [ 136.05640639, 35.2003025 ], [ 136.05630722, 35.20058972 ], [ 136.05673833, 35.20073388 ], [ 136.05781194, 35.2010925 ], [ 136.05772305, 35.20127388 ], [ 136.05865584, 35.20164833 ], [ 136.058826110000012, 35.20173778 ], [ 136.05901, 35.20188861 ], [ 136.05969305, 35.2024325 ], [ 136.05995166, 35.20263361 ], [ 136.060115, 35.20280666 ], [ 136.06025111, 35.20296889 ], [ 136.06036695, 35.20310861 ], [ 136.060503610000012, 35.20354528 ], [ 136.06049556, 35.20357834 ], [ 136.060468609999987, 35.20359472 ], [ 136.06038222, 35.20365333 ], [ 136.06031195, 35.20369 ], [ 136.06027778, 35.2037225 ], [ 136.060265, 35.20375333 ], [ 136.060265, 35.20379334 ], [ 136.06026695, 35.20382 ], [ 136.060288609999986, 35.20386278 ], [ 136.060358619999988, 35.20395806 ], [ 136.06045945, 35.20406416 ], [ 136.060556389999988, 35.20415278 ], [ 136.060660829999989, 35.20422944 ], [ 136.06079028, 35.20430333 ], [ 136.06086944, 35.20436223 ], [ 136.06110306, 35.20450084 ], [ 136.06128306, 35.20461611 ], [ 136.06134778, 35.20464555 ], [ 136.06138, 35.20463666 ], [ 136.061434170000013, 35.20461 ], [ 136.061498879999988, 35.2045925 ], [ 136.061527500000011, 35.20459833 ], [ 136.06163555, 35.20466917 ], [ 136.06198833, 35.20488583 ], [ 136.062050840000012, 35.20492277 ], [ 136.062104729999987, 35.20498472 ], [ 136.06214777, 35.20502306 ], [ 136.06224666, 35.20509528 ], [ 136.062368889999988, 35.20515556 ], [ 136.06249556, 35.20518972 ], [ 136.06261222, 35.2052075 ], [ 136.06271111, 35.20522055 ], [ 136.06280806, 35.20524583 ], [ 136.06296806, 35.20528555 ], [ 136.0630325, 35.20529889 ], [ 136.06323556000001, 35.2053175 ], [ 136.063361109999988, 35.20532195 ], [ 136.06344361, 35.20532195 ], [ 136.06361056, 35.20529834 ], [ 136.0638475, 35.2052425 ], [ 136.06428584, 35.20513362 ], [ 136.064293060000011, 35.20511444 ], [ 136.064301949999987, 35.20508223 ], [ 136.064328890000013, 35.20504389 ], [ 136.06439917, 35.20498778 ], [ 136.064445549999988, 35.20497611 ], [ 136.06446333, 35.20497611 ], [ 136.06454528, 35.20498778 ], [ 136.06455945, 35.20497889 ], [ 136.06455945, 35.20494972 ], [ 136.064584450000012, 35.20490889 ], [ 136.06465917, 35.20487944 ], [ 136.06474112, 35.20487361 ], [ 136.0647875, 35.20486778 ], [ 136.06480167, 35.20485611 ], [ 136.06481611000001, 35.20483277 ], [ 136.06484805, 35.20480056 ], [ 136.06490861, 35.20478028 ], [ 136.064990560000012, 35.20477139 ], [ 136.065158059999987, 35.20465167 ], [ 136.0653575, 35.20454667 ], [ 136.06553223, 35.20442973 ], [ 136.06582555, 35.20419139 ], [ 136.065968059999989, 35.20405389 ], [ 136.06603583, 35.20399833 ], [ 136.06605722, 35.20391667 ], [ 136.06608223, 35.20388139 ], [ 136.066125269999986, 35.20385083 ], [ 136.06616444, 35.20383916 ], [ 136.06619611, 35.20381305 ], [ 136.066242499999987, 35.20377195 ], [ 136.0662925, 35.2037575 ], [ 136.06650278, 35.2036025 ], [ 136.06664167, 35.20347694 ], [ 136.06665222, 35.20335417 ], [ 136.066705829999989, 35.20329861 ], [ 136.06676639, 35.20327223 ], [ 136.06680555, 35.20326334 ], [ 136.06687666, 35.20326334 ], [ 136.06690889, 35.20326056 ], [ 136.066933619999986, 35.20324889 ], [ 136.066955, 35.20320778 ], [ 136.06698, 35.2031875 ], [ 136.06701917, 35.20317583 ], [ 136.06707278, 35.20318167 ], [ 136.067143890000011, 35.20319916 ], [ 136.06719389, 35.20319916 ], [ 136.06723305, 35.2031875 ], [ 136.06728277, 35.2031525 ], [ 136.06731861, 35.20313195 ], [ 136.06736139, 35.20313195 ], [ 136.06741833000001, 35.20314361 ], [ 136.067475269999989, 35.20314055 ], [ 136.06752167, 35.20314055 ], [ 136.06756083, 35.20317278 ], [ 136.067592780000012, 35.20321361 ], [ 136.06760361, 35.20326639 ], [ 136.067607220000014, 35.20328972 ], [ 136.067631940000012, 35.20331028 ], [ 136.06767111, 35.20331611 ], [ 136.067699729999987, 35.20335111 ], [ 136.067731939999987, 35.20337444 ], [ 136.06774611, 35.20340667 ], [ 136.06775055, 35.20344916 ], [ 136.06785389, 35.20351944 ], [ 136.067971379999989, 35.20361583 ], [ 136.068103330000014, 35.20370361 ], [ 136.068323889999988, 35.20383805 ], [ 136.068541110000012, 35.20392861 ], [ 136.06899, 35.20408361 ], [ 136.06912888, 35.20413611 ], [ 136.06934806000001, 35.20425138 ], [ 136.06950111, 35.20436833 ], [ 136.069579440000012, 35.20447333 ], [ 136.06961862, 35.20458166 ], [ 136.069625839999986, 35.2046575 ], [ 136.06961528, 35.20476611 ], [ 136.069611939999987, 35.20482167 ], [ 136.069611939999987, 35.20485667 ], [ 136.06963667, 35.20490639 ], [ 136.06965444, 35.20494139 ], [ 136.069708060000011, 35.20496195 ], [ 136.06980778, 35.20498222 ], [ 136.06991112, 35.20499695 ], [ 136.07002861, 35.20501444 ], [ 136.07011055000001, 35.20504361 ], [ 136.07056444, 35.20524111 ], [ 136.070881390000011, 35.20537861 ], [ 136.070984720000013, 35.20544278 ], [ 136.07114167, 35.20556556 ], [ 136.071245, 35.20563584 ], [ 136.07140167, 35.2056825 ], [ 136.07153778, 35.20572444 ], [ 136.07164834, 35.20575639 ], [ 136.07178722, 35.20583222 ], [ 136.07186556, 35.20591111 ], [ 136.07191917, 35.20599 ], [ 136.07196889, 35.20608945 ], [ 136.07208361, 35.20626334 ], [ 136.07214055, 35.20633639 ], [ 136.0722475, 35.20644444 ], [ 136.07241138, 35.20658195 ], [ 136.07256805, 35.20667556 ], [ 136.072836669999987, 35.20682277 ], [ 136.07294694, 35.20686944 ], [ 136.07310361, 35.20691916 ], [ 136.07322111, 35.20693667 ], [ 136.07336722, 35.20696583 ], [ 136.07347417, 35.20700389 ], [ 136.07359528, 35.20707417 ], [ 136.07372361, 35.20715583 ], [ 136.07390167, 35.20729917 ], [ 136.074104729999988, 35.20748333 ], [ 136.074251940000011, 35.20764778 ], [ 136.07442278, 35.20782916 ], [ 136.0745225, 35.20797528 ], [ 136.07469, 35.20814195 ], [ 136.074834720000013, 35.20828333 ], [ 136.07485139, 35.20829444 ], [ 136.07487028, 35.20830694 ], [ 136.07490611, 35.20832 ], [ 136.07493445, 35.20834778 ], [ 136.074971940000012, 35.2083625 ], [ 136.075018340000014, 35.20836833 ], [ 136.07505194, 35.20837112 ], [ 136.07507528, 35.20839028 ], [ 136.07511806, 35.20843695 ], [ 136.075130550000011, 35.2084675 ], [ 136.075130550000011, 35.20852305 ], [ 136.07513583, 35.20854223 ], [ 136.075158890000012, 35.20855528 ], [ 136.07519111, 35.20856834 ], [ 136.0752125, 35.20858611 ], [ 136.07523028, 35.20861528 ], [ 136.075240830000013, 35.20864584 ], [ 136.07524639, 35.20867611 ], [ 136.075237499999986, 35.20870973 ], [ 136.07524472, 35.20872722 ], [ 136.07526611, 35.20876222 ], [ 136.07527473, 35.20877611 ], [ 136.07536972, 35.20892722 ], [ 136.07547083, 35.20911083 ], [ 136.075499439999987, 35.20916472 ], [ 136.075527779999987, 35.20923472 ], [ 136.07555278000001, 35.20923639 ], [ 136.075595279999987, 35.20924361 ], [ 136.075625550000012, 35.20926695 ], [ 136.07565028, 35.20930055 ], [ 136.075660840000012, 35.20933833 ], [ 136.07566806, 35.20938222 ], [ 136.07565778, 35.20941055 ], [ 136.075646940000013, 35.20943389 ], [ 136.07565055, 35.20944555 ], [ 136.07569639, 35.20947166 ], [ 136.07571056, 35.20949778 ], [ 136.07573195, 35.20961445 ], [ 136.075728340000012, 35.20965528 ], [ 136.07570027, 35.20968445 ], [ 136.07569666, 35.20970194 ], [ 136.07571778, 35.20971945 ], [ 136.07573556, 35.20974277 ], [ 136.075746110000011, 35.2098475 ], [ 136.075735830000013, 35.20992917 ], [ 136.07570388, 35.20997278 ], [ 136.075693050000012, 35.20999027 ], [ 136.07570388, 35.21001361 ], [ 136.07570388, 35.21007472 ], [ 136.07568611, 35.21013889 ], [ 136.0756825, 35.21016222 ], [ 136.07568611, 35.21017388 ], [ 136.0757075, 35.2102 ], [ 136.075714440000013, 35.21022333 ], [ 136.075714440000013, 35.21026139 ], [ 136.07570722, 35.21032167 ], [ 136.075675280000013, 35.21040333 ], [ 136.07563277, 35.21042944 ], [ 136.07562194, 35.21044695 ], [ 136.07562194, 35.21045555 ], [ 136.07563611, 35.21049055 ], [ 136.07562916, 35.21052278 ], [ 136.075600830000013, 35.21054306 ], [ 136.07559361, 35.21055778 ], [ 136.07561861, 35.21061305 ], [ 136.075607780000013, 35.21063916 ], [ 136.07559, 35.21069833 ], [ 136.07554389, 35.21079138 ], [ 136.07550833, 35.21080611 ], [ 136.07546917, 35.21081778 ], [ 136.07545861, 35.21083528 ], [ 136.07544805, 35.2108875 ], [ 136.07544083, 35.21091389 ], [ 136.07540167, 35.21094306 ], [ 136.07536972, 35.21097806 ], [ 136.075330830000013, 35.21101306 ], [ 136.07529166, 35.2110275 ], [ 136.075266950000014, 35.21103917 ], [ 136.075263330000013, 35.2110825 ], [ 136.075263330000013, 35.21112055 ], [ 136.075220550000012, 35.21118861 ], [ 136.07516722, 35.21124666 ], [ 136.07512472, 35.21125555 ], [ 136.075067780000012, 35.21124389 ], [ 136.075000280000012, 35.21124973 ], [ 136.07498555, 35.21125472 ], [ 136.074915, 35.21127889 ], [ 136.07478361, 35.21130805 ], [ 136.074551390000011, 35.21133417 ], [ 136.07438083, 35.21136639 ], [ 136.0742175, 35.21141305 ], [ 136.074000829999989, 35.21152944 ], [ 136.07383055, 35.21163139 ], [ 136.07381306, 35.21164916 ], [ 136.07380194000001, 35.21166055 ], [ 136.07378083, 35.21168111 ], [ 136.073745, 35.21171972 ], [ 136.07368833000001, 35.21173139 ], [ 136.07363139, 35.21173444 ], [ 136.07360666, 35.21175778 ], [ 136.07360305, 35.21179278 ], [ 136.07356389, 35.21182473 ], [ 136.07347888000001, 35.21185084 ], [ 136.07341861, 35.21184805 ], [ 136.0733725, 35.21183056 ], [ 136.073344170000013, 35.2118275 ], [ 136.073329730000012, 35.21183638 ], [ 136.07330861, 35.21185972 ], [ 136.07329083, 35.21187416 ], [ 136.07320195, 35.21189472 ], [ 136.07311306, 35.21190056 ], [ 136.0730375, 35.21188 ], [ 136.07301972, 35.21186833 ], [ 136.07299111, 35.21185972 ], [ 136.07297695, 35.21187722 ], [ 136.072941390000011, 35.2118975 ], [ 136.072888330000012, 35.211915 ], [ 136.07285278, 35.21192667 ], [ 136.07283139, 35.21195 ], [ 136.072803060000012, 35.21197334 ], [ 136.072760280000011, 35.21199083 ], [ 136.07266084, 35.21198778 ], [ 136.07258639, 35.21197611 ], [ 136.07252861, 35.21194416 ], [ 136.07249667, 35.21192361 ], [ 136.0724825, 35.21192361 ], [ 136.07247195, 35.2119325 ], [ 136.072457500000013, 35.21196167 ], [ 136.072432780000014, 35.21197917 ], [ 136.0723725, 35.21199361 ], [ 136.07231556, 35.21199639 ], [ 136.07226223, 35.21201112 ], [ 136.072223330000014, 35.21201112 ], [ 136.07218056, 35.21199056 ], [ 136.072155830000014, 35.21197028 ], [ 136.07213084, 35.21197334 ], [ 136.07209194, 35.21199056 ], [ 136.072035, 35.21199945 ], [ 136.07195694, 35.21200223 ], [ 136.071925, 35.21200805 ], [ 136.07189306, 35.21201972 ], [ 136.071839720000014, 35.21202861 ], [ 136.07173638, 35.21203139 ], [ 136.071686660000012, 35.21202861 ], [ 136.071644170000013, 35.21199639 ], [ 136.07161555, 35.21199056 ], [ 136.07156944, 35.21199945 ], [ 136.07151611, 35.21199945 ], [ 136.07147362, 35.21201112 ], [ 136.07142389, 35.21202556 ], [ 136.07138111, 35.21203723 ], [ 136.07135639, 35.21204 ], [ 136.07131361, 35.21205167 ], [ 136.07128889, 35.21208972 ], [ 136.07124278, 35.21209833 ], [ 136.071164720000013, 35.21209555 ], [ 136.071093889999986, 35.21207806 ], [ 136.07105833, 35.21206056 ], [ 136.071026389999986, 35.21205472 ], [ 136.07098722, 35.21205472 ], [ 136.07094306, 35.21205167 ], [ 136.07088611, 35.21201667 ], [ 136.07085777, 35.21200639 ], [ 136.07084, 35.21201222 ], [ 136.07078583, 35.21204861 ], [ 136.07074694, 35.21207056 ], [ 136.07067583, 35.21208361 ], [ 136.07061361, 35.21208361 ], [ 136.070585279999989, 35.21208805 ], [ 136.07054083, 35.21209667 ], [ 136.07049833, 35.21209667 ], [ 136.07043250000001, 35.21208361 ], [ 136.070400549999988, 35.21204861 ], [ 136.07038639000001, 35.21204583 ], [ 136.07036667, 35.21205167 ], [ 136.070315279999988, 35.21208083 ], [ 136.070263329999989, 35.21209528 ], [ 136.07017639, 35.21209833 ], [ 136.070114170000011, 35.21207945 ], [ 136.07007861, 35.21204889 ], [ 136.07003777, 35.21204583 ], [ 136.06996833, 35.21206778 ], [ 136.06987611, 35.21207945 ], [ 136.0698175, 35.21207945 ], [ 136.06978028, 35.21206194 ], [ 136.06975362, 35.21206334 ], [ 136.06973584, 35.21208083 ], [ 136.06971611, 35.21210556 ], [ 136.06967723, 35.21213028 ], [ 136.06959666, 35.21214666 ], [ 136.06952056, 35.21216722 ], [ 136.06948667, 35.2121875 ], [ 136.06947778, 35.21221667 ], [ 136.06946195, 35.21224 ], [ 136.069436950000011, 35.21225889 ], [ 136.06939445, 35.21227056 ], [ 136.06934806000001, 35.21228805 ], [ 136.06930556, 35.21229527 ], [ 136.06927889, 35.21229389 ], [ 136.06925417, 35.212275 ], [ 136.06923445000001, 35.21226027 ], [ 136.06919333, 35.21224389 ], [ 136.069175550000011, 35.212225 ], [ 136.069165, 35.21220166 ], [ 136.069157780000012, 35.21215639 ], [ 136.069157780000012, 35.21210834 ], [ 136.06915611, 35.21208223 ], [ 136.06912416, 35.21204278 ], [ 136.06910473, 35.21201945 ], [ 136.06907278, 35.21199916 ], [ 136.069014439999989, 35.21198444 ], [ 136.06895612, 35.21194166 ], [ 136.06892417, 35.21191111 ], [ 136.06889056, 35.2119025 ], [ 136.068821390000011, 35.21190528 ], [ 136.06873805, 35.21190083 ], [ 136.068636950000013, 35.21188361 ], [ 136.06860138, 35.21186611 ], [ 136.068578339999988, 35.21186028 ], [ 136.06854639, 35.21187194 ], [ 136.06849806, 35.21188194 ], [ 136.068437780000011, 35.2118775 ], [ 136.068396940000014, 35.21187028 ], [ 136.06834722, 35.21188194 ], [ 136.06829389, 35.21188334 ], [ 136.06826027, 35.21187167 ], [ 136.06823889, 35.21184861 ], [ 136.06823194, 35.21178583 ], [ 136.06821944, 35.2117625 ], [ 136.06817472, 35.21172167 ], [ 136.06815889, 35.21168084 ], [ 136.06814472, 35.21166917 ], [ 136.06812166, 35.21166917 ], [ 136.06808611, 35.21167667 ], [ 136.06805055, 35.21167806 ], [ 136.068006669999988, 35.21165889 ], [ 136.06797666, 35.21163861 ], [ 136.06792166, 35.21164722 ], [ 136.067852499999987, 35.21165166 ], [ 136.067799439999987, 35.21164112 ], [ 136.067757230000012, 35.21161222 ], [ 136.067728890000012, 35.21161222 ], [ 136.06768639, 35.21162361 ], [ 136.06763306, 35.21162083 ], [ 136.067583610000014, 35.21160917 ], [ 136.06754833, 35.21158306 ], [ 136.06752695, 35.21155389 ], [ 136.067512779999987, 35.21155694 ], [ 136.06744916, 35.21156861 ], [ 136.06739944, 35.21157139 ], [ 136.06734278, 35.21155972 ], [ 136.067293330000012, 35.21153666 ], [ 136.067268610000013, 35.2115075 ], [ 136.06725778, 35.21150472 ], [ 136.06723305, 35.21151055 ], [ 136.067201110000013, 35.21151639 ], [ 136.06716222, 35.21151639 ], [ 136.06706583, 35.21150139 ], [ 136.06703389, 35.21148972 ], [ 136.06699833, 35.21144916 ], [ 136.06697, 35.2114375 ], [ 136.06693834, 35.21142278 ], [ 136.06692056, 35.21140556 ], [ 136.06689945, 35.21137361 ], [ 136.066860279999986, 35.21137361 ], [ 136.06678222, 35.21135833 ], [ 136.06673611, 35.21132084 ], [ 136.06669722, 35.21129444 ], [ 136.06666888, 35.2112625 ], [ 136.06664056, 35.21123639 ], [ 136.06661222, 35.21123361 ], [ 136.06656639, 35.21123361 ], [ 136.066545, 35.21123055 ], [ 136.06651334, 35.2112075 ], [ 136.06646, 35.21119584 ], [ 136.06641722, 35.21116639 ], [ 136.066385270000012, 35.21112861 ], [ 136.06637473, 35.21109361 ], [ 136.06635334, 35.21107916 ], [ 136.06630028, 35.21107334 ], [ 136.06624722, 35.21104723 ] ], [ [ 135.94613333, 35.08256583 ], [ 135.94613028, 35.08209278 ], [ 135.946165, 35.08159749 ], [ 135.9461825, 35.08141 ], [ 135.946204169999987, 35.08130862 ], [ 135.94624195, 35.08122472 ], [ 135.94633306, 35.08119 ], [ 135.946827219999989, 35.08119111 ], [ 135.946879450000012, 35.0811275 ], [ 135.946879450000012, 35.08049139 ], [ 135.946344720000013, 35.08044639 ], [ 135.94642306, 35.07996555 ], [ 135.94644195, 35.07988528 ], [ 135.946368330000013, 35.0797825 ], [ 135.94634055, 35.0797 ], [ 135.94634917, 35.07961556 ], [ 135.94638111, 35.07952028 ], [ 135.946415839999986, 35.07938722 ], [ 135.94645777, 35.07930889 ], [ 135.94659389, 35.07912472 ], [ 135.946708879999989, 35.07894611 ], [ 135.94680445, 35.07877417 ], [ 135.94687528, 35.07867722 ], [ 135.94692889, 35.0786525 ], [ 135.94696638, 35.07865556 ], [ 135.94707362, 35.07872917 ], [ 135.947215, 35.07875 ], [ 135.9475675, 35.07883028 ], [ 135.947688050000011, 35.07886139 ], [ 135.94778556, 35.07891611 ], [ 135.94787417, 35.07896111 ], [ 135.94791028, 35.07899083 ], [ 135.948058339999989, 35.07912305 ], [ 135.94766916, 35.07971166 ], [ 135.9474875, 35.07989889 ], [ 135.94743834, 35.07998611 ], [ 135.947419169999989, 35.08022611 ], [ 135.94739361, 35.0805475 ], [ 135.94735556, 35.08082889 ], [ 135.947396950000012, 35.08121194 ], [ 135.94750778, 35.08126861 ], [ 135.947500280000014, 35.08222111 ], [ 135.94747806, 35.08326639 ], [ 135.94732389, 35.08331139 ], [ 135.94722667, 35.08331945 ], [ 135.94711389, 35.08336556 ], [ 135.947006390000013, 35.083375 ], [ 135.9469075, 35.08335556 ], [ 135.94636445, 35.08320973 ], [ 135.94616222, 35.08312778 ], [ 135.946143330000012, 35.08309167 ], [ 135.94613333, 35.08256583 ] ], [ [ 135.93198639, 35.06642334 ], [ 135.93185445, 35.06625584 ], [ 135.93189694, 35.06620667 ], [ 135.9321225, 35.06599861 ], [ 135.93212445, 35.06590999 ], [ 135.93226611, 35.06580444 ], [ 135.93228861, 35.06576806 ], [ 135.93237556, 35.06573195 ], [ 135.93249472, 35.06568472 ], [ 135.93255305, 35.06566528 ], [ 135.932629170000013, 35.06561139 ], [ 135.93270166, 35.06566084 ], [ 135.932773880000013, 35.06563111 ], [ 135.93342389, 35.06647278 ], [ 135.93428, 35.06760417 ], [ 135.93424945000001, 35.06778695 ], [ 135.934208610000013, 35.06786806 ], [ 135.934074439999989, 35.06789194 ], [ 135.93397166, 35.06791556 ], [ 135.933930839999988, 35.06793416 ], [ 135.93381611, 35.06798611 ], [ 135.93374695, 35.06795056 ], [ 135.93338361, 35.06807167 ], [ 135.93331444, 35.06805027 ], [ 135.93198639, 35.06642334 ] ], [ [ 135.86540333, 35.01575889 ], [ 135.86535084, 35.01568056 ], [ 135.86624111, 35.0151625 ], [ 135.866325, 35.01523583 ], [ 135.86540333, 35.01575889 ] ], [ [ 135.866476659999989, 35.01514139 ], [ 135.86642444, 35.01507861 ], [ 135.86731945, 35.01455583 ], [ 135.86737722, 35.01462889 ], [ 135.866476659999989, 35.01514139 ] ], [ [ 135.86752556, 35.0145425 ], [ 135.867462780000011, 35.01446944 ], [ 135.86835305, 35.01396195 ], [ 135.868421110000014, 35.01402972 ], [ 135.86752556, 35.0145425 ] ], [ [ 135.86857805, 35.01394611 ], [ 135.86851, 35.0138625 ], [ 135.86947361, 35.01332361 ], [ 135.86953111, 35.01340722 ], [ 135.86857805, 35.01394611 ] ], [ [ 135.870367499999986, 35.01270055 ], [ 135.87026278, 35.01267194 ], [ 135.87059528, 35.01179278 ], [ 135.870705, 35.01182167 ], [ 135.870367499999986, 35.01270055 ] ], [ [ 135.90897361, 35.00731639 ], [ 135.90893222, 35.00480444 ], [ 135.908967780000012, 35.00326306 ], [ 135.908968609999988, 35.00322805 ], [ 135.908940840000014, 35.00286528 ], [ 135.90929472, 35.00288611 ], [ 135.90986666, 35.00289055 ], [ 135.910543890000014, 35.00290306 ], [ 135.91212528, 35.00315667 ], [ 135.91234388, 35.00322833 ], [ 135.91326945, 35.00334611 ], [ 135.91354972, 35.00342584 ], [ 135.91387334, 35.00356778 ], [ 135.91431666, 35.00381861 ], [ 135.91472112, 35.00410111 ], [ 135.91492778, 35.00432111 ], [ 135.91520111, 35.00473639 ], [ 135.91557472, 35.00543889 ], [ 135.91601861, 35.00624389 ], [ 135.91644112, 35.00697889 ], [ 135.91684222, 35.00769417 ], [ 135.91727694, 35.00841 ], [ 135.917769170000014, 35.00917723 ], [ 135.91781805, 35.00942306 ], [ 135.91784861, 35.00984223 ], [ 135.91784167, 35.01026389 ], [ 135.91780473, 35.01035111 ], [ 135.91769194, 35.01061723 ], [ 135.91693333, 35.01262723 ], [ 135.91674028, 35.01306028 ], [ 135.916569720000012, 35.01325333 ], [ 135.91630278, 35.01341139 ], [ 135.91595417, 35.01351667 ], [ 135.915698060000011, 35.01355194 ], [ 135.91532417, 35.01356056 ], [ 135.91392944, 35.01345833 ], [ 135.91329362, 35.01363389 ], [ 135.91236945, 35.01360055 ], [ 135.91174917, 35.01357555 ], [ 135.911536109999986, 35.01355889 ], [ 135.91047611, 35.01206 ], [ 135.91047583, 35.01205945 ], [ 135.90975111, 35.01087333 ], [ 135.90922, 35.00954612 ], [ 135.9090975, 35.00891305 ], [ 135.90901944, 35.00822472 ], [ 135.90897361, 35.00731639 ] ], [ [ 135.914594169999987, 35.00235278 ], [ 135.91455778, 35.00224917 ], [ 135.914573890000014, 35.00221806 ], [ 135.91460722, 35.002205 ], [ 135.91464861, 35.00221334 ], [ 135.91471611, 35.00223889 ], [ 135.91476222, 35.00228416 ], [ 135.91484055, 35.00235861 ], [ 135.91486806, 35.00239222 ], [ 135.915189450000014, 35.00283194 ], [ 135.91527166, 35.00300111 ], [ 135.91527861, 35.00308 ], [ 135.91524972, 35.00309416 ], [ 135.915196939999987, 35.00310194 ], [ 135.91514139, 35.00311361 ], [ 135.9151075, 35.00309111 ], [ 135.91501166, 35.00297834 ], [ 135.914922780000012, 35.00288277 ], [ 135.91485416, 35.00277555 ], [ 135.91479278, 35.00269667 ], [ 135.914765280000012, 35.00264028 ], [ 135.914594169999987, 35.00235278 ] ] ] } }
]
}
